Loss_im,psnr
5849.7383,10.5563
5849.7383,10.5563
5849.7383,10.5563
7793.4876,15.226
7793.4876,15.226
7793.4876,15.226
4555.4554,16.4587
4555.4554,16.4587
4555.4554,16.4587
3136.7965,18.4299
3136.7965,18.4299
3136.7965,18.4299
2376.1997,19.0784
2376.1997,19.0784
2376.1997,19.0784
2054.3778,21.1489
2054.3778,21.1489
2054.3778,21.1489
1717.0417,21.1079
1717.0417,21.1079
1717.0417,21.1079
1466.9868,22.7192
1466.9868,22.7192
1466.9868,22.7192
1565.0106,24.2861
1565.0106,24.2861
1565.0106,24.2861
1381.4294,25.0818
1381.4294,25.0818
1381.4294,25.0818
1183.276,23.4391
1183.276,23.4391
1183.276,23.4391
1183.974,26.8401
1183.974,26.8401
1183.974,26.8401
781.4376,26.592
781.4376,26.592
781.4376,26.592
791.4988,25.9315
791.4988,25.9315
791.4988,25.9315
939.3958,25.8076
939.3958,25.8076
939.3958,25.8076
837.3547,26.1358
837.3547,26.1358
837.3547,26.1358
738.1853,27.4906
738.1853,27.4906
738.1853,27.4906
631.2145,27.8917
631.2145,27.8917
631.2145,27.8917
699.1886,29.4751
699.1886,29.4751
699.1886,29.4751
606.4864,28.0972
606.4864,28.0972
606.4864,28.0972
692.5454,27.7288
692.5454,27.7288
692.5454,27.7288
659.3789,28.8236
659.3789,28.8236
659.3789,28.8236
587.9538,29.0531
587.9538,29.0531
587.9538,29.0531
567.9473,28.4653
567.9473,28.4653
567.9473,28.4653
581.8415,29.218
581.8415,29.218
581.8415,29.218
628.1393,30.4088
628.1393,30.4088
628.1393,30.4088
475.8434,30.1375
475.8434,30.1375
475.8434,30.1375
530.3487,29.1854
530.3487,29.1854
530.3487,29.1854
503.2638,28.8751
503.2638,28.8751
503.2638,28.8751
469.297,30.1909
469.297,30.1909
469.297,30.1909
513.9271,29.7986
513.9271,29.7986
513.9271,29.7986
458.535,30.163
458.535,30.163
458.535,30.163
431.5008,31.1397
431.5008,31.1397
431.5008,31.1397
461.2231,29.7679
461.2231,29.7679
461.2231,29.7679
462.8319,30.2926
462.8319,30.2926
462.8319,30.2926
477.3009,31.1134
477.3009,31.1134
477.3009,31.1134
428.9997,31.3679
428.9997,31.3679
428.9997,31.3679
476.9714,30.2727
476.9714,30.2727
476.9714,30.2727
435.4736,30.9386
435.4736,30.9386
435.4736,30.9386
426.1152,31.2959
426.1152,31.2959
426.1152,31.2959
441.2994,31.3087
441.2994,31.3087
441.2994,31.3087
415.1335,31.4029
415.1335,31.4029
415.1335,31.4029
380.2096,31.5767
380.2096,31.5767
380.2096,31.5767
400.8688,30.7926
400.8688,30.7926
400.8688,30.7926
419.1329,31.8613
419.1329,31.8613
419.1329,31.8613
459.0754,30.712
459.0754,30.712
459.0754,30.712
419.8547,32.6502
419.8547,32.6502
419.8547,32.6502
428.2805,30.532
428.2805,30.532
428.2805,30.532
422.1012,31.8094
422.1012,31.8094
422.1012,31.8094
405.6271,32.4049
405.6271,32.4049
405.6271,32.4049
334.5151,31.383
334.5151,31.383
334.5151,31.383
355.5631,32.4613
355.5631,32.4613
355.5631,32.4613
372.7056,32.2351
372.7056,32.2351
372.7056,32.2351
359.0982,31.7568
359.0982,31.7568
359.0982,31.7568
335.8102,31.5162
335.8102,31.5162
335.8102,31.5162
424.517,32.4298
424.517,32.4298
424.517,32.4298
367.9959,31.1869
367.9959,31.1869
367.9959,31.1869
407.5194,32.0766
407.5194,32.0766
407.5194,32.0766
420.989,32.5712
420.989,32.5712
420.989,32.5712
376.0265,32.3284
376.0265,32.3284
376.0265,32.3284
383.4102,31.6378
383.4102,31.6378
383.4102,31.6378
361.2955,31.8623
361.2955,31.8623
361.2955,31.8623
345.1953,31.8661
345.1953,31.8661
345.1953,31.8661
382.6148,32.4735
382.6148,32.4735
382.6148,32.4735
381.8216,32.4626
381.8216,32.4626
381.8216,32.4626
420.3905,31.9843
420.3905,31.9843
420.3905,31.9843
402.0317,32.3661
402.0317,32.3661
402.0317,32.3661
407.5804,32.2774
407.5804,32.2774
407.5804,32.2774
347.7772,31.5917
347.7772,31.5917
347.7772,31.5917
431.0297,31.1375
431.0297,31.1375
431.0297,31.1375
429.1327,31.3648
429.1327,31.3648
429.1327,31.3648
419.1064,31.2348
419.1064,31.2348
419.1064,31.2348
384.9131,31.4154
384.9131,31.4154
384.9131,31.4154
424.7675,31.1036
424.7675,31.1036
424.7675,31.1036
369.5158,32.1748
369.5158,32.1748
369.5158,32.1748
384.0962,31.7631
384.0962,31.7631
384.0962,31.7631
406.7926,32.9211
406.7926,32.9211
406.7926,32.9211
396.616,32.1836
396.616,32.1836
396.616,32.1836
349.6941,31.923
349.6941,31.923
349.6941,31.923
349.7447,31.5094
349.7447,31.5094
349.7447,31.5094
360.6982,32.292
360.6982,32.292
360.6982,32.292
371.8933,31.9443
371.8933,31.9443
371.8933,31.9443
361.7732,31.3482
361.7732,31.3482
361.7732,31.3482
433.5103,33.0917
433.5103,33.0917
433.5103,33.0917
396.5186,31.7275
396.5186,31.7275
396.5186,31.7275
410.1788,30.8341
410.1788,30.8341
410.1788,30.8341
395.0525,31.9709
395.0525,31.9709
395.0525,31.9709
392.6184,32.4508
392.6184,32.4508
392.6184,32.4508
399.566,31.9012
399.566,31.9012
399.566,31.9012
406.7813,33.8519
406.7813,33.8519
406.7813,33.8519
364.0786,31.756
364.0786,31.756
364.0786,31.756
377.4231,32.5512
377.4231,32.5512
377.4231,32.5512
382.9753,32.1886
382.9753,32.1886
382.9753,32.1886
382.8579,32.852
382.8579,32.852
382.8579,32.852
404.0319,32.1545
404.0319,32.1545
404.0319,32.1545
414.111,33.1274
414.111,33.1274
414.111,33.1274
347.7759,32.2557
347.7759,32.2557
347.7759,32.2557
441.7037,32.5499
441.7037,32.5499
441.7037,32.5499
389.3406,32.8877
389.3406,32.8877
389.3406,32.8877
373.3378,33.1475
373.3378,33.1475
373.3378,33.1475
374.7403,31.6518
374.7403,31.6518
374.7403,31.6518
377.814,33.4603
377.814,33.4603
377.814,33.4603
357.1396,32.7037
357.1396,32.7037
357.1396,32.7037
347.6635,33.5007
347.6635,33.5007
347.6635,33.5007
344.7502,32.9908
344.7502,32.9908
344.7502,32.9908
365.6978,32.1151
365.6978,32.1151
365.6978,32.1151
374.8046,33.0764
374.8046,33.0764
374.8046,33.0764
351.7482,33.9754
351.7482,33.9754
351.7482,33.9754
353.9691,31.0043
353.9691,31.0043
353.9691,31.0043
408.3737,32.3999
408.3737,32.3999
408.3737,32.3999
369.5558,32.6753
369.5558,32.6753
369.5558,32.6753
368.2633,31.7525
368.2633,31.7525
368.2633,31.7525
418.4065,32.8483
418.4065,32.8483
418.4065,32.8483
438.6011,32.7201
438.6011,32.7201
438.6011,32.7201
414.9465,32.3537
414.9465,32.3537
414.9465,32.3537
393.5382,32.8647
393.5382,32.8647
393.5382,32.8647
378.4784,33.8318
378.4784,33.8318
378.4784,33.8318
371.5503,33.1481
371.5503,33.1481
371.5503,33.1481
364.2323,32.0179
364.2323,32.0179
364.2323,32.0179
402.5022,33.8904
402.5022,33.8904
402.5022,33.8904
393.1634,31.8597
393.1634,31.8597
393.1634,31.8597
417.2189,34.384
417.2189,34.384
417.2189,34.384
293.1875,31.6474
293.1875,31.6474
293.1875,31.6474
397.4744,31.9476
397.4744,31.9476
397.4744,31.9476
335.4343,32.9299
335.4343,32.9299
335.4343,32.9299
400.5023,33.8145
400.5023,33.8145
400.5023,33.8145
357.2306,32.385
357.2306,32.385
357.2306,32.385
388.4241,33.6162
388.4241,33.6162
388.4241,33.6162
362.1185,33.6479
362.1185,33.6479
362.1185,33.6479
369.352,33.5242
369.352,33.5242
369.352,33.5242
365.947,32.5244
365.947,32.5244
365.947,32.5244
390.772,33.1054
390.772,33.1054
390.772,33.1054
381.3291,32.4763
381.3291,32.4763
381.3291,32.4763
317.5399,33.0844
317.5399,33.0844
317.5399,33.0844
370.3907,32.1643
370.3907,32.1643
370.3907,32.1643
320.862,33.7286
320.862,33.7286
320.862,33.7286
292.1124,33.8876
292.1124,33.8876
292.1124,33.8876
342.5486,32.8466
342.5486,32.8466
342.5486,32.8466
299.892,33.7859
299.892,33.7859
299.892,33.7859
354.2688,33.4329
354.2688,33.4329
354.2688,33.4329
357.8288,34.2017
357.8288,34.2017
357.8288,34.2017
276.5759,32.5951
276.5759,32.5951
276.5759,32.5951
300.6069,33.0616
300.6069,33.0616
300.6069,33.0616
327.7624,33.4314
327.7624,33.4314
327.7624,33.4314
294.8841,33.5048
294.8841,33.5048
294.8841,33.5048
306.469,33.3095
306.469,33.3095
306.469,33.3095
354.861,34.282
354.861,34.282
354.861,34.282
353.2083,32.9471
353.2083,32.9471
353.2083,32.9471
339.8998,33.1822
339.8998,33.1822
339.8998,33.1822
322.663,34.3354
322.663,34.3354
322.663,34.3354
339.0727,33.3253
339.0727,33.3253
339.0727,33.3253
317.2623,32.942
317.2623,32.942
317.2623,32.942
366.7538,32.7077
366.7538,32.7077
366.7538,32.7077
293.8116,33.9386
293.8116,33.9386
293.8116,33.9386
331.2325,34.0047
331.2325,34.0047
331.2325,34.0047
331.2787,33.5453
331.2787,33.5453
331.2787,33.5453
315.2056,33.5771
315.2056,33.5771
315.2056,33.5771
301.0495,34.4793
301.0495,34.4793
301.0495,34.4793
344.6685,33.9915
344.6685,33.9915
344.6685,33.9915
368.0709,33.4319
368.0709,33.4319
368.0709,33.4319
347.9791,32.5078
347.9791,32.5078
347.9791,32.5078
350.6773,33.6789
350.6773,33.6789
350.6773,33.6789
335.2837,33.8157
335.2837,33.8157
335.2837,33.8157
342.0266,33.794
342.0266,33.794
342.0266,33.794
340.3511,32.6301
340.3511,32.6301
340.3511,32.6301
324.1265,33.5572
324.1265,33.5572
324.1265,33.5572
327.0005,33.7517
327.0005,33.7517
327.0005,33.7517
318.2074,32.995
318.2074,32.995
318.2074,32.995
340.7853,31.9866
340.7853,31.9866
340.7853,31.9866
351.9394,33.3657
351.9394,33.3657
351.9394,33.3657
357.5096,34.6069
357.5096,34.6069
357.5096,34.6069
337.6864,33.1937
337.6864,33.1937
337.6864,33.1937
345.8155,33.2204
345.8155,33.2204
345.8155,33.2204
415.8454,33.6244
415.8454,33.6244
415.8454,33.6244
367.307,32.2997
367.307,32.2997
367.307,32.2997
360.9995,32.8877
360.9995,32.8877
360.9995,32.8877
329.6314,33.0201
329.6314,33.0201
329.6314,33.0201
358.4136,33.7496
358.4136,33.7496
358.4136,33.7496
368.5983,33.0367
368.5983,33.0367
368.5983,33.0367
353.475,33.9624
353.475,33.9624
353.475,33.9624
307.1654,32.6399
307.1654,32.6399
307.1654,32.6399
392.4828,32.7754
392.4828,32.7754
392.4828,32.7754
354.751,32.8674
354.751,32.8674
354.751,32.8674
338.5267,32.6608
338.5267,32.6608
338.5267,32.6608
332.6962,33.799
332.6962,33.799
332.6962,33.799
349.4049,33.9887
349.4049,33.9887
349.4049,33.9887
331.7975,32.9381
331.7975,32.9381
331.7975,32.9381
374.8672,33.375
374.8672,33.375
374.8672,33.375
386.0382,33.0224
386.0382,33.0224
386.0382,33.0224
349.8105,34.5855
349.8105,34.5855
349.8105,34.5855
384.9115,33.2394
384.9115,33.2394
384.9115,33.2394
355.496,33.0825
355.496,33.0825
355.496,33.0825
356.6368,33.4008
356.6368,33.4008
356.6368,33.4008
370.3813,33.4906
370.3813,33.4906
370.3813,33.4906
342.0726,32.4344
342.0726,32.4344
342.0726,32.4344
398.4881,33.4552
398.4881,33.4552
398.4881,33.4552
353.7019,33.3496
353.7019,33.3496
353.7019,33.3496
334.3748,33.7517
334.3748,33.7517
334.3748,33.7517
393.7857,33.8991
393.7857,33.8991
393.7857,33.8991
395.8883,34.0083
395.8883,34.0083
395.8883,34.0083
355.5063,32.6075
355.5063,32.6075
355.5063,32.6075
416.1556,33.9933
416.1556,33.9933
416.1556,33.9933
383.7872,32.9675
383.7872,32.9675
383.7872,32.9675
389.4801,32.3635
389.4801,32.3635
389.4801,32.3635
426.0639,32.9571
426.0639,32.9571
426.0639,32.9571
391.5023,33.1582
391.5023,33.1582
391.5023,33.1582
391.4815,33.5335
391.4815,33.5335
391.4815,33.5335
431.5062,32.9391
431.5062,32.9391
431.5062,32.9391
428.4923,32.7545
428.4923,32.7545
428.4923,32.7545
349.0887,33.3452
349.0887,33.3452
349.0887,33.3452
389.4649,34.2321
389.4649,34.2321
389.4649,34.2321
371.1192,34.4389
371.1192,34.4389
371.1192,34.4389
325.5877,32.3631
325.5877,32.3631
325.5877,32.3631
374.5084,33.9012
374.5084,33.9012
374.5084,33.9012
348.1806,32.7644
348.1806,32.7644
348.1806,32.7644
367.1806,34.9328
367.1806,34.9328
367.1806,34.9328
348.3891,33.0174
348.3891,33.0174
348.3891,33.0174
396.7159,34.1343
396.7159,34.1343
396.7159,34.1343
365.3289,32.6991
365.3289,32.6991
365.3289,32.6991
390.8004,33.0372
390.8004,33.0372
390.8004,33.0372
403.4637,34.7153
403.4637,34.7153
403.4637,34.7153
357.3569,31.9893
357.3569,31.9893
357.3569,31.9893
330.9247,33.1292
330.9247,33.1292
330.9247,33.1292
390.2225,33.2138
390.2225,33.2138
390.2225,33.2138
384.3977,33.9197
384.3977,33.9197
384.3977,33.9197
379.3057,33.7833
379.3057,33.7833
379.3057,33.7833
334.9364,34.3732
334.9364,34.3732
334.9364,34.3732
320.8455,33.8099
320.8455,33.8099
320.8455,33.8099
311.1922,33.1772
311.1922,33.1772
311.1922,33.1772
344.1984,31.9069
344.1984,31.9069
344.1984,31.9069
416.1309,33.1263
416.1309,33.1263
416.1309,33.1263
357.8007,32.3335
357.8007,32.3335
357.8007,32.3335
448.4564,35.6079
448.4564,35.6079
448.4564,35.6079
313.9496,32.4965
313.9496,32.4965
313.9496,32.4965
402.4288,33.9888
402.4288,33.9888
402.4288,33.9888
358.4597,33.4699
358.4597,33.4699
358.4597,33.4699
330.218,31.7414
330.218,31.7414
330.218,31.7414
442.3098,33.6825
442.3098,33.6825
442.3098,33.6825
404.8943,32.4762
404.8943,32.4762
404.8943,32.4762
332.8466,32.7612
332.8466,32.7612
332.8466,32.7612
380.2485,32.4297
380.2485,32.4297
380.2485,32.4297
401.4094,34.7202
401.4094,34.7202
401.4094,34.7202
364.784,33.3385
364.784,33.3385
364.784,33.3385
342.3976,33.5922
342.3976,33.5922
342.3976,33.5922
305.1152,34.2043
305.1152,34.2043
305.1152,34.2043
357.6753,33.7017
357.6753,33.7017
357.6753,33.7017
334.875,33.6679
334.875,33.6679
334.875,33.6679
374.1191,33.3602
374.1191,33.3602
374.1191,33.3602
346.0327,34.0708
346.0327,34.0708
346.0327,34.0708
299.9025,34.0664
299.9025,34.0664
299.9025,34.0664
367.1492,34.474
367.1492,34.474
367.1492,34.474
332.8998,33.2847
332.8998,33.2847
332.8998,33.2847
382.6197,34.78
382.6197,34.78
382.6197,34.78
389.8256,35.4415
389.8256,35.4415
389.8256,35.4415
319.4333,32.6986
319.4333,32.6986
319.4333,32.6986
400.0956,33.5232
400.0956,33.5232
400.0956,33.5232
317.0004,35.1805
317.0004,35.1805
317.0004,35.1805
330.7048,33.3857
330.7048,33.3857
330.7048,33.3857
363.7797,33.166
363.7797,33.166
363.7797,33.166
375.5229,33.0713
375.5229,33.0713
375.5229,33.0713
361.4878,33.6305
361.4878,33.6305
361.4878,33.6305
351.6619,33.6094
351.6619,33.6094
351.6619,33.6094
332.7451,33.6912
332.7451,33.6912
332.7451,33.6912
361.612,35.1549
361.612,35.1549
361.612,35.1549
379.1247,33.8749
379.1247,33.8749
379.1247,33.8749
336.3231,33.8202
336.3231,33.8202
336.3231,33.8202
359.7227,35.1856
359.7227,35.1856
359.7227,35.1856
324.0416,34.2294
324.0416,34.2294
324.0416,34.2294
333.7785,35.1716
333.7785,35.1716
333.7785,35.1716
317.143,32.9192
317.143,32.9192
317.143,32.9192
352.8626,34.0994
352.8626,34.0994
352.8626,34.0994
310.2595,35.2392
310.2595,35.2392
310.2595,35.2392
314.943,34.9314
314.943,34.9314
314.943,34.9314
323.4288,34.9654
323.4288,34.9654
323.4288,34.9654
306.5335,33.2609
306.5335,33.2609
306.5335,33.2609
316.0568,34.3556
316.0568,34.3556
316.0568,34.3556
355.1094,34.6073
355.1094,34.6073
355.1094,34.6073
345.6167,34.966
345.6167,34.966
345.6167,34.966
331.4906,34.3065
331.4906,34.3065
331.4906,34.3065
293.7075,33.7202
293.7075,33.7202
293.7075,33.7202
302.8324,35.853
302.8324,35.853
302.8324,35.853
293.0921,34.8253
293.0921,34.8253
293.0921,34.8253
299.9957,34.1184
299.9957,34.1184
299.9957,34.1184
304.1274,35.6145
304.1274,35.6145
304.1274,35.6145
308.8446,33.2622
308.8446,33.2622
308.8446,33.2622
292.3421,35.0293
292.3421,35.0293
292.3421,35.0293
305.272,33.3722
305.272,33.3722
305.272,33.3722
275.9392,34.9438
275.9392,34.9438
275.9392,34.9438
283.2483,34.5958
283.2483,34.5958
283.2483,34.5958
294.9006,33.7977
294.9006,33.7977
294.9006,33.7977
287.987,34.4247
287.987,34.4247
287.987,34.4247
279.89,34.8301
279.89,34.8301
279.89,34.8301
306.5313,34.5181
306.5313,34.5181
306.5313,34.5181
295.3092,34.2343
295.3092,34.2343
295.3092,34.2343
285.8831,33.5749
285.8831,33.5749
285.8831,33.5749
273.2523,34.1665
273.2523,34.1665
273.2523,34.1665
290.8913,35.4717
290.8913,35.4717
290.8913,35.4717
277.3923,34.6311
277.3923,34.6311
277.3923,34.6311
278.1125,34.1423
278.1125,34.1423
278.1125,34.1423
295.5759,35.8839
295.5759,35.8839
295.5759,35.8839
251.8262,34.9967
251.8262,34.9967
251.8262,34.9967
263.7927,36.1694
263.7927,36.1694
263.7927,36.1694
268.7082,34.424
268.7082,34.424
268.7082,34.424
284.5558,34.672
284.5558,34.672
284.5558,34.672
272.2264,37.1714
272.2264,37.1714
272.2264,37.1714
299.6169,34.8886
299.6169,34.8886
299.6169,34.8886
314.5663,34.5544
314.5663,34.5544
314.5663,34.5544
283.939,34.4174
283.939,34.4174
283.939,34.4174
266.6436,36.1376
266.6436,36.1376
266.6436,36.1376
277.6818,34.8918
277.6818,34.8918
277.6818,34.8918
275.3815,35.3066
275.3815,35.3066
275.3815,35.3066
265.1675,34.4468
265.1675,34.4468
265.1675,34.4468
269.1514,35.1362
269.1514,35.1362
269.1514,35.1362
269.3235,33.1873
269.3235,33.1873
269.3235,33.1873
345.6536,35.1297
345.6536,35.1297
345.6536,35.1297
251.4142,35.1343
251.4142,35.1343
251.4142,35.1343
264.9882,34.4013
264.9882,34.4013
264.9882,34.4013
293.7916,34.4626
293.7916,34.4626
293.7916,34.4626
294.7534,34.8885
294.7534,34.8885
294.7534,34.8885
298.1105,35.6666
298.1105,35.6666
298.1105,35.6666
274.3007,35.3413
274.3007,35.3413
274.3007,35.3413
285.6651,33.7221
285.6651,33.7221
285.6651,33.7221
325.1138,34.7033
325.1138,34.7033
325.1138,34.7033
271.8515,35.7912
271.8515,35.7912
271.8515,35.7912
293.4192,35.5105
293.4192,35.5105
293.4192,35.5105
282.1941,35.4294
282.1941,35.4294
282.1941,35.4294
269.3685,35.5889
269.3685,35.5889
269.3685,35.5889
289.5112,35.4151
289.5112,35.4151
289.5112,35.4151
258.9448,34.9805
258.9448,34.9805
258.9448,34.9805
256.5346,33.9437
256.5346,33.9437
256.5346,33.9437
297.3139,34.0901
297.3139,34.0901
297.3139,34.0901
267.8244,35.7684
267.8244,35.7684
267.8244,35.7684
302.4895,35.4462
302.4895,35.4462
302.4895,35.4462
332.6123,35.581
332.6123,35.581
332.6123,35.581
330.2947,33.6074
330.2947,33.6074
330.2947,33.6074
323.8937,33.8895
323.8937,33.8895
323.8937,33.8895
288.5682,34.6492
288.5682,34.6492
288.5682,34.6492
332.4158,34.0737
332.4158,34.0737
332.4158,34.0737
299.9011,33.9371
299.9011,33.9371
299.9011,33.9371
295.2705,34.9534
295.2705,34.9534
295.2705,34.9534
314.4077,35.0785
314.4077,35.0785
314.4077,35.0785
299.8521,36.1504
299.8521,36.1504
299.8521,36.1504
296.641,34.2676
296.641,34.2676
296.641,34.2676
294.0552,34.6065
294.0552,34.6065
294.0552,34.6065
273.7167,35.3328
273.7167,35.3328
273.7167,35.3328
312.7039,36.1553
312.7039,36.1553
312.7039,36.1553
291.3638,34.696
291.3638,34.696
291.3638,34.696
324.0002,34.6039
324.0002,34.6039
324.0002,34.6039
294.551,34.1307
294.551,34.1307
294.551,34.1307
301.0051,34.8734
301.0051,34.8734
301.0051,34.8734
356.4676,35.112
356.4676,35.112
356.4676,35.112
272.3613,35.4035
272.3613,35.4035
272.3613,35.4035
313.4197,34.9505
313.4197,34.9505
313.4197,34.9505
299.1566,34.3594
299.1566,34.3594
299.1566,34.3594
284.1385,34.7631
284.1385,34.7631
284.1385,34.7631
259.2931,36.3366
259.2931,36.3366
259.2931,36.3366
262.6618,35.1532
262.6618,35.1532
262.6618,35.1532
255.2971,34.9253
255.2971,34.9253
255.2971,34.9253
246.6731,35.1967
246.6731,35.1967
246.6731,35.1967
256.522,35.8612
256.522,35.8612
256.522,35.8612
276.2281,35.2503
276.2281,35.2503
276.2281,35.2503
255.4223,35.0783
255.4223,35.0783
255.4223,35.0783
251.8908,35.4048
251.8908,35.4048
251.8908,35.4048
289.0099,34.5004
289.0099,34.5004
289.0099,34.5004
261.1949,34.0958
261.1949,34.0958
261.1949,34.0958
275.7198,34.2823
275.7198,34.2823
275.7198,34.2823
299.9453,34.4185
299.9453,34.4185
299.9453,34.4185
316.8079,33.0891
316.8079,33.0891
316.8079,33.0891
312.4279,34.8503
312.4279,34.8503
312.4279,34.8503
271.705,35.2855
271.705,35.2855
271.705,35.2855
243.9959,36.1256
243.9959,36.1256
243.9959,36.1256
280.1949,35.8142
280.1949,35.8142
280.1949,35.8142
248.7507,34.8731
248.7507,34.8731
248.7507,34.8731
293.0702,35.6888
293.0702,35.6888
293.0702,35.6888
345.4126,35.8002
345.4126,35.8002
345.4126,35.8002
272.5927,35.7759
272.5927,35.7759
272.5927,35.7759
311.1446,35.6253
311.1446,35.6253
311.1446,35.6253
250.1559,34.5626
250.1559,34.5626
250.1559,34.5626
310.588,35.1506
310.588,35.1506
310.588,35.1506
278.7166,35.0471
278.7166,35.0471
278.7166,35.0471
274.5558,35.3832
274.5558,35.3832
274.5558,35.3832
290.1163,35.4967
290.1163,35.4967
290.1163,35.4967
299.4805,35.9052
299.4805,35.9052
299.4805,35.9052
242.5318,34.58
242.5318,34.58
242.5318,34.58
298.3007,36.3854
298.3007,36.3854
298.3007,36.3854
298.851,34.981
298.851,34.981
298.851,34.981
293.6083,35.6167
293.6083,35.6167
293.6083,35.6167
299.0617,35.8013
299.0617,35.8013
299.0617,35.8013
306.3883,36.0529
306.3883,36.0529
306.3883,36.0529
293.2773,34.7555
293.2773,34.7555
293.2773,34.7555
270.5089,37.0152
270.5089,37.0152
270.5089,37.0152
283.4938,36.094
283.4938,36.094
283.4938,36.094
279.1739,35.6316
279.1739,35.6316
279.1739,35.6316
278.5759,35.7538
278.5759,35.7538
278.5759,35.7538
269.7972,34.6382
269.7972,34.6382
269.7972,34.6382
257.6311,36.1555
257.6311,36.1555
257.6311,36.1555
254.8808,36.4271
254.8808,36.4271
254.8808,36.4271
268.3757,35.6511
268.3757,35.6511
268.3757,35.6511
280.6593,34.9342
280.6593,34.9342
280.6593,34.9342
269.3749,36.0284
269.3749,36.0284
269.3749,36.0284
288.7435,36.0713
288.7435,36.0713
288.7435,36.0713
264.972,36.8462
264.972,36.8462
264.972,36.8462
283.9565,36.7261
283.9565,36.7261
283.9565,36.7261
257.4745,36.6669
257.4745,36.6669
257.4745,36.6669
275.821,35.4642
275.821,35.4642
275.821,35.4642
262.1726,35.192
262.1726,35.192
262.1726,35.192
251.7391,36.8506
251.7391,36.8506
251.7391,36.8506
248.3028,35.7651
248.3028,35.7651
248.3028,35.7651
262.4276,35.7263
262.4276,35.7263
262.4276,35.7263
251.5619,35.2282
251.5619,35.2282
251.5619,35.2282
283.2808,36.8507
283.2808,36.8507
283.2808,36.8507
269.2422,35.0801
269.2422,35.0801
269.2422,35.0801
278.3737,35.7687
278.3737,35.7687
278.3737,35.7687
241.788,36.1435
241.788,36.1435
241.788,36.1435
279.3865,36.859
279.3865,36.859
279.3865,36.859
292.5731,36.7366
292.5731,36.7366
292.5731,36.7366
243.8643,36.7059
243.8643,36.7059
243.8643,36.7059
228.8558,35.7145
228.8558,35.7145
228.8558,35.7145
257.9316,36.1066
257.9316,36.1066
257.9316,36.1066
250.7656,35.3223
250.7656,35.3223
250.7656,35.3223
268.8352,35.3017
268.8352,35.3017
268.8352,35.3017
272.7938,36.6682
272.7938,36.6682
272.7938,36.6682
254.1762,34.8843
254.1762,34.8843
254.1762,34.8843
283.1133,36.1188
283.1133,36.1188
283.1133,36.1188
248.1134,36.8206
248.1134,36.8206
248.1134,36.8206
274.7332,36.8621
274.7332,36.8621
274.7332,36.8621
265.1682,35.7547
265.1682,35.7547
265.1682,35.7547
285.5368,35.9169
285.5368,35.9169
285.5368,35.9169
296.3846,35.8614
296.3846,35.8614
296.3846,35.8614
277.5086,35.5559
277.5086,35.5559
277.5086,35.5559
235.5748,34.5038
235.5748,34.5038
235.5748,34.5038
296.0389,35.9057
296.0389,35.9057
296.0389,35.9057
265.0582,36.157
265.0582,36.157
265.0582,36.157
266.884,35.127
266.884,35.127
266.884,35.127
327.487,35.697
327.487,35.697
327.487,35.697
308.1175,35.3591
308.1175,35.3591
308.1175,35.3591
262.3766,35.2142
262.3766,35.2142
262.3766,35.2142
267.8432,35.9537
267.8432,35.9537
267.8432,35.9537
303.2159,35.8302
303.2159,35.8302
303.2159,35.8302
274.9438,36.3127
274.9438,36.3127
274.9438,36.3127
274.4474,35.4386
274.4474,35.4386
274.4474,35.4386
318.2053,36.4363
318.2053,36.4363
318.2053,36.4363
269.4537,35.8938
269.4537,35.8938
269.4537,35.8938
268.5606,36.7172
268.5606,36.7172
268.5606,36.7172
255.8798,35.5569
255.8798,35.5569
255.8798,35.5569
291.3683,36.6087
291.3683,36.6087
291.3683,36.6087
263.2492,35.4528
263.2492,35.4528
263.2492,35.4528
290.2708,35.3938
290.2708,35.3938
290.2708,35.3938
280.3487,36.6311
280.3487,36.6311
280.3487,36.6311
246.5555,36.6067
246.5555,36.6067
246.5555,36.6067
258.2812,37.908
258.2812,37.908
258.2812,37.908
261.6229,35.6659
261.6229,35.6659
261.6229,35.6659
273.4406,36.3376
273.4406,36.3376
273.4406,36.3376
235.1073,37.4272
235.1073,37.4272
235.1073,37.4272
268.995,36.3692
268.995,36.3692
268.995,36.3692
252.7619,37.2882
252.7619,37.2882
252.7619,37.2882
231.9732,35.4823
231.9732,35.4823
231.9732,35.4823
270.3118,36.448
270.3118,36.448
270.3118,36.448
274.3223,35.776
274.3223,35.776
274.3223,35.776
271.2263,37.9777
271.2263,37.9777
271.2263,37.9777
195.866,36.8895
195.866,36.8895
195.866,36.8895
281.0657,36.396
281.0657,36.396
281.0657,36.396
264.2386,36.9764
264.2386,36.9764
264.2386,36.9764
238.4696,36.2347
238.4696,36.2347
238.4696,36.2347
272.0365,36.1608
272.0365,36.1608
272.0365,36.1608
234.1779,35.7221
234.1779,35.7221
234.1779,35.7221
282.9978,37.7057
282.9978,37.7057
282.9978,37.7057
256.9784,34.866
256.9784,34.866
256.9784,34.866
259.0132,36.3719
259.0132,36.3719
259.0132,36.3719
234.9954,36.4597
234.9954,36.4597
234.9954,36.4597
240.9239,36.9189
240.9239,36.9189
240.9239,36.9189
228.1929,37.3012
228.1929,37.3012
228.1929,37.3012
247.6465,37.3549
247.6465,37.3549
247.6465,37.3549
246.5523,36.1943
246.5523,36.1943
246.5523,36.1943
238.6832,36.1415
238.6832,36.1415
238.6832,36.1415
244.2682,36.7455
244.2682,36.7455
244.2682,36.7455
238.2408,36.3084
238.2408,36.3084
238.2408,36.3084
261.0684,37.2419
261.0684,37.2419
261.0684,37.2419
208.7239,36.3659
208.7239,36.3659
208.7239,36.3659
265.1722,35.7012
265.1722,35.7012
265.1722,35.7012
263.1253,36.3629
263.1253,36.3629
263.1253,36.3629
239.548,36.769
239.548,36.769
239.548,36.769
227.1431,36.3664
227.1431,36.3664
227.1431,36.3664
257.7912,36.304
257.7912,36.304
257.7912,36.304
205.1168,36.1784
205.1168,36.1784
205.1168,36.1784
278.1506,37.6816
278.1506,37.6816
278.1506,37.6816
209.9479,37.0841
209.9479,37.0841
209.9479,37.0841
248.7546,37.3698
248.7546,37.3698
248.7546,37.3698
247.3598,37.0436
247.3598,37.0436
247.3598,37.0436
232.8556,37.2931
232.8556,37.2931
232.8556,37.2931
267.9957,37.1542
267.9957,37.1542
267.9957,37.1542
231.644,35.8094
231.644,35.8094
231.644,35.8094
259.8954,37.3388
259.8954,37.3388
259.8954,37.3388
234.3722,37.3874
234.3722,37.3874
234.3722,37.3874
209.5081,36.5225
209.5081,36.5225
209.5081,36.5225
232.4336,36.4729
232.4336,36.4729
232.4336,36.4729
247.2069,38.3266
247.2069,38.3266
247.2069,38.3266
201.8708,37.7909
201.8708,37.7909
201.8708,37.7909
257.8694,37.3118
257.8694,37.3118
257.8694,37.3118
229.7192,37.6921
229.7192,37.6921
229.7192,37.6921
248.1019,38.3684
248.1019,38.3684
248.1019,38.3684
224.0528,35.846
224.0528,35.846
224.0528,35.846
181.329,37.1532
181.329,37.1532
181.329,37.1532
206.988,37.031
206.988,37.031
206.988,37.031
249.68,37.4615
249.68,37.4615
249.68,37.4615
175.4582,37.5159
175.4582,37.5159
175.4582,37.5159
191.2255,37.3032
191.2255,37.3032
191.2255,37.3032
217.8612,37.0858
217.8612,37.0858
217.8612,37.0858
217.0087,38.365
217.0087,38.365
217.0087,38.365
228.191,36.9756
228.191,36.9756
228.191,36.9756
242.9456,36.4335
242.9456,36.4335
242.9456,36.4335
172.1862,37.0473
172.1862,37.0473
172.1862,37.0473
218.3967,37.2681
218.3967,37.2681
218.3967,37.2681
220.2517,37.6853
220.2517,37.6853
220.2517,37.6853
241.372,37.4883
241.372,37.4883
241.372,37.4883
224.6283,36.6592
224.6283,36.6592
224.6283,36.6592
254.67,37.2441
254.67,37.2441
254.67,37.2441
218.9222,37.0382
218.9222,37.0382
218.9222,37.0382
231.5312,37.4399
231.5312,37.4399
231.5312,37.4399
225.3187,37.0251
225.3187,37.0251
225.3187,37.0251
236.4097,36.9067
236.4097,36.9067
236.4097,36.9067
239.1759,35.2867
239.1759,35.2867
239.1759,35.2867
277.3536,36.9325
277.3536,36.9325
277.3536,36.9325
270.509,36.1076
270.509,36.1076
270.509,36.1076
271.4402,37.3215
271.4402,37.3215
271.4402,37.3215
267.9783,36.7688
267.9783,36.7688
267.9783,36.7688
252.1688,37.2433
252.1688,37.2433
252.1688,37.2433
250.446,37.6434
250.446,37.6434
250.446,37.6434
253.3427,37.0167
253.3427,37.0167
253.3427,37.0167
234.2392,37.1809
234.2392,37.1809
234.2392,37.1809
250.6334,36.3743
250.6334,36.3743
250.6334,36.3743
199.9503,36.9567
199.9503,36.9567
199.9503,36.9567
258.1315,36.313
258.1315,36.313
258.1315,36.313
223.3864,36.3255
223.3864,36.3255
223.3864,36.3255
229.8509,37.1595
229.8509,37.1595
229.8509,37.1595
242.1826,37.5302
242.1826,37.5302
242.1826,37.5302
227.393,35.54
227.393,35.54
227.393,35.54
240.8543,37.55
240.8543,37.55
240.8543,37.55
213.5382,37.8471
213.5382,37.8471
213.5382,37.8471
236.6998,36.9462
236.6998,36.9462
236.6998,36.9462
231.748,37.9538
231.748,37.9538
231.748,37.9538
261.8625,37.0694
261.8625,37.0694
261.8625,37.0694
235.5641,36.7999
235.5641,36.7999
235.5641,36.7999
256.7329,37.1426
256.7329,37.1426
256.7329,37.1426
231.6197,37.7859
231.6197,37.7859
231.6197,37.7859
213.079,38.1451
213.079,38.1451
213.079,38.1451
254.4205,38.5698
254.4205,38.5698
254.4205,38.5698
241.4293,36.347
241.4293,36.347
241.4293,36.347
220.6718,36.5418
220.6718,36.5418
220.6718,36.5418
235.9685,37.741
235.9685,37.741
235.9685,37.741
205.7198,37.3636
205.7198,37.3636
205.7198,37.3636
220.4505,37.8604
220.4505,37.8604
220.4505,37.8604
225.0726,37.4002
225.0726,37.4002
225.0726,37.4002
243.8473,36.5217
243.8473,36.5217
243.8473,36.5217
248.0999,36.137
248.0999,36.137
248.0999,36.137
258.5247,36.2944
258.5247,36.2944
258.5247,36.2944
247.8755,37.2428
247.8755,37.2428
247.8755,37.2428
224.1448,37.1152
224.1448,37.1152
224.1448,37.1152
241.4484,37.366
241.4484,37.366
241.4484,37.366
256.8203,36.817
256.8203,36.817
256.8203,36.817
264.4347,38.038
264.4347,38.038
264.4347,38.038
268.5789,38.2908
268.5789,38.2908
268.5789,38.2908
236.4303,37.0145
236.4303,37.0145
236.4303,37.0145
230.9008,37.9614
230.9008,37.9614
230.9008,37.9614
223.6921,38.6178
223.6921,38.6178
223.6921,38.6178
236.6887,37.3783
236.6887,37.3783
236.6887,37.3783
252.4132,36.5918
252.4132,36.5918
252.4132,36.5918
265.0374,38.2538
265.0374,38.2538
265.0374,38.2538
222.2939,37.1491
222.2939,37.1491
222.2939,37.1491
242.0648,37.6814
242.0648,37.6814
242.0648,37.6814
225.6638,37.6145
225.6638,37.6145
225.6638,37.6145
251.9221,38.0261
251.9221,38.0261
251.9221,38.0261
220.2008,38.169
220.2008,38.169
220.2008,38.169
233.7691,37.7819
233.7691,37.7819
233.7691,37.7819
219.2311,36.9135
219.2311,36.9135
219.2311,36.9135
253.7238,38.0011
253.7238,38.0011
253.7238,38.0011
258.0959,37.0973
258.0959,37.0973
258.0959,37.0973
231.5474,36.1555
231.5474,36.1555
231.5474,36.1555
283.8176,37.6653
283.8176,37.6653
283.8176,37.6653
204.8571,37.3985
204.8571,37.3985
204.8571,37.3985
239.7762,36.8091
239.7762,36.8091
239.7762,36.8091
208.5742,37.8179
208.5742,37.8179
208.5742,37.8179
224.08,37.2503
224.08,37.2503
224.08,37.2503
206.9196,36.8367
206.9196,36.8367
206.9196,36.8367
242.8175,37.8887
242.8175,37.8887
242.8175,37.8887
205.6729,37.4359
205.6729,37.4359
205.6729,37.4359
237.7654,38.4652
237.7654,38.4652
237.7654,38.4652
219.6578,38.5795
219.6578,38.5795
219.6578,38.5795
216.1364,37.5144
216.1364,37.5144
216.1364,37.5144
229.4533,38.1048
229.4533,38.1048
229.4533,38.1048
242.8472,37.592
242.8472,37.592
242.8472,37.592
209.0149,36.9049
209.0149,36.9049
209.0149,36.9049
246.8122,38.8464
246.8122,38.8464
246.8122,38.8464
194.9698,37.798
194.9698,37.798
194.9698,37.798
213.1927,36.7438
213.1927,36.7438
213.1927,36.7438
223.8033,37.7955
223.8033,37.7955
223.8033,37.7955
257.0626,38.4541
257.0626,38.4541
257.0626,38.4541
219.9373,37.7394
219.9373,37.7394
219.9373,37.7394
210.7636,37.1639
210.7636,37.1639
210.7636,37.1639
205.2213,38.1914
205.2213,38.1914
205.2213,38.1914
250.0019,36.9919
250.0019,36.9919
250.0019,36.9919
216.9144,36.5961
216.9144,36.5961
216.9144,36.5961
258.8151,38.7302
258.8151,38.7302
258.8151,38.7302
229.7335,38.2639
229.7335,38.2639
229.7335,38.2639
260.3286,38.9165
260.3286,38.9165
260.3286,38.9165
224.0071,38.5968
224.0071,38.5968
224.0071,38.5968
238.7571,37.6755
238.7571,37.6755
238.7571,37.6755
220.4464,38.4544
220.4464,38.4544
220.4464,38.4544
216.0524,38.3029
216.0524,38.3029
216.0524,38.3029
234.1263,37.3945
234.1263,37.3945
234.1263,37.3945
254.0579,38.0728
254.0579,38.0728
254.0579,38.0728
203.9283,38.222
203.9283,38.222
203.9283,38.222
191.8983,37.3306
191.8983,37.3306
191.8983,37.3306
209.0675,38.4339
209.0675,38.4339
209.0675,38.4339
227.4043,37.844
227.4043,37.844
227.4043,37.844
220.8368,37.3652
220.8368,37.3652
220.8368,37.3652
208.2238,38.2033
208.2238,38.2033
208.2238,38.2033
204.846,37.837
204.846,37.837
204.846,37.837
204.976,37.1464
204.976,37.1464
204.976,37.1464
211.1013,38.9486
211.1013,38.9486
211.1013,38.9486
185.1991,39.2325
185.1991,39.2325
185.1991,39.2325
205.2326,39.5263
205.2326,39.5263
205.2326,39.5263
194.0926,37.3866
194.0926,37.3866
194.0926,37.3866
185.1715,38.7155
185.1715,38.7155
185.1715,38.7155
187.9842,38.5796
187.9842,38.5796
187.9842,38.5796
198.3292,38.6249
198.3292,38.6249
198.3292,38.6249
204.3554,38.0856
204.3554,38.0856
204.3554,38.0856
190.6875,39.1635
190.6875,39.1635
190.6875,39.1635
194.9834,38.4196
194.9834,38.4196
194.9834,38.4196
219.8556,39.0149
219.8556,39.0149
219.8556,39.0149
188.1833,39.6383
188.1833,39.6383
188.1833,39.6383
215.2508,38.5808
215.2508,38.5808
215.2508,38.5808
210.6184,38.0615
210.6184,38.0615
210.6184,38.0615
221.6606,38.2903
221.6606,38.2903
221.6606,38.2903
222.5563,38.4576
222.5563,38.4576
222.5563,38.4576
212.8731,37.5426
212.8731,37.5426
212.8731,37.5426
230.3699,39.4447
230.3699,39.4447
230.3699,39.4447
230.4869,38.6197
230.4869,38.6197
230.4869,38.6197
193.6079,37.5506
193.6079,37.5506
193.6079,37.5506
236.0548,39.0661
236.0548,39.0661
236.0548,39.0661
213.6474,37.8509
213.6474,37.8509
213.6474,37.8509
226.7497,39.0069
226.7497,39.0069
226.7497,39.0069
183.5651,39.4419
183.5651,39.4419
183.5651,39.4419
187.1418,38.1751
187.1418,38.1751
187.1418,38.1751
210.0266,39.7173
210.0266,39.7173
210.0266,39.7173
214.8785,37.3289
214.8785,37.3289
214.8785,37.3289
185.4771,37.0
185.4771,37.0
185.4771,37.0
190.9717,37.3109
190.9717,37.3109
190.9717,37.3109
195.2227,38.6429
195.2227,38.6429
195.2227,38.6429
211.2852,40.1246
211.2852,40.1246
211.2852,40.1246
185.9644,39.2576
185.9644,39.2576
185.9644,39.2576
191.07,39.2058
191.07,39.2058
191.07,39.2058
191.8816,38.6854
191.8816,38.6854
191.8816,38.6854
218.5948,39.084
218.5948,39.084
218.5948,39.084
200.966,39.9281
200.966,39.9281
200.966,39.9281
186.9097,39.2517
186.9097,39.2517
186.9097,39.2517
190.6753,39.6405
190.6753,39.6405
190.6753,39.6405
202.9173,39.714
202.9173,39.714
202.9173,39.714
185.7674,38.5134
185.7674,38.5134
185.7674,38.5134
180.017,38.2522
180.017,38.2522
180.017,38.2522
213.8381,39.11
213.8381,39.11
213.8381,39.11
200.9154,38.7881
200.9154,38.7881
200.9154,38.7881
196.2466,38.7044
196.2466,38.7044
196.2466,38.7044
178.46,39.2852
178.46,39.2852
178.46,39.2852
177.6934,39.2124
177.6934,39.2124
177.6934,39.2124
190.7673,40.7439
190.7673,40.7439
190.7673,40.7439
181.0054,39.2768
181.0054,39.2768
181.0054,39.2768
163.976,39.2897
163.976,39.2897
163.976,39.2897
186.5015,38.2354
186.5015,38.2354
186.5015,38.2354
212.1852,37.2472
212.1852,37.2472
212.1852,37.2472
191.6523,38.7693
191.6523,38.7693
191.6523,38.7693
198.787,39.5555
198.787,39.5555
198.787,39.5555
202.0601,38.9777
202.0601,38.9777
202.0601,38.9777
197.1219,39.1942
197.1219,39.1942
197.1219,39.1942
216.087,38.479
216.087,38.479
216.087,38.479
182.2141,38.415
182.2141,38.415
182.2141,38.415
188.7333,37.8273
188.7333,37.8273
188.7333,37.8273
194.4733,40.3144
194.4733,40.3144
194.4733,40.3144
182.308,39.5272
182.308,39.5272
182.308,39.5272
211.5619,38.4913
211.5619,38.4913
211.5619,38.4913
212.7101,38.6572
212.7101,38.6572
212.7101,38.6572
177.9472,38.954
177.9472,38.954
177.9472,38.954
188.0801,38.879
188.0801,38.879
188.0801,38.879
198.9143,39.6889
198.9143,39.6889
198.9143,39.6889
192.6008,38.3985
192.6008,38.3985
192.6008,38.3985
216.2818,39.7308
216.2818,39.7308
216.2818,39.7308
203.8093,38.8293
203.8093,38.8293
203.8093,38.8293
176.2705,38.4306
176.2705,38.4306
176.2705,38.4306
222.8541,38.6113
222.8541,38.6113
222.8541,38.6113
193.8072,38.4723
193.8072,38.4723
193.8072,38.4723
213.337,38.2042
213.337,38.2042
213.337,38.2042
210.3262,38.6063
210.3262,38.6063
210.3262,38.6063
231.9265,37.9463
231.9265,37.9463
231.9265,37.9463
201.1603,38.4589
201.1603,38.4589
201.1603,38.4589
197.3438,38.4707
197.3438,38.4707
197.3438,38.4707
230.5485,39.9309
230.5485,39.9309
230.5485,39.9309
199.4625,39.3133
199.4625,39.3133
199.4625,39.3133
200.8553,38.8907
200.8553,38.8907
200.8553,38.8907
200.7881,38.7787
200.7881,38.7787
200.7881,38.7787
206.8277,38.2265
206.8277,38.2265
206.8277,38.2265
182.1843,38.6738
182.1843,38.6738
182.1843,38.6738
182.9087,38.9588
182.9087,38.9588
182.9087,38.9588
210.9561,39.5162
210.9561,39.5162
210.9561,39.5162
166.1912,38.1598
166.1912,38.1598
166.1912,38.1598
200.6992,40.4655
200.6992,40.4655
200.6992,40.4655
181.4576,39.514
181.4576,39.514
181.4576,39.514
191.4744,38.0577
191.4744,38.0577
191.4744,38.0577
173.277,40.2034
173.277,40.2034
173.277,40.2034
181.5737,39.7046
181.5737,39.7046
181.5737,39.7046
187.9806,40.4021
187.9806,40.4021
187.9806,40.4021
177.7131,39.08
177.7131,39.08
177.7131,39.08
177.3941,39.4171
177.3941,39.4171
177.3941,39.4171
192.9821,40.188
192.9821,40.188
192.9821,40.188
168.2023,38.6105
168.2023,38.6105
168.2023,38.6105
194.8107,39.5631
194.8107,39.5631
194.8107,39.5631
180.259,37.8819
180.259,37.8819
180.259,37.8819
181.5887,39.4933
181.5887,39.4933
181.5887,39.4933
167.9429,39.2956
167.9429,39.2956
167.9429,39.2956
180.4161,40.725
180.4161,40.725
180.4161,40.725
171.9484,39.182
171.9484,39.182
171.9484,39.182
161.976,39.1185
161.976,39.1185
161.976,39.1185
186.7004,39.3224
186.7004,39.3224
186.7004,39.3224
178.2694,38.8181
178.2694,38.8181
178.2694,38.8181
176.27,41.5081
176.27,41.5081
176.27,41.5081
162.5447,39.3379
162.5447,39.3379
162.5447,39.3379
186.0349,39.8416
186.0349,39.8416
186.0349,39.8416
175.0049,39.8078
175.0049,39.8078
175.0049,39.8078
183.3441,39.0745
183.3441,39.0745
183.3441,39.0745
178.3006,38.3933
178.3006,38.3933
178.3006,38.3933
171.1716,38.6457
171.1716,38.6457
171.1716,38.6457
187.1024,39.5671
187.1024,39.5671
187.1024,39.5671
194.1369,40.2066
194.1369,40.2066
194.1369,40.2066
186.2768,38.7963
186.2768,38.7963
186.2768,38.7963
188.3892,39.0429
188.3892,39.0429
188.3892,39.0429
171.5048,38.669
171.5048,38.669
171.5048,38.669
169.0177,40.2616
169.0177,40.2616
169.0177,40.2616
171.4553,38.8887
171.4553,38.8887
171.4553,38.8887
196.8127,38.0625
196.8127,38.0625
196.8127,38.0625
136.2799,39.5008
136.2799,39.5008
136.2799,39.5008
190.4756,40.0912
190.4756,40.0912
190.4756,40.0912
185.0554,39.0862
185.0554,39.0862
185.0554,39.0862
163.4522,37.768
163.4522,37.768
163.4522,37.768
189.0979,39.095
189.0979,39.095
189.0979,39.095
168.7969,39.168
168.7969,39.168
168.7969,39.168
188.2208,38.2899
188.2208,38.2899
188.2208,38.2899
199.0209,39.5079
199.0209,39.5079
199.0209,39.5079
202.1118,39.6683
202.1118,39.6683
202.1118,39.6683
199.6709,39.0774
199.6709,39.0774
199.6709,39.0774
197.6587,38.9042
197.6587,38.9042
197.6587,38.9042
207.9654,38.6668
207.9654,38.6668
207.9654,38.6668
213.3098,39.834
213.3098,39.834
213.3098,39.834
175.8335,39.7015
175.8335,39.7015
175.8335,39.7015
216.8076,38.9181
216.8076,38.9181
216.8076,38.9181
176.7744,38.5791
176.7744,38.5791
176.7744,38.5791
191.779,40.1215
191.779,40.1215
191.779,40.1215
160.4654,38.8665
160.4654,38.8665
160.4654,38.8665
181.2084,39.2214
181.2084,39.2214
181.2084,39.2214
181.1495,38.8017
181.1495,38.8017
181.1495,38.8017
189.5753,39.168
189.5753,39.168
189.5753,39.168
185.4658,39.2735
185.4658,39.2735
185.4658,39.2735
173.5888,40.2181
173.5888,40.2181
173.5888,40.2181
182.5412,39.6799
182.5412,39.6799
182.5412,39.6799
178.8444,39.6492
178.8444,39.6492
178.8444,39.6492
169.0257,39.157
169.0257,39.157
169.0257,39.157
175.4231,40.4059
175.4231,40.4059
175.4231,40.4059
190.8982,38.8275
190.8982,38.8275
190.8982,38.8275
184.2591,38.9596
184.2591,38.9596
184.2591,38.9596
178.4846,39.7794
178.4846,39.7794
178.4846,39.7794
186.2021,39.7877
186.2021,39.7877
186.2021,39.7877
163.0015,39.108
163.0015,39.108
163.0015,39.108
159.7782,40.2317
159.7782,40.2317
159.7782,40.2317
188.6274,39.8554
188.6274,39.8554
188.6274,39.8554
174.3132,37.9885
174.3132,37.9885
174.3132,37.9885
184.2559,38.4512
184.2559,38.4512
184.2559,38.4512
191.2922,40.1619
191.2922,40.1619
191.2922,40.1619
197.6539,39.3576
197.6539,39.3576
197.6539,39.3576
191.7447,39.6418
191.7447,39.6418
191.7447,39.6418
191.9486,39.6772
191.9486,39.6772
191.9486,39.6772
209.489,39.0639
209.489,39.0639
209.489,39.0639
170.3111,39.3752
170.3111,39.3752
170.3111,39.3752
198.057,39.4169
198.057,39.4169
198.057,39.4169
181.0898,38.7712
181.0898,38.7712
181.0898,38.7712
210.5869,38.4174
210.5869,38.4174
210.5869,38.4174
193.1496,39.6063
193.1496,39.6063
193.1496,39.6063
181.3809,38.3621
181.3809,38.3621
181.3809,38.3621
208.0159,37.8297
208.0159,37.8297
208.0159,37.8297
179.1097,39.6142
179.1097,39.6142
179.1097,39.6142
186.37,39.4732
186.37,39.4732
186.37,39.4732
183.5418,39.4339
183.5418,39.4339
183.5418,39.4339
154.8861,39.3513
154.8861,39.3513
154.8861,39.3513
194.4061,39.6873
194.4061,39.6873
194.4061,39.6873
180.7648,39.2219
180.7648,39.2219
180.7648,39.2219
167.5387,39.7153
167.5387,39.7153
167.5387,39.7153
179.9961,38.6614
179.9961,38.6614
179.9961,38.6614
166.4572,38.8955
166.4572,38.8955
166.4572,38.8955
173.3074,38.6116
173.3074,38.6116
173.3074,38.6116
174.5028,40.2985
174.5028,40.2985
174.5028,40.2985
158.2818,39.3952
158.2818,39.3952
158.2818,39.3952
187.4922,39.7041
187.4922,39.7041
187.4922,39.7041
179.5989,39.2899
179.5989,39.2899
179.5989,39.2899
170.0356,39.1089
170.0356,39.1089
170.0356,39.1089
189.8761,39.6947
189.8761,39.6947
189.8761,39.6947
167.9466,40.0023
167.9466,40.0023
167.9466,40.0023
185.2411,40.327
185.2411,40.327
185.2411,40.327
161.6784,39.2907
161.6784,39.2907
161.6784,39.2907
169.2131,40.2779
169.2131,40.2779
169.2131,40.2779
178.0152,40.34
178.0152,40.34
178.0152,40.34
148.7488,38.8859
148.7488,38.8859
148.7488,38.8859
170.6497,39.876
170.6497,39.876
170.6497,39.876
166.3658,39.5761
166.3658,39.5761
166.3658,39.5761
143.8528,39.7844
143.8528,39.7844
143.8528,39.7844
182.9857,39.9495
182.9857,39.9495
182.9857,39.9495
166.7564,40.0064
166.7564,40.0064
166.7564,40.0064
183.1331,40.9482
183.1331,40.9482
183.1331,40.9482
196.5766,39.8521
196.5766,39.8521
196.5766,39.8521
174.0815,40.5221
174.0815,40.5221
174.0815,40.5221
179.9991,39.3317
179.9991,39.3317
179.9991,39.3317
176.6951,40.4731
176.6951,40.4731
176.6951,40.4731
173.2473,40.4447
173.2473,40.4447
173.2473,40.4447
162.2921,40.2558
162.2921,40.2558
162.2921,40.2558
148.8625,39.1259
148.8625,39.1259
148.8625,39.1259
169.3431,39.9069
169.3431,39.9069
169.3431,39.9069
182.6104,39.7509
182.6104,39.7509
182.6104,39.7509
173.7584,39.0879
173.7584,39.0879
173.7584,39.0879
185.313,38.5652
185.313,38.5652
185.313,38.5652
189.5126,40.0891
189.5126,40.0891
189.5126,40.0891
185.3898,40.0012
185.3898,40.0012
185.3898,40.0012
173.6247,39.4619
173.6247,39.4619
173.6247,39.4619
167.7862,40.9845
167.7862,40.9845
167.7862,40.9845
171.3059,40.1506
171.3059,40.1506
171.3059,40.1506
174.5164,40.1302
174.5164,40.1302
174.5164,40.1302
144.3829,39.4688
144.3829,39.4688
144.3829,39.4688
175.0597,40.9388
175.0597,40.9388
175.0597,40.9388
185.7982,40.1768
185.7982,40.1768
185.7982,40.1768
167.0719,38.5719
167.0719,38.5719
167.0719,38.5719
174.5951,39.7669
174.5951,39.7669
174.5951,39.7669
167.4473,39.8957
167.4473,39.8957
167.4473,39.8957
164.496,39.6317
164.496,39.6317
164.496,39.6317
177.7312,38.0276
177.7312,38.0276
177.7312,38.0276
165.3068,39.9951
165.3068,39.9951
165.3068,39.9951
182.7641,39.7302
182.7641,39.7302
182.7641,39.7302
174.7937,39.4161
174.7937,39.4161
174.7937,39.4161
175.7826,38.556
175.7826,38.556
175.7826,38.556
183.9608,40.5837
183.9608,40.5837
183.9608,40.5837
193.5331,39.3424
193.5331,39.3424
193.5331,39.3424
184.5392,39.8336
184.5392,39.8336
184.5392,39.8336
190.1456,39.8886
190.1456,39.8886
190.1456,39.8886
178.3292,40.1967
178.3292,40.1967
178.3292,40.1967
180.8146,39.825
180.8146,39.825
180.8146,39.825
178.8291,39.9677
178.8291,39.9677
178.8291,39.9677
191.8094,39.9814
191.8094,39.9814
191.8094,39.9814
164.594,40.1254
164.594,40.1254
164.594,40.1254
166.1564,39.9122
166.1564,39.9122
166.1564,39.9122
187.3327,40.3014
187.3327,40.3014
187.3327,40.3014
180.3701,38.5882
180.3701,38.5882
180.3701,38.5882
186.1266,39.4977
186.1266,39.4977
186.1266,39.4977
193.7408,40.6803
193.7408,40.6803
193.7408,40.6803
172.2957,38.7979
172.2957,38.7979
172.2957,38.7979
200.2748,39.9875
200.2748,39.9875
200.2748,39.9875
154.7116,39.4577
154.7116,39.4577
154.7116,39.4577
194.912,39.2938
194.912,39.2938
194.912,39.2938
192.2686,39.0972
192.2686,39.0972
192.2686,39.0972
172.0902,40.1265
172.0902,40.1265
172.0902,40.1265
179.2591,40.0237
179.2591,40.0237
179.2591,40.0237
184.0405,40.3671
184.0405,40.3671
184.0405,40.3671
174.176,39.7047
174.176,39.7047
174.176,39.7047
168.6958,38.7178
168.6958,38.7178
168.6958,38.7178
174.6724,40.0355
174.6724,40.0355
174.6724,40.0355
195.6294,40.0383
195.6294,40.0383
195.6294,40.0383
175.1994,40.397
175.1994,40.397
175.1994,40.397
156.4951,39.4657
156.4951,39.4657
156.4951,39.4657
190.1675,40.3274
190.1675,40.3274
190.1675,40.3274
184.0489,38.8824
184.0489,38.8824
184.0489,38.8824
173.6865,40.7177
173.6865,40.7177
173.6865,40.7177
169.0221,39.3978
169.0221,39.3978
169.0221,39.3978
165.517,40.5597
165.517,40.5597
165.517,40.5597
163.4412,40.5633
163.4412,40.5633
163.4412,40.5633
166.7544,40.7902
166.7544,40.7902
166.7544,40.7902
175.6766,40.3777
175.6766,40.3777
175.6766,40.3777
179.1235,40.0373
179.1235,40.0373
179.1235,40.0373
182.7072,39.4226
182.7072,39.4226
182.7072,39.4226
159.0304,40.49
159.0304,40.49
159.0304,40.49
186.8917,39.132
186.8917,39.132
186.8917,39.132
189.6449,40.9863
189.6449,40.9863
189.6449,40.9863
191.0436,40.1907
191.0436,40.1907
191.0436,40.1907
165.8293,40.4415
165.8293,40.4415
165.8293,40.4415
186.2506,39.67
186.2506,39.67
186.2506,39.67
170.29,41.6643
170.29,41.6643
170.29,41.6643
178.9823,40.0261
178.9823,40.0261
178.9823,40.0261
190.3225,39.999
190.3225,39.999
190.3225,39.999
200.4463,40.4944
200.4463,40.4944
200.4463,40.4944
182.5902,39.4492
182.5902,39.4492
182.5902,39.4492
190.2934,39.6387
190.2934,39.6387
190.2934,39.6387
192.4093,40.4749
192.4093,40.4749
192.4093,40.4749
161.2241,39.8595
161.2241,39.8595
161.2241,39.8595
204.7674,40.2196
204.7674,40.2196
204.7674,40.2196
172.3491,40.7868
172.3491,40.7868
172.3491,40.7868
168.583,40.2853
168.583,40.2853
168.583,40.2853
168.9166,40.1868
168.9166,40.1868
168.9166,40.1868
175.7885,40.7626
175.7885,40.7626
175.7885,40.7626
140.9319,38.6342
140.9319,38.6342
140.9319,38.6342
165.8046,39.124
165.8046,39.124
165.8046,39.124
161.6605,39.9273
161.6605,39.9273
161.6605,39.9273
171.5943,40.5468
171.5943,40.5468
171.5943,40.5468
166.9035,39.9721
166.9035,39.9721
166.9035,39.9721
170.6966,39.2614
170.6966,39.2614
170.6966,39.2614
189.0744,38.9835
189.0744,38.9835
189.0744,38.9835
183.9781,39.7467
183.9781,39.7467
183.9781,39.7467
188.1846,39.9275
188.1846,39.9275
188.1846,39.9275
188.7902,41.2494
188.7902,41.2494
188.7902,41.2494
166.2949,40.3831
166.2949,40.3831
166.2949,40.3831
178.8318,39.6597
178.8318,39.6597
178.8318,39.6597
179.0426,40.6992
179.0426,40.6992
179.0426,40.6992
163.8233,39.5915
163.8233,39.5915
163.8233,39.5915
203.1298,39.8856
203.1298,39.8856
203.1298,39.8856
182.7018,39.8436
182.7018,39.8436
182.7018,39.8436
171.9562,39.3277
171.9562,39.3277
171.9562,39.3277
172.9845,39.8651
172.9845,39.8651
172.9845,39.8651
197.0031,39.0195
197.0031,39.0195
197.0031,39.0195
182.2417,40.7209
182.2417,40.7209
182.2417,40.7209
168.9962,39.5596
168.9962,39.5596
168.9962,39.5596
196.8996,40.9128
196.8996,40.9128
196.8996,40.9128
164.3319,39.2382
164.3319,39.2382
164.3319,39.2382
203.563,41.0767
203.563,41.0767
203.563,41.0767
190.3988,40.3269
190.3988,40.3269
190.3988,40.3269
159.7583,40.2488
159.7583,40.2488
159.7583,40.2488
181.4833,39.5443
181.4833,39.5443
181.4833,39.5443
177.2747,40.0496
177.2747,40.0496
177.2747,40.0496
174.0617,38.7823
174.0617,38.7823
174.0617,38.7823
184.2181,40.3268
184.2181,40.3268
184.2181,40.3268
174.1621,39.3034
174.1621,39.3034
174.1621,39.3034
163.7464,39.767
163.7464,39.767
163.7464,39.767
167.5322,40.0736
167.5322,40.0736
167.5322,40.0736
180.9649,41.582
180.9649,41.582
180.9649,41.582
173.8035,40.7128
173.8035,40.7128
173.8035,40.7128
164.0666,39.951
164.0666,39.951
164.0666,39.951
179.5334,40.8751
179.5334,40.8751
179.5334,40.8751
144.5796,40.1606
144.5796,40.1606
144.5796,40.1606
177.3507,40.479
177.3507,40.479
177.3507,40.479
162.1259,39.8174
162.1259,39.8174
162.1259,39.8174
155.4101,40.4163
155.4101,40.4163
155.4101,40.4163
176.5163,40.777
176.5163,40.777
176.5163,40.777
172.5649,40.7501
172.5649,40.7501
172.5649,40.7501
172.4458,39.7006
172.4458,39.7006
172.4458,39.7006
178.6008,38.9667
178.6008,38.9667
178.6008,38.9667
186.5187,39.8839
186.5187,39.8839
186.5187,39.8839
176.8917,39.1565
176.8917,39.1565
176.8917,39.1565
161.4228,40.3205
161.4228,40.3205
161.4228,40.3205
163.2519,41.3059
163.2519,41.3059
163.2519,41.3059
173.3635,40.0877
173.3635,40.0877
173.3635,40.0877
156.1596,39.328
156.1596,39.328
156.1596,39.328
164.8568,41.5185
164.8568,41.5185
164.8568,41.5185
171.1356,39.5829
171.1356,39.5829
171.1356,39.5829
157.3571,40.0428
157.3571,40.0428
157.3571,40.0428
152.8434,41.9113
152.8434,41.9113
152.8434,41.9113
163.1522,40.7445
163.1522,40.7445
163.1522,40.7445
165.9516,39.7213
165.9516,39.7213
165.9516,39.7213
180.2777,40.7046
180.2777,40.7046
180.2777,40.7046
139.2371,40.561
139.2371,40.561
139.2371,40.561
173.6693,41.0733
173.6693,41.0733
173.6693,41.0733
155.8937,41.8581
155.8937,41.8581
155.8937,41.8581
152.4621,41.4276
152.4621,41.4276
152.4621,41.4276
172.9953,41.0001
172.9953,41.0001
172.9953,41.0001
166.8457,40.3408
166.8457,40.3408
166.8457,40.3408
169.1501,39.8442
169.1501,39.8442
169.1501,39.8442
180.4983,39.908
180.4983,39.908
180.4983,39.908
169.8326,39.8089
169.8326,39.8089
169.8326,39.8089
176.5543,40.5409
176.5543,40.5409
176.5543,40.5409
168.0465,40.731
168.0465,40.731
168.0465,40.731
154.9928,40.9497
154.9928,40.9497
154.9928,40.9497
151.2388,40.5051
151.2388,40.5051
151.2388,40.5051
164.0756,39.4088
164.0756,39.4088
164.0756,39.4088
164.6008,40.6322
164.6008,40.6322
164.6008,40.6322
166.3814,39.2277
166.3814,39.2277
166.3814,39.2277
161.9209,39.9838
161.9209,39.9838
161.9209,39.9838
178.9989,40.3494
178.9989,40.3494
178.9989,40.3494
159.4033,40.3262
159.4033,40.3262
159.4033,40.3262
170.0698,40.5198
170.0698,40.5198
170.0698,40.5198
157.3289,39.8036
157.3289,39.8036
157.3289,39.8036
187.7902,40.1153
187.7902,40.1153
187.7902,40.1153
178.2107,40.4533
178.2107,40.4533
178.2107,40.4533
187.4848,40.2141
187.4848,40.2141
187.4848,40.2141
194.6181,40.565
194.6181,40.565
194.6181,40.565
189.5059,40.7573
189.5059,40.7573
189.5059,40.7573
182.5833,42.1039
182.5833,42.1039
182.5833,42.1039
144.3662,40.7419
144.3662,40.7419
144.3662,40.7419
184.0351,40.5638
184.0351,40.5638
184.0351,40.5638
180.4386,40.0182
180.4386,40.0182
180.4386,40.0182
177.6587,39.5882
177.6587,39.5882
177.6587,39.5882
167.9369,38.7451
167.9369,38.7451
167.9369,38.7451
187.1925,40.0923
187.1925,40.0923
187.1925,40.0923
194.3125,39.5505
194.3125,39.5505
194.3125,39.5505
163.4954,41.6208
163.4954,41.6208
163.4954,41.6208
166.6728,39.9541
166.6728,39.9541
166.6728,39.9541
191.0498,41.1374
191.0498,41.1374
191.0498,41.1374
164.1033,39.8119
164.1033,39.8119
164.1033,39.8119
186.2885,40.3733
186.2885,40.3733
186.2885,40.3733
176.3104,40.0545
176.3104,40.0545
176.3104,40.0545
186.8307,39.3903
186.8307,39.3903
186.8307,39.3903
181.0425,40.8014
181.0425,40.8014
181.0425,40.8014
171.1529,40.4522
171.1529,40.4522
171.1529,40.4522
162.4156,40.3698
162.4156,40.3698
162.4156,40.3698
150.487,40.081
150.487,40.081
150.487,40.081
170.9504,41.7257
170.9504,41.7257
170.9504,41.7257
156.5147,39.6963
156.5147,39.6963
156.5147,39.6963
177.6038,40.9962
177.6038,40.9962
177.6038,40.9962
158.2408,39.2914
158.2408,39.2914
158.2408,39.2914
176.9961,39.4356
176.9961,39.4356
176.9961,39.4356
192.7928,39.7653
192.7928,39.7653
192.7928,39.7653
174.1206,40.0075
174.1206,40.0075
174.1206,40.0075
158.8703,41.0101
158.8703,41.0101
158.8703,41.0101
173.6995,40.2172
173.6995,40.2172
173.6995,40.2172
162.4649,39.3492
162.4649,39.3492
162.4649,39.3492
163.6313,40.2537
163.6313,40.2537
163.6313,40.2537
153.4653,41.0244
153.4653,41.0244
153.4653,41.0244
161.3072,41.6194
161.3072,41.6194
161.3072,41.6194
157.3573,40.6929
157.3573,40.6929
157.3573,40.6929
162.8039,40.9593
162.8039,40.9593
162.8039,40.9593
142.1924,40.912
142.1924,40.912
142.1924,40.912
172.4943,41.3008
172.4943,41.3008
172.4943,41.3008
162.5617,40.5138
162.5617,40.5138
162.5617,40.5138
161.6591,40.5602
161.6591,40.5602
161.6591,40.5602
167.5165,39.9681
167.5165,39.9681
167.5165,39.9681
143.5219,40.7674
143.5219,40.7674
143.5219,40.7674
163.077,40.9252
163.077,40.9252
163.077,40.9252
154.9092,40.8321
154.9092,40.8321
154.9092,40.8321
148.7478,41.4292
148.7478,41.4292
148.7478,41.4292
156.7676,39.4539
156.7676,39.4539
156.7676,39.4539
158.3526,40.8241
158.3526,40.8241
158.3526,40.8241
162.6141,39.9178
162.6141,39.9178
162.6141,39.9178
157.6979,41.1443
157.6979,41.1443
157.6979,41.1443
143.9549,41.0943
143.9549,41.0943
143.9549,41.0943
153.3792,39.7766
153.3792,39.7766
153.3792,39.7766
156.654,41.103
156.654,41.103
156.654,41.103
161.3854,40.5906
161.3854,40.5906
161.3854,40.5906
148.7058,39.1149
148.7058,39.1149
148.7058,39.1149
160.1559,40.3447
160.1559,40.3447
160.1559,40.3447
149.0024,41.2357
149.0024,41.2357
149.0024,41.2357
169.4194,39.9654
169.4194,39.9654
169.4194,39.9654
151.682,40.7297
151.682,40.7297
151.682,40.7297
168.9583,40.2403
168.9583,40.2403
168.9583,40.2403
169.1189,41.3601
169.1189,41.3601
169.1189,41.3601
168.8608,41.3548
168.8608,41.3548
168.8608,41.3548
179.7943,40.3521
179.7943,40.3521
179.7943,40.3521
181.0121,40.7033
181.0121,40.7033
181.0121,40.7033
156.5891,39.8762
156.5891,39.8762
156.5891,39.8762
185.5799,39.5919
185.5799,39.5919
185.5799,39.5919
157.3107,40.2012
157.3107,40.2012
157.3107,40.2012
175.5278,40.4858
175.5278,40.4858
175.5278,40.4858
161.2546,39.6527
161.2546,39.6527
161.2546,39.6527
173.4754,39.5344
173.4754,39.5344
173.4754,39.5344
171.5785,39.8995
171.5785,39.8995
171.5785,39.8995
167.1277,40.0677
167.1277,40.0677
167.1277,40.0677
185.4554,40.5618
185.4554,40.5618
185.4554,40.5618
174.6353,39.5046
174.6353,39.5046
174.6353,39.5046
216.4821,41.0168
216.4821,41.0168
216.4821,41.0168
173.7516,39.7236
173.7516,39.7236
173.7516,39.7236
173.2141,40.8565
173.2141,40.8565
173.2141,40.8565
173.0459,41.1212
173.0459,41.1212
173.0459,41.1212
162.1243,40.7502
162.1243,40.7502
162.1243,40.7502
180.356,40.1465
180.356,40.1465
180.356,40.1465
155.063,39.5352
155.063,39.5352
155.063,39.5352
162.5596,40.5687
162.5596,40.5687
162.5596,40.5687
155.496,38.7099
155.496,38.7099
155.496,38.7099
173.906,40.1539
173.906,40.1539
173.906,40.1539
158.5954,40.7385
158.5954,40.7385
158.5954,40.7385
161.3306,39.8743
161.3306,39.8743
161.3306,39.8743
169.4425,40.2232
169.4425,40.2232
169.4425,40.2232
139.7255,40.2335
139.7255,40.2335
139.7255,40.2335
175.4391,40.0494
175.4391,40.0494
175.4391,40.0494
170.4972,39.2623
170.4972,39.2623
170.4972,39.2623
161.9366,40.8218
161.9366,40.8218
161.9366,40.8218
169.9323,40.7968
169.9323,40.7968
169.9323,40.7968
148.4448,39.7105
148.4448,39.7105
148.4448,39.7105
167.2283,40.9695
167.2283,40.9695
167.2283,40.9695
172.8969,40.2149
172.8969,40.2149
172.8969,40.2149
158.1227,40.121
158.1227,40.121
158.1227,40.121
165.2726,41.4063
165.2726,41.4063
165.2726,41.4063
171.8484,40.3839
171.8484,40.3839
171.8484,40.3839
165.2721,39.9127
165.2721,39.9127
165.2721,39.9127
140.2872,41.9899
140.2872,41.9899
140.2872,41.9899
173.3041,41.1637
173.3041,41.1637
173.3041,41.1637
151.6688,39.7875
151.6688,39.7875
151.6688,39.7875
159.0387,40.9965
159.0387,40.9965
159.0387,40.9965
163.2918,39.9466
163.2918,39.9466
163.2918,39.9466
155.7425,40.7021
155.7425,40.7021
155.7425,40.7021
150.3323,40.8179
150.3323,40.8179
150.3323,40.8179
157.3467,41.7588
157.3467,41.7588
157.3467,41.7588
148.2462,39.9456
148.2462,39.9456
148.2462,39.9456
130.868,42.1648
130.868,42.1648
130.868,42.1648
137.338,40.3184
137.338,40.3184
137.338,40.3184
154.0882,41.2374
154.0882,41.2374
154.0882,41.2374
158.1238,41.0157
158.1238,41.0157
158.1238,41.0157
142.2553,41.5987
142.2553,41.5987
142.2553,41.5987
181.1632,41.0477
181.1632,41.0477
181.1632,41.0477
153.0993,41.6634
153.0993,41.6634
153.0993,41.6634
157.2058,40.4733
157.2058,40.4733
157.2058,40.4733
160.4136,41.7947
160.4136,41.7947
160.4136,41.7947
148.2968,41.2381
148.2968,41.2381
148.2968,41.2381
151.9414,40.1307
151.9414,40.1307
151.9414,40.1307
154.584,40.084
154.584,40.084
154.584,40.084
155.5854,40.7696
155.5854,40.7696
155.5854,40.7696
146.9318,40.194
146.9318,40.194
146.9318,40.194
145.8541,40.8181
145.8541,40.8181
145.8541,40.8181
154.6236,40.2302
154.6236,40.2302
154.6236,40.2302
145.0361,40.44
145.0361,40.44
145.0361,40.44
155.4754,40.7135
155.4754,40.7135
155.4754,40.7135
166.9983,40.8687
166.9983,40.8687
166.9983,40.8687
179.4609,41.067
179.4609,41.067
179.4609,41.067
159.6795,39.4469
159.6795,39.4469
159.6795,39.4469
151.3741,40.6313
151.3741,40.6313
151.3741,40.6313
144.3291,40.9965
144.3291,40.9965
144.3291,40.9965
145.2337,39.6964
145.2337,39.6964
145.2337,39.6964
154.7792,40.328
154.7792,40.328
154.7792,40.328
168.4204,40.2776
168.4204,40.2776
168.4204,40.2776
166.9949,40.9058
166.9949,40.9058
166.9949,40.9058
161.5259,40.3037
161.5259,40.3037
161.5259,40.3037
164.0432,41.032
164.0432,41.032
164.0432,41.032
140.2108,41.1385
140.2108,41.1385
140.2108,41.1385
165.1486,40.5235
165.1486,40.5235
165.1486,40.5235
163.7206,39.7888
163.7206,39.7888
163.7206,39.7888
157.0487,39.6426
157.0487,39.6426
157.0487,39.6426
144.3884,41.7054
144.3884,41.7054
144.3884,41.7054
148.7565,40.6589
148.7565,40.6589
148.7565,40.6589
158.5474,40.293
158.5474,40.293
158.5474,40.293
141.9135,40.3833
141.9135,40.3833
141.9135,40.3833
163.9245,41.8684
163.9245,41.8684
163.9245,41.8684
142.1812,41.0011
142.1812,41.0011
142.1812,41.0011
170.0641,41.0922
170.0641,41.0922
170.0641,41.0922
148.4556,41.7495
148.4556,41.7495
148.4556,41.7495
171.1013,40.5061
171.1013,40.5061
171.1013,40.5061
154.6996,42.2866
154.6996,42.2866
154.6996,42.2866
167.4373,41.871
167.4373,41.871
167.4373,41.871
156.4546,41.7132
156.4546,41.7132
156.4546,41.7132
142.3281,41.4118
142.3281,41.4118
142.3281,41.4118
164.1224,41.4866
164.1224,41.4866
164.1224,41.4866
149.6127,39.8461
149.6127,39.8461
149.6127,39.8461
161.5983,40.4503
161.5983,40.4503
161.5983,40.4503
151.1061,40.3883
151.1061,40.3883
151.1061,40.3883
152.6669,41.4678
152.6669,41.4678
152.6669,41.4678
144.8195,42.6887
144.8195,42.6887
144.8195,42.6887
166.7259,41.5847
166.7259,41.5847
166.7259,41.5847
153.5027,42.4083
153.5027,42.4083
153.5027,42.4083
140.9529,40.2667
140.9529,40.2667
140.9529,40.2667
173.5276,40.5075
173.5276,40.5075
173.5276,40.5075
154.0342,40.1377
154.0342,40.1377
154.0342,40.1377
150.8236,41.0558
150.8236,41.0558
150.8236,41.0558
169.1185,41.2075
169.1185,41.2075
169.1185,41.2075
143.4221,40.5998
143.4221,40.5998
143.4221,40.5998
162.6778,41.3606
162.6778,41.3606
162.6778,41.3606
150.5702,39.9475
150.5702,39.9475
150.5702,39.9475
156.5615,41.726
156.5615,41.726
156.5615,41.726
164.77,40.8599
164.77,40.8599
164.77,40.8599
134.6526,41.47
134.6526,41.47
134.6526,41.47
149.453,40.6906
149.453,40.6906
149.453,40.6906
159.2805,41.2982
159.2805,41.2982
159.2805,41.2982
154.0905,41.0407
154.0905,41.0407
154.0905,41.0407
167.9147,40.7823
167.9147,40.7823
167.9147,40.7823
149.5568,42.2691
149.5568,42.2691
149.5568,42.2691
154.6043,41.2797
154.6043,41.2797
154.6043,41.2797
140.7529,41.3351
140.7529,41.3351
140.7529,41.3351
156.3251,41.2877
156.3251,41.2877
156.3251,41.2877
152.0849,40.7234
152.0849,40.7234
152.0849,40.7234
138.754,41.1283
138.754,41.1283
138.754,41.1283
154.8301,40.3825
154.8301,40.3825
154.8301,40.3825
146.0876,40.0483
146.0876,40.0483
146.0876,40.0483
151.3947,41.1035
151.3947,41.1035
151.3947,41.1035
164.8248,41.2553
164.8248,41.2553
164.8248,41.2553
134.4253,40.7086
134.4253,40.7086
134.4253,40.7086
134.2845,41.8479
134.2845,41.8479
134.2845,41.8479
135.6268,41.0367
135.6268,41.0367
135.6268,41.0367
144.2334,41.3752
144.2334,41.3752
144.2334,41.3752
142.8112,42.1262
142.8112,42.1262
142.8112,42.1262
137.9402,42.7853
137.9402,42.7853
137.9402,42.7853
148.5304,41.2722
148.5304,41.2722
148.5304,41.2722
143.6206,41.2428
143.6206,41.2428
143.6206,41.2428
149.9849,40.3241
149.9849,40.3241
149.9849,40.3241
145.3851,41.9893
145.3851,41.9893
145.3851,41.9893
135.2367,41.8114
135.2367,41.8114
135.2367,41.8114
132.0119,40.5937
132.0119,40.5937
132.0119,40.5937
143.6176,41.3649
143.6176,41.3649
143.6176,41.3649
140.8886,41.2189
140.8886,41.2189
140.8886,41.2189
151.9676,40.6391
151.9676,40.6391
151.9676,40.6391
135.5055,41.442
135.5055,41.442
135.5055,41.442
152.5952,41.5325
152.5952,41.5325
152.5952,41.5325
158.0895,41.4853
158.0895,41.4853
158.0895,41.4853
145.9843,42.0676
145.9843,42.0676
145.9843,42.0676
164.8026,41.7411
164.8026,41.7411
164.8026,41.7411
150.9495,41.2991
150.9495,41.2991
150.9495,41.2991
133.7794,41.2651
133.7794,41.2651
133.7794,41.2651
154.0133,41.8116
154.0133,41.8116
154.0133,41.8116
141.7384,41.6115
141.7384,41.6115
141.7384,41.6115
143.9067,41.0428
143.9067,41.0428
143.9067,41.0428
145.3841,39.7707
145.3841,39.7707
145.3841,39.7707
144.2337,42.0853
144.2337,42.0853
144.2337,42.0853
150.532,41.9601
150.532,41.9601
150.532,41.9601
148.4457,41.8057
148.4457,41.8057
148.4457,41.8057
142.0337,42.2184
142.0337,42.2184
142.0337,42.2184
146.653,41.0578
146.653,41.0578
146.653,41.0578
151.2009,42.009
151.2009,42.009
151.2009,42.009
149.3289,40.6257
149.3289,40.6257
149.3289,40.6257
147.4115,41.8139
147.4115,41.8139
147.4115,41.8139
147.2068,41.2539
147.2068,41.2539
147.2068,41.2539
142.2742,42.1205
142.2742,42.1205
142.2742,42.1205
140.1273,41.8187
140.1273,41.8187
140.1273,41.8187
144.6802,41.3597
144.6802,41.3597
144.6802,41.3597
154.4607,40.7975
154.4607,40.7975
154.4607,40.7975
153.2181,41.2133
153.2181,41.2133
153.2181,41.2133
135.0921,41.4493
135.0921,41.4493
135.0921,41.4493
161.6387,41.8738
161.6387,41.8738
161.6387,41.8738
138.0872,41.363
138.0872,41.363
138.0872,41.363
142.4283,40.435
142.4283,40.435
142.4283,40.435
144.7618,41.4045
144.7618,41.4045
144.7618,41.4045
158.881,41.2957
158.881,41.2957
158.881,41.2957
161.6531,41.5469
161.6531,41.5469
161.6531,41.5469
140.6965,40.725
140.6965,40.725
140.6965,40.725
150.3955,41.5248
150.3955,41.5248
150.3955,41.5248
153.0514,41.2223
153.0514,41.2223
153.0514,41.2223
150.189,40.6389
150.189,40.6389
150.189,40.6389
150.1417,41.4042
150.1417,41.4042
150.1417,41.4042
131.2125,42.4903
131.2125,42.4903
131.2125,42.4903
139.7678,40.8238
139.7678,40.8238
139.7678,40.8238
133.2813,40.9415
133.2813,40.9415
133.2813,40.9415
151.6581,40.6925
151.6581,40.6925
151.6581,40.6925
148.7068,42.1452
148.7068,42.1452
148.7068,42.1452
157.9369,41.2387
157.9369,41.2387
157.9369,41.2387
153.7535,41.2059
153.7535,41.2059
153.7535,41.2059
149.0491,41.0202
149.0491,41.0202
149.0491,41.0202
150.0469,41.3921
150.0469,41.3921
150.0469,41.3921
154.1337,40.4359
154.1337,40.4359
154.1337,40.4359
146.923,41.0911
146.923,41.0911
146.923,41.0911
159.2969,40.8213
159.2969,40.8213
159.2969,40.8213
163.891,41.0925
163.891,41.0925
163.891,41.0925
150.534,41.3379
150.534,41.3379
150.534,41.3379
148.8083,40.624
148.8083,40.624
148.8083,40.624
161.5471,41.2323
161.5471,41.2323
161.5471,41.2323
152.1442,41.2637
152.1442,41.2637
152.1442,41.2637
142.9246,39.9757
142.9246,39.9757
142.9246,39.9757
139.5192,40.7897
139.5192,40.7897
139.5192,40.7897
145.4603,41.2409
145.4603,41.2409
145.4603,41.2409
146.0854,40.3572
146.0854,40.3572
146.0854,40.3572
161.126,42.4543
161.126,42.4543
161.126,42.4543
146.7466,41.3058
146.7466,41.3058
146.7466,41.3058
143.7023,41.0742
143.7023,41.0742
143.7023,41.0742
165.2325,41.6182
165.2325,41.6182
165.2325,41.6182
155.5077,41.7098
155.5077,41.7098
155.5077,41.7098
165.9789,40.535
165.9789,40.535
165.9789,40.535
157.2758,40.202
157.2758,40.202
157.2758,40.202
159.293,39.8943
159.293,39.8943
159.293,39.8943
144.512,41.1668
144.512,41.1668
144.512,41.1668
164.5281,40.76
164.5281,40.76
164.5281,40.76
163.1029,41.5341
163.1029,41.5341
163.1029,41.5341
151.4504,39.5754
151.4504,39.5754
151.4504,39.5754
156.5317,41.7443
156.5317,41.7443
156.5317,41.7443
156.7883,40.301
156.7883,40.301
156.7883,40.301
159.5702,40.9122
159.5702,40.9122
159.5702,40.9122
158.6788,41.4724
158.6788,41.4724
158.6788,41.4724
160.2652,40.1719
160.2652,40.1719
160.2652,40.1719
156.5211,40.9225
156.5211,40.9225
156.5211,40.9225
146.1997,41.3231
146.1997,41.3231
146.1997,41.3231
168.1002,41.4081
168.1002,41.4081
168.1002,41.4081
170.962,42.183
170.962,42.183
170.962,42.183
152.2225,40.5722
152.2225,40.5722
152.2225,40.5722
185.2234,40.5532
185.2234,40.5532
185.2234,40.5532
163.2636,40.9553
163.2636,40.9553
163.2636,40.9553
181.8431,40.7931
181.8431,40.7931
181.8431,40.7931
171.5792,40.6694
171.5792,40.6694
171.5792,40.6694
174.8038,41.4527
174.8038,41.4527
174.8038,41.4527
166.8801,39.5206
166.8801,39.5206
166.8801,39.5206
172.2116,41.9152
172.2116,41.9152
172.2116,41.9152
165.0657,41.0867
165.0657,41.0867
165.0657,41.0867
175.4379,40.7825
175.4379,40.7825
175.4379,40.7825
160.7901,42.5065
160.7901,42.5065
160.7901,42.5065
172.9497,40.5136
172.9497,40.5136
172.9497,40.5136
176.1346,40.9731
176.1346,40.9731
176.1346,40.9731
160.0588,41.2868
160.0588,41.2868
160.0588,41.2868
159.6357,40.2296
159.6357,40.2296
159.6357,40.2296
156.7501,41.4125
156.7501,41.4125
156.7501,41.4125
147.5808,41.9273
147.5808,41.9273
147.5808,41.9273
165.4136,41.5657
165.4136,41.5657
165.4136,41.5657
157.3668,40.8789
157.3668,40.8789
157.3668,40.8789
156.9435,42.0483
156.9435,42.0483
156.9435,42.0483
164.0049,41.3807
164.0049,41.3807
164.0049,41.3807
166.6219,41.7045
166.6219,41.7045
166.6219,41.7045
171.734,41.2829
171.734,41.2829
171.734,41.2829
158.997,40.7799
158.997,40.7799
158.997,40.7799
163.5039,42.3621
163.5039,42.3621
163.5039,42.3621
148.334,40.7202
148.334,40.7202
148.334,40.7202
154.8968,41.8951
154.8968,41.8951
154.8968,41.8951
141.3212,42.1214
141.3212,42.1214
141.3212,42.1214
158.234,41.2848
158.234,41.2848
158.234,41.2848
147.4996,41.1738
147.4996,41.1738
147.4996,41.1738
160.0643,41.7297
160.0643,41.7297
160.0643,41.7297
159.4404,42.4558
159.4404,42.4558
159.4404,42.4558
153.2573,40.3839
153.2573,40.3839
153.2573,40.3839
142.2469,41.6042
142.2469,41.6042
142.2469,41.6042
150.4644,40.747
150.4644,40.747
150.4644,40.747
141.4374,41.2641
141.4374,41.2641
141.4374,41.2641
151.1168,41.2239
151.1168,41.2239
151.1168,41.2239
152.9154,42.1108
152.9154,42.1108
152.9154,42.1108
128.1244,40.5803
128.1244,40.5803
128.1244,40.5803
147.6525,41.1862
147.6525,41.1862
147.6525,41.1862
131.1003,40.5511
131.1003,40.5511
131.1003,40.5511
158.9833,41.3359
158.9833,41.3359
158.9833,41.3359
143.0145,39.9942
143.0145,39.9942
143.0145,39.9942
144.3861,41.6015
144.3861,41.6015
144.3861,41.6015
142.4073,42.0081
142.4073,42.0081
142.4073,42.0081
163.7764,40.5322
163.7764,40.5322
163.7764,40.5322
135.706,41.3362
135.706,41.3362
135.706,41.3362
134.4054,41.2622
134.4054,41.2622
134.4054,41.2622
132.2388,40.8476
132.2388,40.8476
132.2388,40.8476
133.7527,41.2343
133.7527,41.2343
133.7527,41.2343
136.6392,42.5973
136.6392,42.5973
136.6392,42.5973
135.1729,42.1934
135.1729,42.1934
135.1729,42.1934
149.8609,41.4911
149.8609,41.4911
149.8609,41.4911
124.5917,40.6982
124.5917,40.6982
124.5917,40.6982
164.6393,42.3262
164.6393,42.3262
164.6393,42.3262
145.1505,41.0399
145.1505,41.0399
145.1505,41.0399
156.0872,42.8478
156.0872,42.8478
156.0872,42.8478
137.2917,41.1609
137.2917,41.1609
137.2917,41.1609
140.6227,42.2331
140.6227,42.2331
140.6227,42.2331
153.5825,41.2379
153.5825,41.2379
153.5825,41.2379
143.0677,40.8711
143.0677,40.8711
143.0677,40.8711
147.2703,41.2622
147.2703,41.2622
147.2703,41.2622
146.9957,42.079
146.9957,42.079
146.9957,42.079
132.0258,41.6123
132.0258,41.6123
132.0258,41.6123
144.5345,41.2538
144.5345,41.2538
144.5345,41.2538
135.1024,41.2718
135.1024,41.2718
135.1024,41.2718
147.0421,41.6802
147.0421,41.6802
147.0421,41.6802
142.285,41.8217
142.285,41.8217
142.285,41.8217
145.6149,41.4184
145.6149,41.4184
145.6149,41.4184
140.9091,41.4162
140.9091,41.4162
140.9091,41.4162
153.3545,40.9359
153.3545,40.9359
153.3545,40.9359
147.5474,40.424
147.5474,40.424
147.5474,40.424
162.147,42.1426
162.147,42.1426
162.147,42.1426
133.3678,41.2445
133.3678,41.2445
133.3678,41.2445
156.355,40.3206
156.355,40.3206
156.355,40.3206
152.1066,41.2349
152.1066,41.2349
152.1066,41.2349
149.3346,40.2825
149.3346,40.2825
149.3346,40.2825
149.1639,42.0501
149.1639,42.0501
149.1639,42.0501
153.4077,41.5334
153.4077,41.5334
153.4077,41.5334
149.6902,41.5739
149.6902,41.5739
149.6902,41.5739
160.8645,41.7266
160.8645,41.7266
160.8645,41.7266
141.2912,41.5552
141.2912,41.5552
141.2912,41.5552
144.4342,42.0349
144.4342,42.0349
144.4342,42.0349
160.2557,41.0788
160.2557,41.0788
160.2557,41.0788
158.2759,41.3397
158.2759,41.3397
158.2759,41.3397
149.1642,40.448
149.1642,40.448
149.1642,40.448
147.3108,42.3936
147.3108,42.3936
147.3108,42.3936
143.5443,41.2076
143.5443,41.2076
143.5443,41.2076
148.6008,40.9912
148.6008,40.9912
148.6008,40.9912
154.0384,42.4574
154.0384,42.4574
154.0384,42.4574
150.7675,41.9898
150.7675,41.9898
150.7675,41.9898
141.1233,41.828
141.1233,41.828
141.1233,41.828
139.0983,41.3315
139.0983,41.3315
139.0983,41.3315
133.5991,41.1517
133.5991,41.1517
133.5991,41.1517
129.49,40.9641
129.49,40.9641
129.49,40.9641
142.9042,43.3182
142.9042,43.3182
142.9042,43.3182
126.2259,42.1037
126.2259,42.1037
126.2259,42.1037
149.7959,40.3455
149.7959,40.3455
149.7959,40.3455
137.7108,42.3774
137.7108,42.3774
137.7108,42.3774
127.5857,41.6139
127.5857,41.6139
127.5857,41.6139
132.5134,42.3187
132.5134,42.3187
132.5134,42.3187
127.0696,42.218
127.0696,42.218
127.0696,42.218
135.3469,41.725
135.3469,41.725
135.3469,41.725
136.8031,41.5951
136.8031,41.5951
136.8031,41.5951
147.0638,42.6205
147.0638,42.6205
147.0638,42.6205
129.4918,41.2792
129.4918,41.2792
129.4918,41.2792
147.206,40.9447
147.206,40.9447
147.206,40.9447
154.678,40.6918
154.678,40.6918
154.678,40.6918
154.7098,41.3363
154.7098,41.3363
154.7098,41.3363
151.6384,40.8575
151.6384,40.8575
151.6384,40.8575
148.711,42.9656
148.711,42.9656
148.711,42.9656
153.6996,41.6956
153.6996,41.6956
153.6996,41.6956
149.8987,41.3502
149.8987,41.3502
149.8987,41.3502
155.386,40.9761
155.386,40.9761
155.386,40.9761
151.2095,41.942
151.2095,41.942
151.2095,41.942
151.846,42.0685
151.846,42.0685
151.846,42.0685
141.4477,41.6301
141.4477,41.6301
141.4477,41.6301
151.0003,41.688
151.0003,41.688
151.0003,41.688
134.7807,42.2171
134.7807,42.2171
134.7807,42.2171
133.4669,41.8441
133.4669,41.8441
133.4669,41.8441
148.6264,41.8481
148.6264,41.8481
148.6264,41.8481
131.7578,40.814
131.7578,40.814
131.7578,40.814
148.8049,41.4555
148.8049,41.4555
148.8049,41.4555
116.528,41.2246
116.528,41.2246
116.528,41.2246
135.5151,41.1292
135.5151,41.1292
135.5151,41.1292
140.152,42.1753
140.152,42.1753
140.152,42.1753
130.7886,41.3755
130.7886,41.3755
130.7886,41.3755
129.4339,40.7993
129.4339,40.7993
129.4339,40.7993
147.7558,41.8014
147.7558,41.8014
147.7558,41.8014
127.6371,40.3683
127.6371,40.3683
127.6371,40.3683
140.7612,42.6589
140.7612,42.6589
140.7612,42.6589
113.5412,41.2898
113.5412,41.2898
113.5412,41.2898
126.2465,41.7521
126.2465,41.7521
126.2465,41.7521
129.8016,41.7456
129.8016,41.7456
129.8016,41.7456
145.6554,41.2451
145.6554,41.2451
145.6554,41.2451
122.0226,41.9605
122.0226,41.9605
122.0226,41.9605
131.4787,41.9779
131.4787,41.9779
131.4787,41.9779
137.931,42.236
137.931,42.236
137.931,42.236
132.7666,42.2618
132.7666,42.2618
132.7666,42.2618
125.0249,41.5601
125.0249,41.5601
125.0249,41.5601
134.5629,41.6361
134.5629,41.6361
134.5629,41.6361
142.4939,41.9391
142.4939,41.9391
142.4939,41.9391
137.6803,42.1618
137.6803,42.1618
137.6803,42.1618
140.0291,41.5296
140.0291,41.5296
140.0291,41.5296
155.8511,42.5762
155.8511,42.5762
155.8511,42.5762
126.6085,40.7569
126.6085,40.7569
126.6085,40.7569
146.072,41.1902
146.072,41.1902
146.072,41.1902
138.9224,42.8647
138.9224,42.8647
138.9224,42.8647
150.0773,42.553
150.0773,42.553
150.0773,42.553
135.7133,40.6529
135.7133,40.6529
135.7133,40.6529
145.9119,41.4156
145.9119,41.4156
145.9119,41.4156
119.213,40.0567
119.213,40.0567
119.213,40.0567
134.8713,41.0479
134.8713,41.0479
134.8713,41.0479
132.7152,41.8899
132.7152,41.8899
132.7152,41.8899
146.062,40.5779
146.062,40.5779
146.062,40.5779
140.7391,41.2536
140.7391,41.2536
140.7391,41.2536
130.9263,40.4114
130.9263,40.4114
130.9263,40.4114
132.7076,42.4899
132.7076,42.4899
132.7076,42.4899
138.4807,41.6812
138.4807,41.6812
138.4807,41.6812
137.9945,42.2323
137.9945,42.2323
137.9945,42.2323
152.8274,41.989
152.8274,41.989
152.8274,41.989
134.0504,42.3491
134.0504,42.3491
134.0504,42.3491
157.0681,41.8145
157.0681,41.8145
157.0681,41.8145
141.5935,41.8332
141.5935,41.8332
141.5935,41.8332
145.083,42.5132
145.083,42.5132
145.083,42.5132
145.2744,41.2543
145.2744,41.2543
145.2744,41.2543
126.8213,42.1238
126.8213,42.1238
126.8213,42.1238
134.2168,41.9232
134.2168,41.9232
134.2168,41.9232
138.3648,41.5543
138.3648,41.5543
138.3648,41.5543
142.062,40.5532
142.062,40.5532
142.062,40.5532
154.6511,41.1275
154.6511,41.1275
154.6511,41.1275
139.5021,41.5753
139.5021,41.5753
139.5021,41.5753
152.7409,42.709
152.7409,42.709
152.7409,42.709
134.5827,41.6563
134.5827,41.6563
134.5827,41.6563
151.1985,42.4916
151.1985,42.4916
151.1985,42.4916
136.7595,41.7739
136.7595,41.7739
136.7595,41.7739
148.6601,41.5703
148.6601,41.5703
148.6601,41.5703
133.4834,42.1142
133.4834,42.1142
133.4834,42.1142
132.7699,41.8923
132.7699,41.8923
132.7699,41.8923
128.2768,43.0384
128.2768,43.0384
128.2768,43.0384
134.052,42.1417
134.052,42.1417
134.052,42.1417
137.0486,42.5194
137.0486,42.5194
137.0486,42.5194
132.4381,42.3604
132.4381,42.3604
132.4381,42.3604
123.0761,41.5093
123.0761,41.5093
123.0761,41.5093
139.1996,42.3006
139.1996,42.3006
139.1996,42.3006
134.0278,40.9338
134.0278,40.9338
134.0278,40.9338
124.8848,41.976
124.8848,41.976
124.8848,41.976
134.7519,41.4262
134.7519,41.4262
134.7519,41.4262
125.7942,41.9048
125.7942,41.9048
125.7942,41.9048
133.2497,42.2635
133.2497,42.2635
133.2497,42.2635
137.1542,41.1016
137.1542,41.1016
137.1542,41.1016
147.6597,41.0231
147.6597,41.0231
147.6597,41.0231
133.8546,41.6428
133.8546,41.6428
133.8546,41.6428
142.8124,42.6304
142.8124,42.6304
142.8124,42.6304
147.2081,41.6538
147.2081,41.6538
147.2081,41.6538
152.6984,42.3311
152.6984,42.3311
152.6984,42.3311
137.6505,42.6694
137.6505,42.6694
137.6505,42.6694
122.3048,42.3343
122.3048,42.3343
122.3048,42.3343
141.6081,41.9103
141.6081,41.9103
141.6081,41.9103
132.2197,40.5259
132.2197,40.5259
132.2197,40.5259
137.0624,41.8283
137.0624,41.8283
137.0624,41.8283
135.6267,42.3701
135.6267,42.3701
135.6267,42.3701
124.8643,42.4389
124.8643,42.4389
124.8643,42.4389
127.8615,42.0307
127.8615,42.0307
127.8615,42.0307
125.7391,41.6507
125.7391,41.6507
125.7391,41.6507
138.8558,41.12
138.8558,41.12
138.8558,41.12
126.8723,42.8828
126.8723,42.8828
126.8723,42.8828
130.4898,42.5334
130.4898,42.5334
130.4898,42.5334
127.1424,42.8933
127.1424,42.8933
127.1424,42.8933
133.5885,42.652
133.5885,42.652
133.5885,42.652
135.4872,41.4415
135.4872,41.4415
135.4872,41.4415
142.8294,42.3377
142.8294,42.3377
142.8294,42.3377
138.2563,40.6589
138.2563,40.6589
138.2563,40.6589
133.1207,42.2002
133.1207,42.2002
133.1207,42.2002
128.4503,42.2303
128.4503,42.2303
128.4503,42.2303
137.5606,41.5152
137.5606,41.5152
137.5606,41.5152
127.5505,41.4082
127.5505,41.4082
127.5505,41.4082
139.4123,42.3522
139.4123,42.3522
139.4123,42.3522
121.8574,42.7622
121.8574,42.7622
121.8574,42.7622
149.0998,41.3657
149.0998,41.3657
149.0998,41.3657
123.4385,41.947
123.4385,41.947
123.4385,41.947
133.2224,41.1387
133.2224,41.1387
133.2224,41.1387
135.7775,42.006
135.7775,42.006
135.7775,42.006
129.5345,41.0
129.5345,41.0
129.5345,41.0
133.5386,41.0963
133.5386,41.0963
133.5386,41.0963
134.2026,42.0781
134.2026,42.0781
134.2026,42.0781
146.6505,42.4907
146.6505,42.4907
146.6505,42.4907
143.0617,41.6252
143.0617,41.6252
143.0617,41.6252
131.4553,41.2661
131.4553,41.2661
131.4553,41.2661
137.6858,42.0293
137.6858,42.0293
137.6858,42.0293
145.3081,43.1411
145.3081,43.1411
145.3081,43.1411
130.7156,41.8199
130.7156,41.8199
130.7156,41.8199
144.9408,41.3053
144.9408,41.3053
144.9408,41.3053
137.9612,42.7484
137.9612,42.7484
137.9612,42.7484
131.1254,42.0444
131.1254,42.0444
131.1254,42.0444
157.8372,42.3135
157.8372,42.3135
157.8372,42.3135
132.7066,41.2292
132.7066,41.2292
132.7066,41.2292
158.9307,43.7541
158.9307,43.7541
158.9307,43.7541
143.5124,42.1454
143.5124,42.1454
143.5124,42.1454
160.7941,41.9588
160.7941,41.9588
160.7941,41.9588
145.6358,40.4551
145.6358,40.4551
145.6358,40.4551
155.4423,41.0642
155.4423,41.0642
155.4423,41.0642
148.3328,41.3669
148.3328,41.3669
148.3328,41.3669
174.0065,41.887
174.0065,41.887
174.0065,41.887
145.286,41.5925
145.286,41.5925
145.286,41.5925
166.3771,42.1326
166.3771,42.1326
166.3771,42.1326
145.2624,42.4069
145.2624,42.4069
145.2624,42.4069
151.9016,41.8101
151.9016,41.8101
151.9016,41.8101
150.0831,42.15
150.0831,42.15
150.0831,42.15
143.1631,41.3303
143.1631,41.3303
143.1631,41.3303
151.4258,41.2034
151.4258,41.2034
151.4258,41.2034
151.7388,42.5773
151.7388,42.5773
151.7388,42.5773
155.111,41.4166
155.111,41.4166
155.111,41.4166
161.74,41.1146
161.74,41.1146
161.74,41.1146
157.0568,40.2191
157.0568,40.2191
157.0568,40.2191
161.67,42.1895
161.67,42.1895
161.67,42.1895
164.2157,40.5295
164.2157,40.5295
164.2157,40.5295
151.658,41.734
151.658,41.734
151.658,41.734
150.8441,41.7492
150.8441,41.7492
150.8441,41.7492
136.3968,40.9802
136.3968,40.9802
136.3968,40.9802
139.5092,41.6501
139.5092,41.6501
139.5092,41.6501
138.9046,41.5939
138.9046,41.5939
138.9046,41.5939
157.2482,42.2385
157.2482,42.2385
157.2482,42.2385
140.4668,42.4086
140.4668,42.4086
140.4668,42.4086
155.0682,41.8698
155.0682,41.8698
155.0682,41.8698
141.8839,42.6544
141.8839,42.6544
141.8839,42.6544
158.4709,42.122
158.4709,42.122
158.4709,42.122
134.1788,40.7345
134.1788,40.7345
134.1788,40.7345
157.0858,40.5049
157.0858,40.5049
157.0858,40.5049
151.1562,41.6219
151.1562,41.6219
151.1562,41.6219
145.2753,42.3026
145.2753,42.3026
145.2753,42.3026
141.9793,41.9655
141.9793,41.9655
141.9793,41.9655
134.0223,41.2803
134.0223,41.2803
134.0223,41.2803
148.3247,42.7345
148.3247,42.7345
148.3247,42.7345
151.8911,41.7482
151.8911,41.7482
151.8911,41.7482
159.2916,42.7609
159.2916,42.7609
159.2916,42.7609
148.1108,42.0052
148.1108,42.0052
148.1108,42.0052
126.5672,41.5752
126.5672,41.5752
126.5672,41.5752
132.6999,41.1868
132.6999,41.1868
132.6999,41.1868
149.2605,42.6491
149.2605,42.6491
149.2605,42.6491
139.5755,41.8918
139.5755,41.8918
139.5755,41.8918
129.3131,41.734
129.3131,41.734
129.3131,41.734
147.8562,43.1143
147.8562,43.1143
147.8562,43.1143
127.0217,42.008
127.0217,42.008
127.0217,42.008
126.1641,42.529
126.1641,42.529
126.1641,42.529
125.1682,41.9504
125.1682,41.9504
125.1682,41.9504
140.9681,41.6342
140.9681,41.6342
140.9681,41.6342
123.1498,42.0031
123.1498,42.0031
123.1498,42.0031
132.9571,41.5807
132.9571,41.5807
132.9571,41.5807
134.5074,41.8865
134.5074,41.8865
134.5074,41.8865
126.913,42.9779
126.913,42.9779
126.913,42.9779
138.2563,43.1311
138.2563,43.1311
138.2563,43.1311
134.9159,42.1921
134.9159,42.1921
134.9159,42.1921
121.4001,42.5213
121.4001,42.5213
121.4001,42.5213
133.0972,42.9354
133.0972,42.9354
133.0972,42.9354
114.8034,42.0958
114.8034,42.0958
114.8034,42.0958
126.1247,43.2016
126.1247,43.2016
126.1247,43.2016
133.9661,42.2995
133.9661,42.2995
133.9661,42.2995
147.08,41.9891
147.08,41.9891
147.08,41.9891
128.4059,41.1663
128.4059,41.1663
128.4059,41.1663
128.5695,42.7882
128.5695,42.7882
128.5695,42.7882
147.5836,40.9962
147.5836,40.9962
147.5836,40.9962
128.4407,42.5558
128.4407,42.5558
128.4407,42.5558
125.6011,41.4667
125.6011,41.4667
125.6011,41.4667
134.8918,42.2227
134.8918,42.2227
134.8918,42.2227
137.8508,42.3759
137.8508,42.3759
137.8508,42.3759
131.6151,42.0156
131.6151,42.0156
131.6151,42.0156
134.3973,42.0006
134.3973,42.0006
134.3973,42.0006
127.6942,41.9864
127.6942,41.9864
127.6942,41.9864
142.0658,41.489
142.0658,41.489
142.0658,41.489
121.2294,41.2269
121.2294,41.2269
121.2294,41.2269
153.2787,42.5098
153.2787,42.5098
153.2787,42.5098
136.737,41.6857
136.737,41.6857
136.737,41.6857
135.6868,41.344
135.6868,41.344
135.6868,41.344
133.5866,42.0937
133.5866,42.0937
133.5866,42.0937
127.5617,41.6113
127.5617,41.6113
127.5617,41.6113
146.5187,41.7549
146.5187,41.7549
146.5187,41.7549
143.346,40.9521
143.346,40.9521
143.346,40.9521
139.9495,42.102
139.9495,42.102
139.9495,42.102
142.3378,40.8491
142.3378,40.8491
142.3378,40.8491
132.895,42.2756
132.895,42.2756
132.895,42.2756
128.6068,41.7048
128.6068,41.7048
128.6068,41.7048
145.6108,40.8373
145.6108,40.8373
145.6108,40.8373
149.9704,41.6161
149.9704,41.6161
149.9704,41.6161
137.874,41.9341
137.874,41.9341
137.874,41.9341
140.0805,41.5748
140.0805,41.5748
140.0805,41.5748
129.6323,41.9919
129.6323,41.9919
129.6323,41.9919
139.5049,42.9577
139.5049,42.9577
139.5049,42.9577
139.0389,42.6181
139.0389,42.6181
139.0389,42.6181
119.1899,41.5998
119.1899,41.5998
119.1899,41.5998
139.1487,42.2471
139.1487,42.2471
139.1487,42.2471
156.5186,42.046
156.5186,42.046
156.5186,42.046
122.6751,42.6403
122.6751,42.6403
122.6751,42.6403
137.8314,43.0823
137.8314,43.0823
137.8314,43.0823
130.0811,41.4336
130.0811,41.4336
130.0811,41.4336
143.921,42.0638
143.921,42.0638
143.921,42.0638
131.9009,43.0154
131.9009,43.0154
131.9009,43.0154
115.3819,42.2542
115.3819,42.2542
115.3819,42.2542
144.7505,42.2785
144.7505,42.2785
144.7505,42.2785
127.6609,42.0937
127.6609,42.0937
127.6609,42.0937
143.3651,42.6703
143.3651,42.6703
143.3651,42.6703
136.7196,42.8973
136.7196,42.8973
136.7196,42.8973
144.3005,41.5287
144.3005,41.5287
144.3005,41.5287
118.9221,42.3455
118.9221,42.3455
118.9221,42.3455
127.8141,42.3026
127.8141,42.3026
127.8141,42.3026
121.0087,42.1162
121.0087,42.1162
121.0087,42.1162
129.251,42.6376
129.251,42.6376
129.251,42.6376
127.2854,42.8543
127.2854,42.8543
127.2854,42.8543
126.7945,43.0794
126.7945,43.0794
126.7945,43.0794
133.7728,41.7982
133.7728,41.7982
133.7728,41.7982
132.3844,42.7118
132.3844,42.7118
132.3844,42.7118
137.5287,42.0111
137.5287,42.0111
137.5287,42.0111
130.2929,42.2448
130.2929,42.2448
130.2929,42.2448
126.5114,41.2315
126.5114,41.2315
126.5114,41.2315
133.374,43.0834
133.374,43.0834
133.374,43.0834
133.5793,42.5323
133.5793,42.5323
133.5793,42.5323
127.1118,42.0089
127.1118,42.0089
127.1118,42.0089
134.5648,42.6429
134.5648,42.6429
134.5648,42.6429
124.9104,42.9503
124.9104,42.9503
124.9104,42.9503
125.1003,42.6816
125.1003,42.6816
125.1003,42.6816
138.2267,40.7251
138.2267,40.7251
138.2267,40.7251
119.5627,42.3586
119.5627,42.3586
119.5627,42.3586
128.1305,41.9951
128.1305,41.9951
128.1305,41.9951
138.2608,42.7559
138.2608,42.7559
138.2608,42.7559
138.0317,42.7488
138.0317,42.7488
138.0317,42.7488
131.7242,42.1284
131.7242,42.1284
131.7242,42.1284
141.5637,41.7004
141.5637,41.7004
141.5637,41.7004
117.4758,42.004
117.4758,42.004
117.4758,42.004
143.365,43.4426
143.365,43.4426
143.365,43.4426
122.3935,42.7186
122.3935,42.7186
122.3935,42.7186
134.3279,40.9772
134.3279,40.9772
134.3279,40.9772
131.696,42.4815
131.696,42.4815
131.696,42.4815
143.6275,41.7011
143.6275,41.7011
143.6275,41.7011
137.0088,42.0766
137.0088,42.0766
137.0088,42.0766
146.8439,42.4599
146.8439,42.4599
146.8439,42.4599
135.0195,42.5986
135.0195,42.5986
135.0195,42.5986
124.0713,42.6563
124.0713,42.6563
124.0713,42.6563
140.8883,41.8977
140.8883,41.8977
140.8883,41.8977
121.6793,42.4621
121.6793,42.4621
121.6793,42.4621
137.9296,42.5081
137.9296,42.5081
137.9296,42.5081
134.3816,42.5346
134.3816,42.5346
134.3816,42.5346
119.9798,41.8418
119.9798,41.8418
119.9798,41.8418
119.7068,43.8472
119.7068,43.8472
119.7068,43.8472
120.8321,42.2581
120.8321,42.2581
120.8321,42.2581
137.3325,42.9111
137.3325,42.9111
137.3325,42.9111
127.6161,42.7449
127.6161,42.7449
127.6161,42.7449
123.3155,43.3018
123.3155,43.3018
123.3155,43.3018
121.7963,43.6604
121.7963,43.6604
121.7963,43.6604
138.2963,43.0265
138.2963,43.0265
138.2963,43.0265
130.7833,42.6718
130.7833,42.6718
130.7833,42.6718
135.4406,42.536
135.4406,42.536
135.4406,42.536
124.7351,42.364
124.7351,42.364
124.7351,42.364
128.2605,43.1722
128.2605,43.1722
128.2605,43.1722
130.8578,42.4919
130.8578,42.4919
130.8578,42.4919
123.5602,44.1068
123.5602,44.1068
123.5602,44.1068
119.2492,41.9504
119.2492,41.9504
119.2492,41.9504
117.7257,42.2926
117.7257,42.2926
117.7257,42.2926
125.2453,42.7826
125.2453,42.7826
125.2453,42.7826
116.4945,42.2849
116.4945,42.2849
116.4945,42.2849
121.9463,42.8243
121.9463,42.8243
121.9463,42.8243
130.1733,42.7627
130.1733,42.7627
130.1733,42.7627
137.3447,42.3982
137.3447,42.3982
137.3447,42.3982
116.4777,42.3837
116.4777,42.3837
116.4777,42.3837
129.8407,41.7438
129.8407,41.7438
129.8407,41.7438
124.886,42.983
124.886,42.983
124.886,42.983
126.3493,42.9217
126.3493,42.9217
126.3493,42.9217
120.7591,43.2068
120.7591,43.2068
120.7591,43.2068
134.4635,43.2424
134.4635,43.2424
134.4635,43.2424
135.8496,43.5064
135.8496,43.5064
135.8496,43.5064
128.9022,42.8861
128.9022,42.8861
128.9022,42.8861
116.7953,42.359
116.7953,42.359
116.7953,42.359
122.813,43.0202
122.813,43.0202
122.813,43.0202
126.2417,42.682
126.2417,42.682
126.2417,42.682
112.9201,42.5782
112.9201,42.5782
112.9201,42.5782
121.0341,43.3844
121.0341,43.3844
121.0341,43.3844
133.7802,44.2119
133.7802,44.2119
133.7802,44.2119
106.547,42.1746
106.547,42.1746
106.547,42.1746
124.9258,42.3341
124.9258,42.3341
124.9258,42.3341
113.9071,43.8151
113.9071,43.8151
113.9071,43.8151
118.1318,42.8181
118.1318,42.8181
118.1318,42.8181
129.9271,42.6611
129.9271,42.6611
129.9271,42.6611
130.5356,43.4129
130.5356,43.4129
130.5356,43.4129
124.3259,42.3155
124.3259,42.3155
124.3259,42.3155
132.2772,43.7739
132.2772,43.7739
132.2772,43.7739
127.5807,42.8287
127.5807,42.8287
127.5807,42.8287
114.9996,42.9898
114.9996,42.9898
114.9996,42.9898
118.7146,43.0404
118.7146,43.0404
118.7146,43.0404
122.9451,41.2678
122.9451,41.2678
122.9451,41.2678
121.6022,42.4586
121.6022,42.4586
121.6022,42.4586
126.3884,42.754
126.3884,42.754
126.3884,42.754
118.5448,42.4268
118.5448,42.4268
118.5448,42.4268
119.0034,42.5265
119.0034,42.5265
119.0034,42.5265
117.5253,43.5857
117.5253,43.5857
117.5253,43.5857
119.4301,43.035
119.4301,43.035
119.4301,43.035
129.2875,42.5729
129.2875,42.5729
129.2875,42.5729
115.7518,41.7241
115.7518,41.7241
115.7518,41.7241
121.2397,43.1655
121.2397,43.1655
121.2397,43.1655
113.0531,43.1699
113.0531,43.1699
113.0531,43.1699
122.2553,42.9121
122.2553,42.9121
122.2553,42.9121
128.9119,42.8248
128.9119,42.8248
128.9119,42.8248
116.1619,43.7604
116.1619,43.7604
116.1619,43.7604
130.9113,41.8113
130.9113,41.8113
130.9113,41.8113
132.4164,42.6398
132.4164,42.6398
132.4164,42.6398
110.9733,43.8436
110.9733,43.8436
110.9733,43.8436
130.5923,42.6122
130.5923,42.6122
130.5923,42.6122
115.7656,41.9235
115.7656,41.9235
115.7656,41.9235
136.9385,42.6215
136.9385,42.6215
136.9385,42.6215
130.8686,42.4867
130.8686,42.4867
130.8686,42.4867
131.1016,41.7564
131.1016,41.7564
131.1016,41.7564
123.1221,42.8648
123.1221,42.8648
123.1221,42.8648
126.2863,41.9375
126.2863,41.9375
126.2863,41.9375
113.9895,43.02
113.9895,43.02
113.9895,43.02
124.7257,42.571
124.7257,42.571
124.7257,42.571
121.5182,41.5389
121.5182,41.5389
121.5182,41.5389
117.3076,42.4852
117.3076,42.4852
117.3076,42.4852
117.414,42.3676
117.414,42.3676
117.414,42.3676
114.0574,42.876
114.0574,42.876
114.0574,42.876
112.8162,43.4685
112.8162,43.4685
112.8162,43.4685
124.919,42.5668
124.919,42.5668
124.919,42.5668
129.8456,44.7669
129.8456,44.7669
129.8456,44.7669
103.7728,42.8506
103.7728,42.8506
103.7728,42.8506
130.9685,42.9642
130.9685,42.9642
130.9685,42.9642
117.6229,43.0312
117.6229,43.0312
117.6229,43.0312
121.8397,41.2972
121.8397,41.2972
121.8397,41.2972
132.8717,42.768
132.8717,42.768
132.8717,42.768
118.1679,42.8164
118.1679,42.8164
118.1679,42.8164
137.3505,43.8389
137.3505,43.8389
137.3505,43.8389
108.6359,43.4494
108.6359,43.4494
108.6359,43.4494
119.5391,42.7915
119.5391,42.7915
119.5391,42.7915
122.0109,42.4286
122.0109,42.4286
122.0109,42.4286
133.9149,41.774
133.9149,41.774
133.9149,41.774
119.1051,42.3825
119.1051,42.3825
119.1051,42.3825
116.0297,43.2803
116.0297,43.2803
116.0297,43.2803
116.9575,42.054
116.9575,42.054
116.9575,42.054
119.373,42.1672
119.373,42.1672
119.373,42.1672
130.7235,42.8893
130.7235,42.8893
130.7235,42.8893
105.1604,41.6254
105.1604,41.6254
105.1604,41.6254
111.1422,42.8597
111.1422,42.8597
111.1422,42.8597
130.1419,42.8364
130.1419,42.8364
130.1419,42.8364
116.1665,42.5902
116.1665,42.5902
116.1665,42.5902
121.363,43.8086
121.363,43.8086
121.363,43.8086
122.8545,43.5204
122.8545,43.5204
122.8545,43.5204
115.6554,43.3091
115.6554,43.3091
115.6554,43.3091
116.8553,42.4263
116.8553,42.4263
116.8553,42.4263
121.8892,42.798
121.8892,42.798
121.8892,42.798
125.0675,42.8565
125.0675,42.8565
125.0675,42.8565
106.3275,42.6448
106.3275,42.6448
106.3275,42.6448
138.4677,42.5463
138.4677,42.5463
138.4677,42.5463
140.8191,42.5741
140.8191,42.5741
140.8191,42.5741
109.8258,43.2333
109.8258,43.2333
109.8258,43.2333
134.4995,43.0619
134.4995,43.0619
134.4995,43.0619
130.2978,41.9934
130.2978,41.9934
130.2978,41.9934
139.5762,42.9017
139.5762,42.9017
139.5762,42.9017
149.3814,43.6639
149.3814,43.6639
149.3814,43.6639
132.3285,43.0782
132.3285,43.0782
132.3285,43.0782
132.1765,43.1995
132.1765,43.1995
132.1765,43.1995
122.7529,43.665
122.7529,43.665
122.7529,43.665
130.839,43.0157
130.839,43.0157
130.839,43.0157
132.3007,41.6069
132.3007,41.6069
132.3007,41.6069
132.8183,43.7302
132.8183,43.7302
132.8183,43.7302
140.1252,42.1752
140.1252,42.1752
140.1252,42.1752
134.4109,43.3197
134.4109,43.3197
134.4109,43.3197
116.5754,43.387
116.5754,43.387
116.5754,43.387
110.5635,43.0802
110.5635,43.0802
110.5635,43.0802
141.9487,43.0076
141.9487,43.0076
141.9487,43.0076
132.7166,43.159
132.7166,43.159
132.7166,43.159
138.1451,43.3521
138.1451,43.3521
138.1451,43.3521
140.2452,41.8968
140.2452,41.8968
140.2452,41.8968
119.9338,43.072
119.9338,43.072
119.9338,43.072
140.8153,44.151
140.8153,44.151
140.8153,44.151
117.4585,42.0429
117.4585,42.0429
117.4585,42.0429
139.748,43.0745
139.748,43.0745
139.748,43.0745
120.9596,41.6528
120.9596,41.6528
120.9596,41.6528
135.1574,43.3243
135.1574,43.3243
135.1574,43.3243
133.7535,42.5768
133.7535,42.5768
133.7535,42.5768
121.9767,42.0944
121.9767,42.0944
121.9767,42.0944
132.3055,41.819
132.3055,41.819
132.3055,41.819
128.8913,42.537
128.8913,42.537
128.8913,42.537
134.2338,42.7545
134.2338,42.7545
134.2338,42.7545
137.5704,42.1653
137.5704,42.1653
137.5704,42.1653
132.2577,42.511
132.2577,42.511
132.2577,42.511
130.9122,43.038
130.9122,43.038
130.9122,43.038
136.4662,41.5998
136.4662,41.5998
136.4662,41.5998
137.7536,42.8032
137.7536,42.8032
137.7536,42.8032
119.7964,42.9103
119.7964,42.9103
119.7964,42.9103
138.2047,43.325
138.2047,43.325
138.2047,43.325
119.7443,43.4581
119.7443,43.4581
119.7443,43.4581
140.3885,41.8445
140.3885,41.8445
140.3885,41.8445
127.0914,42.6004
127.0914,42.6004
127.0914,42.6004
135.7106,41.9891
135.7106,41.9891
135.7106,41.9891
133.3166,42.8191
133.3166,42.8191
133.3166,42.8191
126.7216,42.5165
126.7216,42.5165
126.7216,42.5165
126.5639,43.1218
126.5639,43.1218
126.5639,43.1218
129.0395,42.7578
129.0395,42.7578
129.0395,42.7578
133.1795,43.1135
133.1795,43.1135
133.1795,43.1135
129.8731,43.0664
129.8731,43.0664
129.8731,43.0664
127.7472,43.1075
127.7472,43.1075
127.7472,43.1075
120.3637,42.1676
120.3637,42.1676
120.3637,42.1676
133.5658,42.9887
133.5658,42.9887
133.5658,42.9887
127.0792,42.2909
127.0792,42.2909
127.0792,42.2909
131.8202,40.9185
131.8202,40.9185
131.8202,40.9185
127.1014,43.3077
127.1014,43.3077
127.1014,43.3077
133.6255,42.421
133.6255,42.421
133.6255,42.421
117.3605,44.372
117.3605,44.372
117.3605,44.372
137.3136,42.9946
137.3136,42.9946
137.3136,42.9946
149.8548,41.9252
149.8548,41.9252
149.8548,41.9252
135.1218,42.4471
135.1218,42.4471
135.1218,42.4471
125.3093,42.916
125.3093,42.916
125.3093,42.916
131.1213,43.0814
131.1213,43.0814
131.1213,43.0814
117.3814,42.8444
117.3814,42.8444
117.3814,42.8444
126.8713,42.902
126.8713,42.902
126.8713,42.902
124.3762,42.405
124.3762,42.405
124.3762,42.405
108.8337,41.4928
108.8337,41.4928
108.8337,41.4928
117.9874,42.6443
117.9874,42.6443
117.9874,42.6443
124.8095,42.7114
124.8095,42.7114
124.8095,42.7114
139.4666,42.2481
139.4666,42.2481
139.4666,42.2481
126.5179,43.0096
126.5179,43.0096
126.5179,43.0096
130.5757,43.5069
130.5757,43.5069
130.5757,43.5069
114.5723,43.6505
114.5723,43.6505
114.5723,43.6505
124.2292,42.4844
124.2292,42.4844
124.2292,42.4844
126.2246,42.5812
126.2246,42.5812
126.2246,42.5812
126.7439,41.7781
126.7439,41.7781
126.7439,41.7781
124.0177,42.592
124.0177,42.592
124.0177,42.592
128.9306,43.2738
128.9306,43.2738
128.9306,43.2738
119.3498,42.0636
119.3498,42.0636
119.3498,42.0636
116.5295,42.3715
116.5295,42.3715
116.5295,42.3715
125.2767,43.2841
125.2767,43.2841
125.2767,43.2841
120.7279,43.962
120.7279,43.962
120.7279,43.962
127.4522,42.5805
127.4522,42.5805
127.4522,42.5805
107.6364,43.3435
107.6364,43.3435
107.6364,43.3435
117.49,43.3707
117.49,43.3707
117.49,43.3707
135.6524,42.6526
135.6524,42.6526
135.6524,42.6526
116.8557,43.8609
116.8557,43.8609
116.8557,43.8609
132.0201,43.1246
132.0201,43.1246
132.0201,43.1246
138.5598,43.6156
138.5598,43.6156
138.5598,43.6156
122.5249,42.7608
122.5249,42.7608
122.5249,42.7608
133.5457,43.2434
133.5457,43.2434
133.5457,43.2434
120.4126,43.1753
120.4126,43.1753
120.4126,43.1753
111.1149,42.0572
111.1149,42.0572
111.1149,42.0572
130.4898,42.6684
130.4898,42.6684
130.4898,42.6684
126.6025,42.8712
126.6025,42.8712
126.6025,42.8712
138.275,42.5307
138.275,42.5307
138.275,42.5307
119.3911,42.5424
119.3911,42.5424
119.3911,42.5424
114.8704,42.4767
114.8704,42.4767
114.8704,42.4767
125.1642,42.8342
125.1642,42.8342
125.1642,42.8342
117.8688,41.6931
117.8688,41.6931
117.8688,41.6931
124.7052,42.6055
124.7052,42.6055
124.7052,42.6055
122.0614,43.7272
122.0614,43.7272
122.0614,43.7272
124.0114,42.552
124.0114,42.552
124.0114,42.552
130.7781,42.2922
130.7781,42.2922
130.7781,42.2922
136.6902,42.8963
136.6902,42.8963
136.6902,42.8963
115.1017,41.91
115.1017,41.91
115.1017,41.91
127.7577,42.7419
127.7577,42.7419
127.7577,42.7419
134.7413,43.161
134.7413,43.161
134.7413,43.161
136.0502,42.3178
136.0502,42.3178
136.0502,42.3178
124.459,42.8262
124.459,42.8262
124.459,42.8262
137.0064,42.1702
137.0064,42.1702
137.0064,42.1702
115.7112,42.5557
115.7112,42.5557
115.7112,42.5557
128.3894,44.3179
128.3894,44.3179
128.3894,44.3179
115.0208,41.9971
115.0208,41.9971
115.0208,41.9971
131.8106,43.0052
131.8106,43.0052
131.8106,43.0052
119.3899,42.1693
119.3899,42.1693
119.3899,42.1693
136.2038,42.8069
136.2038,42.8069
136.2038,42.8069
123.5031,42.6323
123.5031,42.6323
123.5031,42.6323
138.7054,43.0041
138.7054,43.0041
138.7054,43.0041
141.1149,42.0335
141.1149,42.0335
141.1149,42.0335
126.4671,43.073
126.4671,43.073
126.4671,43.073
142.3822,42.3195
142.3822,42.3195
142.3822,42.3195
136.7539,42.5572
136.7539,42.5572
136.7539,42.5572
117.9722,42.1901
117.9722,42.1901
117.9722,42.1901
148.8133,41.5095
148.8133,41.5095
148.8133,41.5095
131.5682,42.7076
131.5682,42.7076
131.5682,42.7076
146.5867,42.7264
146.5867,42.7264
146.5867,42.7264
138.5874,42.8621
138.5874,42.8621
138.5874,42.8621
151.3701,42.7077
151.3701,42.7077
151.3701,42.7077
132.3697,43.2922
132.3697,43.2922
132.3697,43.2922
157.7934,42.575
157.7934,42.575
157.7934,42.575
134.5193,42.4615
134.5193,42.4615
134.5193,42.4615
158.892,42.855
158.892,42.855
158.892,42.855
131.4718,41.3044
131.4718,41.3044
131.4718,41.3044
133.4396,42.4695
133.4396,42.4695
133.4396,42.4695
133.671,43.3729
133.671,43.3729
133.671,43.3729
136.6094,42.6858
136.6094,42.6858
136.6094,42.6858
131.3949,41.3703
131.3949,41.3703
131.3949,41.3703
115.4237,42.7166
115.4237,42.7166
115.4237,42.7166
127.6561,41.6614
127.6561,41.6614
127.6561,41.6614
128.277,42.7573
128.277,42.7573
128.277,42.7573
118.9955,43.2646
118.9955,43.2646
118.9955,43.2646
137.7235,44.0637
137.7235,44.0637
137.7235,44.0637
137.9245,43.6988
137.9245,43.6988
137.9245,43.6988
115.0127,42.3103
115.0127,42.3103
115.0127,42.3103
127.3428,43.1894
127.3428,43.1894
127.3428,43.1894
132.6812,42.2731
132.6812,42.2731
132.6812,42.2731
121.14,43.1993
121.14,43.1993
121.14,43.1993
135.7185,43.295
135.7185,43.295
135.7185,43.295
125.673,43.0655
125.673,43.0655
125.673,43.0655
118.1877,42.8304
118.1877,42.8304
118.1877,42.8304
131.182,43.1639
131.182,43.1639
131.182,43.1639
132.827,44.4666
132.827,44.4666
132.827,44.4666
146.7348,42.7187
146.7348,42.7187
146.7348,42.7187
109.4059,42.3075
109.4059,42.3075
109.4059,42.3075
137.6239,43.888
137.6239,43.888
137.6239,43.888
118.125,42.9864
118.125,42.9864
118.125,42.9864
117.4037,42.9791
117.4037,42.9791
117.4037,42.9791
116.8271,43.1592
116.8271,43.1592
116.8271,43.1592
123.4477,42.5702
123.4477,42.5702
123.4477,42.5702
130.4031,42.7705
130.4031,42.7705
130.4031,42.7705
116.4787,43.7091
116.4787,43.7091
116.4787,43.7091
132.5755,43.2415
132.5755,43.2415
132.5755,43.2415
114.5106,43.8534
114.5106,43.8534
114.5106,43.8534
115.4518,42.9059
115.4518,42.9059
115.4518,42.9059
122.7011,41.9693
122.7011,41.9693
122.7011,41.9693
118.4892,42.9405
118.4892,42.9405
118.4892,42.9405
119.1605,43.2903
119.1605,43.2903
119.1605,43.2903
122.6954,43.2678
122.6954,43.2678
122.6954,43.2678
124.1102,42.2503
124.1102,42.2503
124.1102,42.2503
122.0259,43.8092
122.0259,43.8092
122.0259,43.8092
129.269,43.0749
129.269,43.0749
129.269,43.0749
128.1413,43.9132
128.1413,43.9132
128.1413,43.9132
117.7938,42.8657
117.7938,42.8657
117.7938,42.8657
119.873,42.7875
119.873,42.7875
119.873,42.7875
113.6558,43.4403
113.6558,43.4403
113.6558,43.4403
117.9656,42.9812
117.9656,42.9812
117.9656,42.9812
123.5903,43.0944
123.5903,43.0944
123.5903,43.0944
110.3197,43.1059
110.3197,43.1059
110.3197,43.1059
107.8344,42.9608
107.8344,42.9608
107.8344,42.9608
115.9507,43.3153
115.9507,43.3153
115.9507,43.3153
113.5485,43.077
113.5485,43.077
113.5485,43.077
140.1554,43.9024
140.1554,43.9024
140.1554,43.9024
122.6809,43.4163
122.6809,43.4163
122.6809,43.4163
130.6168,43.4131
130.6168,43.4131
130.6168,43.4131
114.5899,43.1627
114.5899,43.1627
114.5899,43.1627
121.6795,42.5521
121.6795,42.5521
121.6795,42.5521
123.6874,43.3387
123.6874,43.3387
123.6874,43.3387
123.1594,44.2202
123.1594,44.2202
123.1594,44.2202
122.6164,42.8556
122.6164,42.8556
122.6164,42.8556
127.1377,44.1379
127.1377,44.1379
127.1377,44.1379
122.8376,43.2986
122.8376,43.2986
122.8376,43.2986
119.5361,42.5568
119.5361,42.5568
119.5361,42.5568
118.9642,42.7492
118.9642,42.7492
118.9642,42.7492
117.0479,43.7088
117.0479,43.7088
117.0479,43.7088
117.5595,43.4463
117.5595,43.4463
117.5595,43.4463
121.6676,43.329
121.6676,43.329
121.6676,43.329
123.5724,43.0895
123.5724,43.0895
123.5724,43.0895
121.9761,42.1304
121.9761,42.1304
121.9761,42.1304
118.016,42.73
118.016,42.73
118.016,42.73
107.5039,42.9775
107.5039,42.9775
107.5039,42.9775
109.9885,42.9497
109.9885,42.9497
109.9885,42.9497
134.2092,43.0051
134.2092,43.0051
134.2092,43.0051
118.2034,43.3595
118.2034,43.3595
118.2034,43.3595
119.0386,44.0936
119.0386,44.0936
119.0386,44.0936
116.5631,43.145
116.5631,43.145
116.5631,43.145
122.1863,44.1842
122.1863,44.1842
122.1863,44.1842
114.8636,43.5081
114.8636,43.5081
114.8636,43.5081
109.6477,43.909
109.6477,43.909
109.6477,43.909
110.9321,43.6249
110.9321,43.6249
110.9321,43.6249
124.7465,43.3971
124.7465,43.3971
124.7465,43.3971
123.2095,43.0621
123.2095,43.0621
123.2095,43.0621
120.8654,43.6405
120.8654,43.6405
120.8654,43.6405
125.9883,43.1046
125.9883,43.1046
125.9883,43.1046
116.6483,42.9752
116.6483,42.9752
116.6483,42.9752
120.6204,43.2171
120.6204,43.2171
120.6204,43.2171
132.8139,43.5153
132.8139,43.5153
132.8139,43.5153
106.8275,42.7331
106.8275,42.7331
106.8275,42.7331
121.3105,43.6415
121.3105,43.6415
121.3105,43.6415
116.4105,43.1114
116.4105,43.1114
116.4105,43.1114
122.0763,43.1614
122.0763,43.1614
122.0763,43.1614
126.8543,43.9423
126.8543,43.9423
126.8543,43.9423
119.739,42.6203
119.739,42.6203
119.739,42.6203
118.3846,43.5233
118.3846,43.5233
118.3846,43.5233
119.1794,43.5362
119.1794,43.5362
119.1794,43.5362
126.2738,44.116
126.2738,44.116
126.2738,44.116
129.716,42.6903
129.716,42.6903
129.716,42.6903
119.2171,43.0489
119.2171,43.0489
119.2171,43.0489
121.9202,44.2451
121.9202,44.2451
121.9202,44.2451
127.714,41.7284
127.714,41.7284
127.714,41.7284
129.9298,42.9565
129.9298,42.9565
129.9298,42.9565
132.3276,41.8531
132.3276,41.8531
132.3276,41.8531
127.2426,42.9983
127.2426,42.9983
127.2426,42.9983
128.2607,44.0866
128.2607,44.0866
128.2607,44.0866
127.9116,42.697
127.9116,42.697
127.9116,42.697
133.923,43.0606
133.923,43.0606
133.923,43.0606
132.8218,42.3042
132.8218,42.3042
132.8218,42.3042
135.3957,42.586
135.3957,42.586
135.3957,42.586
138.3745,41.9514
138.3745,41.9514
138.3745,41.9514
139.5788,42.9533
139.5788,42.9533
139.5788,42.9533
142.4735,43.2303
142.4735,43.2303
142.4735,43.2303
130.6319,42.9099
130.6319,42.9099
130.6319,42.9099
136.3201,42.7394
136.3201,42.7394
136.3201,42.7394
137.7965,42.4524
137.7965,42.4524
137.7965,42.4524
123.7419,43.0434
123.7419,43.0434
123.7419,43.0434
128.011,42.1256
128.011,42.1256
128.011,42.1256
157.68,42.4126
157.68,42.4126
157.68,42.4126
142.7562,42.3025
142.7562,42.3025
142.7562,42.3025
130.4489,41.6878
130.4489,41.6878
130.4489,41.6878
129.9996,43.4492
129.9996,43.4492
129.9996,43.4492
137.6611,42.9013
137.6611,42.9013
137.6611,42.9013
154.2135,42.5582
154.2135,42.5582
154.2135,42.5582
128.7731,43.2417
128.7731,43.2417
128.7731,43.2417
119.6446,44.2089
119.6446,44.2089
119.6446,44.2089
113.3462,45.1514
113.3462,45.1514
113.3462,45.1514
105.8689,43.7457
105.8689,43.7457
105.8689,43.7457
111.6755,45.0042
111.6755,45.0042
111.6755,45.0042
105.9021,42.9253
105.9021,42.9253
105.9021,42.9253
111.9954,43.0153
111.9954,43.0153
111.9954,43.0153
113.5953,44.1727
113.5953,44.1727
113.5953,44.1727
110.6658,43.9329
110.6658,43.9329
110.6658,43.9329
120.0315,43.6626
120.0315,43.6626
120.0315,43.6626
104.1419,43.7331
104.1419,43.7331
104.1419,43.7331
103.1519,43.5333
103.1519,43.5333
103.1519,43.5333
108.6395,42.9118
108.6395,42.9118
108.6395,42.9118
114.2003,45.3351
114.2003,45.3351
114.2003,45.3351
99.4859,44.5068
99.4859,44.5068
99.4859,44.5068
108.0642,43.9946
108.0642,43.9946
108.0642,43.9946
109.5553,43.4966
109.5553,43.4966
109.5553,43.4966
101.3002,43.7817
101.3002,43.7817
101.3002,43.7817
107.332,44.0494
107.332,44.0494
107.332,44.0494
98.9544,43.0961
98.9544,43.0961
98.9544,43.0961
96.2178,43.9636
96.2178,43.9636
96.2178,43.9636
96.4597,43.9781
96.4597,43.9781
96.4597,43.9781
101.9619,43.6133
101.9619,43.6133
101.9619,43.6133
104.8615,44.0986
104.8615,44.0986
104.8615,44.0986
90.1692,43.9918
90.1692,43.9918
90.1692,43.9918
104.144,44.0618
104.144,44.0618
104.144,44.0618
91.7005,44.3449
91.7005,44.3449
91.7005,44.3449
89.9959,44.7305
89.9959,44.7305
89.9959,44.7305
98.3778,44.705
98.3778,44.705
98.3778,44.705
102.8516,43.7006
102.8516,43.7006
102.8516,43.7006
100.6815,44.166
100.6815,44.166
100.6815,44.166
98.3071,44.5403
98.3071,44.5403
98.3071,44.5403
94.0351,42.9987
94.0351,42.9987
94.0351,42.9987
100.8107,43.0713
100.8107,43.0713
100.8107,43.0713
104.1932,43.3128
104.1932,43.3128
104.1932,43.3128
116.7724,43.8782
116.7724,43.8782
116.7724,43.8782
93.7465,43.9267
93.7465,43.9267
93.7465,43.9267
89.7309,44.7244
89.7309,44.7244
89.7309,44.7244
96.0526,43.5114
96.0526,43.5114
96.0526,43.5114
103.0303,43.5257
103.0303,43.5257
103.0303,43.5257
98.682,44.8163
98.682,44.8163
98.682,44.8163
91.0014,43.8761
91.0014,43.8761
91.0014,43.8761
94.9415,45.2656
94.9415,45.2656
94.9415,45.2656
100.6845,43.1908
100.6845,43.1908
100.6845,43.1908
95.5487,45.4655
95.5487,45.4655
95.5487,45.4655
104.8431,43.8087
104.8431,43.8087
104.8431,43.8087
106.7291,45.4654
106.7291,45.4654
106.7291,45.4654
100.9146,43.7378
100.9146,43.7378
100.9146,43.7378
101.8054,43.3146
101.8054,43.3146
101.8054,43.3146
100.1149,43.4069
100.1149,43.4069
100.1149,43.4069
100.6546,44.4129
100.6546,44.4129
100.6546,44.4129
95.1833,43.5435
95.1833,43.5435
95.1833,43.5435
89.111,44.8084
89.111,44.8084
89.111,44.8084
107.0621,43.5589
107.0621,43.5589
107.0621,43.5589
102.2338,43.5451
102.2338,43.5451
102.2338,43.5451
96.6902,44.9986
96.6902,44.9986
96.6902,44.9986
95.4368,43.4463
95.4368,43.4463
95.4368,43.4463
86.3428,43.3752
86.3428,43.3752
86.3428,43.3752
94.1675,42.7282
94.1675,42.7282
94.1675,42.7282
106.9932,44.4976
106.9932,44.4976
106.9932,44.4976
103.0075,44.2028
103.0075,44.2028
103.0075,44.2028
104.8442,44.8704
104.8442,44.8704
104.8442,44.8704
97.1505,43.9242
97.1505,43.9242
97.1505,43.9242
102.3369,45.3275
102.3369,45.3275
102.3369,45.3275
101.2655,43.6861
101.2655,43.6861
101.2655,43.6861
99.5444,44.1339
99.5444,44.1339
99.5444,44.1339
97.9552,43.5291
97.9552,43.5291
97.9552,43.5291
104.4732,44.1169
104.4732,44.1169
104.4732,44.1169
92.4466,43.6808
92.4466,43.6808
92.4466,43.6808
98.8961,44.3397
98.8961,44.3397
98.8961,44.3397
101.712,43.3937
101.712,43.3937
101.712,43.3937
91.0154,44.1363
91.0154,44.1363
91.0154,44.1363
89.6247,43.2287
89.6247,43.2287
89.6247,43.2287
106.9837,42.8885
106.9837,42.8885
106.9837,42.8885
87.6754,44.3333
87.6754,44.3333
87.6754,44.3333
93.7768,42.9709
93.7768,42.9709
93.7768,42.9709
93.2612,44.5215
93.2612,44.5215
93.2612,44.5215
96.948,43.1681
96.948,43.1681
96.948,43.1681
102.8431,44.6659
102.8431,44.6659
102.8431,44.6659
109.6423,44.5827
109.6423,44.5827
109.6423,44.5827
90.3295,43.5077
90.3295,43.5077
90.3295,43.5077
99.1425,43.3101
99.1425,43.3101
99.1425,43.3101
95.5651,44.059
95.5651,44.059
95.5651,44.059
87.8368,44.7695
87.8368,44.7695
87.8368,44.7695
101.8664,43.8893
101.8664,43.8893
101.8664,43.8893
98.5249,43.3468
98.5249,43.3468
98.5249,43.3468
109.827,44.8124
109.827,44.8124
109.827,44.8124
97.7168,44.9023
97.7168,44.9023
97.7168,44.9023
96.3918,42.9897
96.3918,42.9897
96.3918,42.9897
108.0143,44.7393
108.0143,44.7393
108.0143,44.7393
106.1059,43.3584
106.1059,43.3584
106.1059,43.3584
94.3962,44.3259
94.3962,44.3259
94.3962,44.3259
102.4704,43.657
102.4704,43.657
102.4704,43.657
103.2407,43.6872
103.2407,43.6872
103.2407,43.6872
103.0629,44.2377
103.0629,44.2377
103.0629,44.2377
101.128,44.8556
101.128,44.8556
101.128,44.8556
104.3209,44.0186
104.3209,44.0186
104.3209,44.0186
95.2942,42.4789
95.2942,42.4789
95.2942,42.4789
102.3128,43.7696
102.3128,43.7696
102.3128,43.7696
101.6552,42.8812
101.6552,42.8812
101.6552,42.8812
92.0812,43.9157
92.0812,43.9157
92.0812,43.9157
96.605,44.3091
96.605,44.3091
96.605,44.3091
119.1199,44.5443
119.1199,44.5443
119.1199,44.5443
92.3908,43.5782
92.3908,43.5782
92.3908,43.5782
105.7601,43.0296
105.7601,43.0296
105.7601,43.0296
100.3982,43.3137
100.3982,43.3137
100.3982,43.3137
96.2841,43.413
96.2841,43.413
96.2841,43.413
93.0909,43.4656
93.0909,43.4656
93.0909,43.4656
107.3321,43.9406
107.3321,43.9406
107.3321,43.9406
103.1353,44.0301
103.1353,44.0301
103.1353,44.0301
92.0089,43.0462
92.0089,43.0462
92.0089,43.0462
96.8423,44.3822
96.8423,44.3822
96.8423,44.3822
99.4017,43.5643
99.4017,43.5643
99.4017,43.5643
108.3122,44.4801
108.3122,44.4801
108.3122,44.4801
100.6126,43.9728
100.6126,43.9728
100.6126,43.9728
92.4141,44.1284
92.4141,44.1284
92.4141,44.1284
102.2044,43.631
102.2044,43.631
102.2044,43.631
101.2244,44.2753
101.2244,44.2753
101.2244,44.2753
90.3652,43.125
90.3652,43.125
90.3652,43.125
91.047,43.5354
91.047,43.5354
91.047,43.5354
91.5171,43.6488
91.5171,43.6488
91.5171,43.6488
89.8714,44.3027
89.8714,44.3027
89.8714,44.3027
97.1695,44.4053
97.1695,44.4053
97.1695,44.4053
87.5063,42.9016
87.5063,42.9016
87.5063,42.9016
100.3434,42.7427
100.3434,42.7427
100.3434,42.7427
96.1104,44.4103
96.1104,44.4103
96.1104,44.4103
98.1323,43.9488
98.1323,43.9488
98.1323,43.9488
94.6509,43.4354
94.6509,43.4354
94.6509,43.4354
104.6437,43.6613
104.6437,43.6613
104.6437,43.6613
91.6869,43.897
91.6869,43.897
91.6869,43.897
103.9725,45.6491
103.9725,45.6491
103.9725,45.6491
93.2388,43.6616
93.2388,43.6616
93.2388,43.6616
86.172,42.7902
86.172,42.7902
86.172,42.7902
100.7295,42.9778
100.7295,42.9778
100.7295,42.9778
94.0264,43.7631
94.0264,43.7631
94.0264,43.7631
108.5549,44.2235
108.5549,44.2235
108.5549,44.2235
112.9746,44.1495
112.9746,44.1495
112.9746,44.1495
89.3415,44.2502
89.3415,44.2502
89.3415,44.2502
89.7784,42.9258
89.7784,42.9258
89.7784,42.9258
101.7015,43.3115
101.7015,43.3115
101.7015,43.3115
102.1756,43.9366
102.1756,43.9366
102.1756,43.9366
90.2611,43.9201
90.2611,43.9201
90.2611,43.9201
96.4761,45.1602
96.4761,45.1602
96.4761,45.1602
93.8374,43.6543
93.8374,43.6543
93.8374,43.6543
87.9341,43.285
87.9341,43.285
87.9341,43.285
90.5179,43.3858
90.5179,43.3858
90.5179,43.3858
92.9344,45.065
92.9344,45.065
92.9344,45.065
86.647,42.834
86.647,42.834
86.647,42.834
98.7643,43.5861
98.7643,43.5861
98.7643,43.5861
91.6588,43.2861
91.6588,43.2861
91.6588,43.2861
99.1527,44.06
99.1527,44.06
99.1527,44.06
99.1996,44.2806
99.1996,44.2806
99.1996,44.2806
98.1404,44.0695
98.1404,44.0695
98.1404,44.0695
92.8795,44.5079
92.8795,44.5079
92.8795,44.5079
88.2781,44.2268
88.2781,44.2268
88.2781,44.2268
98.6859,42.9827
98.6859,42.9827
98.6859,42.9827
113.84,44.9487
113.84,44.9487
113.84,44.9487
101.386,43.6564
101.386,43.6564
101.386,43.6564
103.1718,43.5838
103.1718,43.5838
103.1718,43.5838
101.391,44.3821
101.391,44.3821
101.391,44.3821
91.8926,44.9907
91.8926,44.9907
91.8926,44.9907
100.2017,43.2632
100.2017,43.2632
100.2017,43.2632
97.8834,44.677
97.8834,44.677
97.8834,44.677
100.0653,44.8407
100.0653,44.8407
100.0653,44.8407
87.0972,42.7976
87.0972,42.7976
87.0972,42.7976
93.8192,43.6817
93.8192,43.6817
93.8192,43.6817
87.4836,44.7809
87.4836,44.7809
87.4836,44.7809
94.0102,44.1211
94.0102,44.1211
94.0102,44.1211
94.089,43.5571
94.089,43.5571
94.089,43.5571
103.8418,43.255
103.8418,43.255
103.8418,43.255
88.9942,42.9246
88.9942,42.9246
88.9942,42.9246
95.5677,43.0639
95.5677,43.0639
95.5677,43.0639
95.4056,43.5704
95.4056,43.5704
95.4056,43.5704
92.1148,43.2824
92.1148,43.2824
92.1148,43.2824
99.2052,42.9059
99.2052,42.9059
99.2052,42.9059
104.0738,44.6468
104.0738,44.6468
104.0738,44.6468
91.7566,44.4332
91.7566,44.4332
91.7566,44.4332
100.9741,43.6911
100.9741,43.6911
100.9741,43.6911
95.8943,43.5592
95.8943,43.5592
95.8943,43.5592
95.0033,43.6557
95.0033,43.6557
95.0033,43.6557
93.2447,43.3855
93.2447,43.3855
93.2447,43.3855
98.0661,44.8322
98.0661,44.8322
98.0661,44.8322
96.6382,43.4144
96.6382,43.4144
96.6382,43.4144
91.5817,45.2422
91.5817,45.2422
91.5817,45.2422
93.7974,44.4725
93.7974,44.4725
93.7974,44.4725
105.8096,43.0169
105.8096,43.0169
105.8096,43.0169
99.8729,43.7126
99.8729,43.7126
99.8729,43.7126
85.2291,42.7388
85.2291,42.7388
85.2291,42.7388
106.4227,44.0018
106.4227,44.0018
106.4227,44.0018
102.315,43.1761
102.315,43.1761
102.315,43.1761
110.3896,43.7722
110.3896,43.7722
110.3896,43.7722
98.0098,43.9705
98.0098,43.9705
98.0098,43.9705
87.3212,43.5245
87.3212,43.5245
87.3212,43.5245
98.5964,43.1559
98.5964,43.1559
98.5964,43.1559
97.4873,44.1349
97.4873,44.1349
97.4873,44.1349
107.728,42.5886
107.728,42.5886
107.728,42.5886
104.3664,44.6406
104.3664,44.6406
104.3664,44.6406
103.4662,44.8739
103.4662,44.8739
103.4662,44.8739
93.3944,44.1166
93.3944,44.1166
93.3944,44.1166
91.034,43.9865
91.034,43.9865
91.034,43.9865
97.938,44.2691
97.938,44.2691
97.938,44.2691
102.0577,45.452
102.0577,45.452
102.0577,45.452
93.3057,44.3952
93.3057,44.3952
93.3057,44.3952
99.7721,43.7076
99.7721,43.7076
99.7721,43.7076
96.5909,44.6195
96.5909,44.6195
96.5909,44.6195
97.9739,44.0152
97.9739,44.0152
97.9739,44.0152
97.2684,44.0551
97.2684,44.0551
97.2684,44.0551
96.9436,44.4791
96.9436,44.4791
96.9436,44.4791
100.6256,44.5844
100.6256,44.5844
100.6256,44.5844
99.6437,44.4017
99.6437,44.4017
99.6437,44.4017
101.3839,44.2494
101.3839,44.2494
101.3839,44.2494
100.2122,44.3662
100.2122,44.3662
100.2122,44.3662
96.3664,44.2213
96.3664,44.2213
96.3664,44.2213
95.4319,42.7045
95.4319,42.7045
95.4319,42.7045
100.2465,44.6885
100.2465,44.6885
100.2465,44.6885
92.5528,45.3973
92.5528,45.3973
92.5528,45.3973
98.436,43.0396
98.436,43.0396
98.436,43.0396
98.8714,44.5865
98.8714,44.5865
98.8714,44.5865
97.8901,42.4198
97.8901,42.4198
97.8901,42.4198
93.7323,43.8927
93.7323,43.8927
93.7323,43.8927
102.0836,43.8876
102.0836,43.8876
102.0836,43.8876
96.3634,43.7463
96.3634,43.7463
96.3634,43.7463
108.9522,44.6286
108.9522,44.6286
108.9522,44.6286
101.1542,44.5463
101.1542,44.5463
101.1542,44.5463
100.8515,42.9912
100.8515,42.9912
100.8515,42.9912
98.1712,43.6253
98.1712,43.6253
98.1712,43.6253
97.9406,43.8019
97.9406,43.8019
97.9406,43.8019
98.3964,42.6361
98.3964,42.6361
98.3964,42.6361
97.8065,43.106
97.8065,43.106
97.8065,43.106
98.1388,44.2424
98.1388,44.2424
98.1388,44.2424
103.2035,43.2244
103.2035,43.2244
103.2035,43.2244
94.281,44.7353
94.281,44.7353
94.281,44.7353
95.6534,44.2784
95.6534,44.2784
95.6534,44.2784
105.099,45.5926
105.099,45.5926
105.099,45.5926
103.1452,44.7149
103.1452,44.7149
103.1452,44.7149
96.1437,43.7074
96.1437,43.7074
96.1437,43.7074
116.2348,43.6994
116.2348,43.6994
116.2348,43.6994
92.7885,44.082
92.7885,44.082
92.7885,44.082
95.7962,43.6463
95.7962,43.6463
95.7962,43.6463
94.4299,45.1146
94.4299,45.1146
94.4299,45.1146
101.7321,42.8818
101.7321,42.8818
101.7321,42.8818
100.0852,44.6274
100.0852,44.6274
100.0852,44.6274
97.1635,43.5439
97.1635,43.5439
97.1635,43.5439
95.3326,44.2384
95.3326,44.2384
95.3326,44.2384
97.19,43.2529
97.19,43.2529
97.19,43.2529
93.5923,44.1332
93.5923,44.1332
93.5923,44.1332
87.4693,43.9607
87.4693,43.9607
87.4693,43.9607
89.1493,43.2234
89.1493,43.2234
89.1493,43.2234
108.8431,42.5454
108.8431,42.5454
108.8431,42.5454
92.0604,43.6182
92.0604,43.6182
92.0604,43.6182
89.5373,43.1165
89.5373,43.1165
89.5373,43.1165
91.8763,43.515
91.8763,43.515
91.8763,43.515
112.219,42.923
112.219,42.923
112.219,42.923
92.7635,42.6068
92.7635,42.6068
92.7635,42.6068
96.2234,45.2932
96.2234,45.2932
96.2234,45.2932
89.3119,44.2123
89.3119,44.2123
89.3119,44.2123
95.8655,45.4262
95.8655,45.4262
95.8655,45.4262
88.9116,43.1651
88.9116,43.1651
88.9116,43.1651
100.888,43.2697
100.888,43.2697
100.888,43.2697
98.1013,42.4048
98.1013,42.4048
98.1013,42.4048
96.1903,44.4886
96.1903,44.4886
96.1903,44.4886
98.9417,43.1524
98.9417,43.1524
98.9417,43.1524
96.8684,43.7449
96.8684,43.7449
96.8684,43.7449
101.7996,44.6156
101.7996,44.6156
101.7996,44.6156
99.703,44.0813
99.703,44.0813
99.703,44.0813
105.7034,43.5036
105.7034,43.5036
105.7034,43.5036
91.2521,44.3
91.2521,44.3
91.2521,44.3
99.8545,44.1728
99.8545,44.1728
99.8545,44.1728
101.0463,43.5011
101.0463,43.5011
101.0463,43.5011
92.7714,44.0044
92.7714,44.0044
92.7714,44.0044
95.585,42.4078
95.585,42.4078
95.585,42.4078
88.4793,46.1152
88.4793,46.1152
88.4793,46.1152
98.2359,43.0744
98.2359,43.0744
98.2359,43.0744
102.9155,43.696
102.9155,43.696
102.9155,43.696
94.5576,43.7471
94.5576,43.7471
94.5576,43.7471
94.1977,44.7405
94.1977,44.7405
94.1977,44.7405
94.2376,43.5185
94.2376,43.5185
94.2376,43.5185
97.5221,44.2435
97.5221,44.2435
97.5221,44.2435
99.7341,44.0424
99.7341,44.0424
99.7341,44.0424
87.3804,43.5577
87.3804,43.5577
87.3804,43.5577
89.4901,42.5756
89.4901,42.5756
89.4901,42.5756
102.2789,45.181
102.2789,45.181
102.2789,45.181
98.0991,44.222
98.0991,44.222
98.0991,44.222
96.3049,44.4429
96.3049,44.4429
96.3049,44.4429
96.5753,45.1083
96.5753,45.1083
96.5753,45.1083
90.4636,43.3071
90.4636,43.3071
90.4636,43.3071
89.2098,44.5201
89.2098,44.5201
89.2098,44.5201
90.9006,44.4685
90.9006,44.4685
90.9006,44.4685
100.8414,44.278
100.8414,44.278
100.8414,44.278
106.1596,45.1007
106.1596,45.1007
106.1596,45.1007
107.4026,43.4271
107.4026,43.4271
107.4026,43.4271
91.5805,44.2157
91.5805,44.2157
91.5805,44.2157
93.2364,43.16
93.2364,43.16
93.2364,43.16
96.6704,44.4732
96.6704,44.4732
96.6704,44.4732
98.331,44.619
98.331,44.619
98.331,44.619
82.6196,42.6455
82.6196,42.6455
82.6196,42.6455
94.9558,43.2731
94.9558,43.2731
94.9558,43.2731
99.8936,44.1607
99.8936,44.1607
99.8936,44.1607
96.9839,44.0401
96.9839,44.0401
96.9839,44.0401
98.5856,44.7444
98.5856,44.7444
98.5856,44.7444
92.3673,44.8773
92.3673,44.8773
92.3673,44.8773
98.0759,43.1372
98.0759,43.1372
98.0759,43.1372
97.6689,44.5898
97.6689,44.5898
97.6689,44.5898
103.772,44.3971
103.772,44.3971
103.772,44.3971
109.155,44.2185
109.155,44.2185
109.155,44.2185
96.8879,43.8943
96.8879,43.8943
96.8879,43.8943
107.5079,44.1776
107.5079,44.1776
107.5079,44.1776
91.4541,43.7343
91.4541,43.7343
91.4541,43.7343
93.3133,42.8745
93.3133,42.8745
93.3133,42.8745
93.8709,44.1492
93.8709,44.1492
93.8709,44.1492
98.4801,44.3108
98.4801,44.3108
98.4801,44.3108
98.0172,43.8404
98.0172,43.8404
98.0172,43.8404
100.3287,43.486
100.3287,43.486
100.3287,43.486
102.3917,43.351
102.3917,43.351
102.3917,43.351
103.4651,44.4877
103.4651,44.4877
103.4651,44.4877
102.0097,44.0882
102.0097,44.0882
102.0097,44.0882
104.8531,44.1895
104.8531,44.1895
104.8531,44.1895
100.6479,44.5552
100.6479,44.5552
100.6479,44.5552
104.1795,43.4187
104.1795,43.4187
104.1795,43.4187
93.4196,43.6442
93.4196,43.6442
93.4196,43.6442
95.8533,44.5435
95.8533,44.5435
95.8533,44.5435
94.1626,44.1936
94.1626,44.1936
94.1626,44.1936
102.2539,44.7675
102.2539,44.7675
102.2539,44.7675
101.6912,45.8922
101.6912,45.8922
101.6912,45.8922
101.8109,43.583
101.8109,43.583
101.8109,43.583
99.688,44.8053
99.688,44.8053
99.688,44.8053
102.4462,44.063
102.4462,44.063
102.4462,44.063
94.0896,43.4425
94.0896,43.4425
94.0896,43.4425
110.6875,45.763
110.6875,45.763
110.6875,45.763
103.0681,42.6073
103.0681,42.6073
103.0681,42.6073
99.3732,44.0842
99.3732,44.0842
99.3732,44.0842
95.9538,45.0498
95.9538,45.0498
95.9538,45.0498
87.6886,43.8031
87.6886,43.8031
87.6886,43.8031
102.8198,44.9566
102.8198,44.9566
102.8198,44.9566
103.0514,44.1453
103.0514,44.1453
103.0514,44.1453
101.1177,42.6913
101.1177,42.6913
101.1177,42.6913
105.1983,44.6012
105.1983,44.6012
105.1983,44.6012
99.4456,45.0252
99.4456,45.0252
99.4456,45.0252
102.5524,42.723
102.5524,42.723
102.5524,42.723
91.3965,44.6772
91.3965,44.6772
91.3965,44.6772
93.4854,44.5493
93.4854,44.5493
93.4854,44.5493
104.1741,44.0976
104.1741,44.0976
104.1741,44.0976
101.2737,44.048
101.2737,44.048
101.2737,44.048
80.7846,42.8637
80.7846,42.8637
80.7846,42.8637
108.1446,44.1884
108.1446,44.1884
108.1446,44.1884
113.2374,44.3013
113.2374,44.3013
113.2374,44.3013
94.7047,43.0044
94.7047,43.0044
94.7047,43.0044
101.7381,44.4869
101.7381,44.4869
101.7381,44.4869
100.6302,42.5413
100.6302,42.5413
100.6302,42.5413
108.6321,44.9641
108.6321,44.9641
108.6321,44.9641
106.8186,43.4155
106.8186,43.4155
106.8186,43.4155
93.9901,44.0364
93.9901,44.0364
93.9901,44.0364
93.3893,44.3638
93.3893,44.3638
93.3893,44.3638
99.9289,43.6107
99.9289,43.6107
99.9289,43.6107
90.0441,42.9766
90.0441,42.9766
90.0441,42.9766
89.0254,43.7859
89.0254,43.7859
89.0254,43.7859
103.7388,42.3843
103.7388,42.3843
103.7388,42.3843
93.686,44.1153
93.686,44.1153
93.686,44.1153
90.4002,44.2446
90.4002,44.2446
90.4002,44.2446
87.3025,43.6372
87.3025,43.6372
87.3025,43.6372
100.4169,43.5458
100.4169,43.5458
100.4169,43.5458
97.4277,43.934
97.4277,43.934
97.4277,43.934
94.5995,43.4503
94.5995,43.4503
94.5995,43.4503
106.1511,43.9655
106.1511,43.9655
106.1511,43.9655
97.4601,44.4065
97.4601,44.4065
97.4601,44.4065
107.8926,44.8787
107.8926,44.8787
107.8926,44.8787
98.8628,44.7201
98.8628,44.7201
98.8628,44.7201
109.1459,44.1113
109.1459,44.1113
109.1459,44.1113
87.7321,43.3142
87.7321,43.3142
87.7321,43.3142
89.043,42.7456
89.043,42.7456
89.043,42.7456
98.3563,43.0111
98.3563,43.0111
98.3563,43.0111
105.4781,45.307
105.4781,45.307
105.4781,45.307
102.9581,43.4801
102.9581,43.4801
102.9581,43.4801
99.6904,44.0703
99.6904,44.0703
99.6904,44.0703
100.3651,44.1207
100.3651,44.1207
100.3651,44.1207
94.481,44.6708
94.481,44.6708
94.481,44.6708
93.2961,43.9693
93.2961,43.9693
93.2961,43.9693
101.7321,43.485
101.7321,43.485
101.7321,43.485
86.7363,43.4918
86.7363,43.4918
86.7363,43.4918
93.9233,43.8446
93.9233,43.8446
93.9233,43.8446
106.8051,42.9441
106.8051,42.9441
106.8051,42.9441
99.3346,44.4223
99.3346,44.4223
99.3346,44.4223
99.296,43.959
99.296,43.959
99.296,43.959
100.909,43.156
100.909,43.156
100.909,43.156
95.3464,43.6036
95.3464,43.6036
95.3464,43.6036
104.2045,43.6021
104.2045,43.6021
104.2045,43.6021
88.5852,44.041
88.5852,44.041
88.5852,44.041
100.1924,43.7552
100.1924,43.7552
100.1924,43.7552
102.3567,44.2255
102.3567,44.2255
102.3567,44.2255
100.5068,44.4434
100.5068,44.4434
100.5068,44.4434
94.6275,44.0082
94.6275,44.0082
94.6275,44.0082
93.4462,43.587
93.4462,43.587
93.4462,43.587
93.5871,44.6766
93.5871,44.6766
93.5871,44.6766
92.6993,45.6652
92.6993,45.6652
92.6993,45.6652
90.3006,45.3531
90.3006,45.3531
90.3006,45.3531
110.9686,44.2683
110.9686,44.2683
110.9686,44.2683
82.8143,45.6443
82.8143,45.6443
82.8143,45.6443
92.2586,44.2078
92.2586,44.2078
92.2586,44.2078
95.5955,44.1525
95.5955,44.1525
95.5955,44.1525
99.8772,45.0258
99.8772,45.0258
99.8772,45.0258
92.0524,44.2945
92.0524,44.2945
92.0524,44.2945
99.0623,44.0685
99.0623,44.0685
99.0623,44.0685
93.2471,44.3256
93.2471,44.3256
93.2471,44.3256
103.0349,44.8971
103.0349,44.8971
103.0349,44.8971
102.0447,43.9625
102.0447,43.9625
102.0447,43.9625
92.0309,44.1178
92.0309,44.1178
92.0309,44.1178
100.0174,43.287
100.0174,43.287
100.0174,43.287
101.9844,44.6533
101.9844,44.6533
101.9844,44.6533
94.5317,43.2977
94.5317,43.2977
94.5317,43.2977
94.6411,43.7583
94.6411,43.7583
94.6411,43.7583
88.7579,44.1451
88.7579,44.1451
88.7579,44.1451
87.4448,44.1463
87.4448,44.1463
87.4448,44.1463
94.9448,44.4251
94.9448,44.4251
94.9448,44.4251
89.8585,43.2225
89.8585,43.2225
89.8585,43.2225
105.9168,44.9193
105.9168,44.9193
105.9168,44.9193
92.1637,44.2843
92.1637,44.2843
92.1637,44.2843
96.1738,43.8875
96.1738,43.8875
96.1738,43.8875
91.0701,44.1234
91.0701,44.1234
91.0701,44.1234
97.5671,45.4211
97.5671,45.4211
97.5671,45.4211
93.8733,44.6832
93.8733,44.6832
93.8733,44.6832
109.0576,44.2415
109.0576,44.2415
109.0576,44.2415
100.6286,44.9038
100.6286,44.9038
100.6286,44.9038
100.8353,44.6536
100.8353,44.6536
100.8353,44.6536
92.717,44.2791
92.717,44.2791
92.717,44.2791
95.5511,45.2033
95.5511,45.2033
95.5511,45.2033
91.9509,43.6846
91.9509,43.6846
91.9509,43.6846
99.3199,43.5358
99.3199,43.5358
99.3199,43.5358
101.3335,44.8505
101.3335,44.8505
101.3335,44.8505
102.1864,44.2633
102.1864,44.2633
102.1864,44.2633
101.0055,43.3471
101.0055,43.3471
101.0055,43.3471
91.8869,44.2331
91.8869,44.2331
91.8869,44.2331
104.3544,44.1696
104.3544,44.1696
104.3544,44.1696
86.8017,44.3354
86.8017,44.3354
86.8017,44.3354
93.1844,42.3292
93.1844,42.3292
93.1844,42.3292
93.0327,44.5949
93.0327,44.5949
93.0327,44.5949
89.0081,43.8142
89.0081,43.8142
89.0081,43.8142
89.7754,43.55
89.7754,43.55
89.7754,43.55
93.1308,43.8212
93.1308,43.8212
93.1308,43.8212
99.9174,43.9722
99.9174,43.9722
99.9174,43.9722
103.1808,43.8346
103.1808,43.8346
103.1808,43.8346
97.4094,43.715
97.4094,43.715
97.4094,43.715
98.8194,44.7281
98.8194,44.7281
98.8194,44.7281
93.6882,43.8457
93.6882,43.8457
93.6882,43.8457
103.1576,44.4196
103.1576,44.4196
103.1576,44.4196
89.9377,44.4658
89.9377,44.4658
89.9377,44.4658
93.3988,44.0919
93.3988,44.0919
93.3988,44.0919
107.6444,44.1456
107.6444,44.1456
107.6444,44.1456
94.2023,43.5842
94.2023,43.5842
94.2023,43.5842
105.3333,42.8848
105.3333,42.8848
105.3333,42.8848
88.2775,45.2125
88.2775,45.2125
88.2775,45.2125
100.3824,42.596
100.3824,42.596
100.3824,42.596
95.3852,43.501
95.3852,43.501
95.3852,43.501
100.532,43.936
100.532,43.936
100.532,43.936
101.7135,44.1733
101.7135,44.1733
101.7135,44.1733
89.2039,44.1201
89.2039,44.1201
89.2039,44.1201
98.7041,44.1345
98.7041,44.1345
98.7041,44.1345
90.8669,45.2021
90.8669,45.2021
90.8669,45.2021
95.7976,45.2437
95.7976,45.2437
95.7976,45.2437
87.9567,44.0104
87.9567,44.0104
87.9567,44.0104
98.6246,43.9465
98.6246,43.9465
98.6246,43.9465
98.1061,44.26
98.1061,44.26
98.1061,44.26
96.307,43.5544
96.307,43.5544
96.307,43.5544
107.6219,42.7745
107.6219,42.7745
107.6219,42.7745
97.6491,43.709
97.6491,43.709
97.6491,43.709
96.6717,44.0265
96.6717,44.0265
96.6717,44.0265
93.5027,44.0533
93.5027,44.0533
93.5027,44.0533
103.157,43.1935
103.157,43.1935
103.157,43.1935
93.0535,43.3798
93.0535,43.3798
93.0535,43.3798
99.3266,43.7131
99.3266,43.7131
99.3266,43.7131
105.0336,44.2844
105.0336,44.2844
105.0336,44.2844
99.3307,44.2576
99.3307,44.2576
99.3307,44.2576
98.0069,44.2077
98.0069,44.2077
98.0069,44.2077
97.6617,42.3922
97.6617,42.3922
97.6617,42.3922
92.3977,44.9224
92.3977,44.9224
92.3977,44.9224
105.551,45.4
105.551,45.4
105.551,45.4
90.7714,44.4057
90.7714,44.4057
90.7714,44.4057
104.1322,44.002
104.1322,44.002
104.1322,44.002
90.1573,44.3519
90.1573,44.3519
90.1573,44.3519
93.7748,43.124
93.7748,43.124
93.7748,43.124
99.0483,42.6198
99.0483,42.6198
99.0483,42.6198
95.0039,44.9542
95.0039,44.9542
95.0039,44.9542
103.0554,44.3016
103.0554,44.3016
103.0554,44.3016
98.0007,44.9296
98.0007,44.9296
98.0007,44.9296
93.9523,43.141
93.9523,43.141
93.9523,43.141
97.4376,43.2286
97.4376,43.2286
97.4376,43.2286
96.2258,43.72
96.2258,43.72
96.2258,43.72
93.3362,42.9468
93.3362,42.9468
93.3362,42.9468
103.1519,44.048
103.1519,44.048
103.1519,44.048
95.3253,43.6854
95.3253,43.6854
95.3253,43.6854
92.2769,44.602
92.2769,44.602
92.2769,44.602
95.9114,44.2372
95.9114,44.2372
95.9114,44.2372
88.9466,44.5885
88.9466,44.5885
88.9466,44.5885
91.7797,44.7587
91.7797,44.7587
91.7797,44.7587
101.2392,43.4273
101.2392,43.4273
101.2392,43.4273
90.4439,43.8229
90.4439,43.8229
90.4439,43.8229
101.803,43.0924
101.803,43.0924
101.803,43.0924
94.1607,44.4004
94.1607,44.4004
94.1607,44.4004
93.5829,44.1978
93.5829,44.1978
93.5829,44.1978
91.7188,43.3385
91.7188,43.3385
91.7188,43.3385
107.5718,44.0947
107.5718,44.0947
107.5718,44.0947
90.1718,45.179
90.1718,45.179
90.1718,45.179
100.8014,44.3618
100.8014,44.3618
100.8014,44.3618
90.2488,44.139
90.2488,44.139
90.2488,44.139
91.0302,43.4282
91.0302,43.4282
91.0302,43.4282
101.2054,43.6193
101.2054,43.6193
101.2054,43.6193
103.8095,44.8002
103.8095,44.8002
103.8095,44.8002
96.5535,44.6086
96.5535,44.6086
96.5535,44.6086
97.2333,44.3191
97.2333,44.3191
97.2333,44.3191
101.8638,45.1611
101.8638,45.1611
101.8638,45.1611
91.1628,44.9242
91.1628,44.9242
91.1628,44.9242
90.9496,44.1443
90.9496,44.1443
90.9496,44.1443
90.6193,43.6075
90.6193,43.6075
90.6193,43.6075
91.0957,44.7646
91.0957,44.7646
91.0957,44.7646
97.9777,44.1915
97.9777,44.1915
97.9777,44.1915
109.2594,44.3806
109.2594,44.3806
109.2594,44.3806
109.2953,43.7425
109.2953,43.7425
109.2953,43.7425
96.1336,46.4192
96.1336,46.4192
96.1336,46.4192
103.6604,44.6849
103.6604,44.6849
103.6604,44.6849
102.8427,43.6532
102.8427,43.6532
102.8427,43.6532
95.4143,44.5475
95.4143,44.5475
95.4143,44.5475
94.1141,42.5968
94.1141,42.5968
94.1141,42.5968
88.9832,43.5192
88.9832,43.5192
88.9832,43.5192
90.8943,43.9131
90.8943,43.9131
90.8943,43.9131
104.8042,42.8501
104.8042,42.8501
104.8042,42.8501
91.9717,43.6929
91.9717,43.6929
91.9717,43.6929
109.2945,44.1726
109.2945,44.1726
109.2945,44.1726
97.6468,43.7254
97.6468,43.7254
97.6468,43.7254
100.4556,43.7161
100.4556,43.7161
100.4556,43.7161
95.8066,43.5832
95.8066,43.5832
95.8066,43.5832
89.5524,45.4
89.5524,45.4
89.5524,45.4
89.1749,44.1094
89.1749,44.1094
89.1749,44.1094
94.2265,44.3526
94.2265,44.3526
94.2265,44.3526
96.12,44.9256
96.12,44.9256
96.12,44.9256
105.286,44.8781
105.286,44.8781
105.286,44.8781
97.3534,45.1054
97.3534,45.1054
97.3534,45.1054
105.1049,43.4229
105.1049,43.4229
105.1049,43.4229
96.8241,44.3576
96.8241,44.3576
96.8241,44.3576
101.401,45.8966
101.401,45.8966
101.401,45.8966
107.1394,43.2107
107.1394,43.2107
107.1394,43.2107
105.2876,44.893
105.2876,44.893
105.2876,44.893
104.3762,42.4866
104.3762,42.4866
104.3762,42.4866
94.5648,44.803
94.5648,44.803
94.5648,44.803
89.0028,44.315
89.0028,44.315
89.0028,44.315
92.7563,45.431
92.7563,45.431
92.7563,45.431
98.3957,42.8816
98.3957,42.8816
98.3957,42.8816
102.1467,44.037
102.1467,44.037
102.1467,44.037
90.8299,45.6862
90.8299,45.6862
90.8299,45.6862
99.4084,43.2836
99.4084,43.2836
99.4084,43.2836
98.8264,43.4594
98.8264,43.4594
98.8264,43.4594
105.2375,43.8888
105.2375,43.8888
105.2375,43.8888
85.098,43.6733
85.098,43.6733
85.098,43.6733
89.9665,43.234
89.9665,43.234
89.9665,43.234
96.6859,45.4889
96.6859,45.4889
96.6859,45.4889
96.5927,44.4407
96.5927,44.4407
96.5927,44.4407
102.6386,44.1679
102.6386,44.1679
102.6386,44.1679
99.7194,45.1348
99.7194,45.1348
99.7194,45.1348
96.9,43.1177
96.9,43.1177
96.9,43.1177
91.9975,44.844
91.9975,44.844
91.9975,44.844
76.4029,44.0774
76.4029,44.0774
76.4029,44.0774
92.3969,43.9692
92.3969,43.9692
92.3969,43.9692
100.9067,45.0449
100.9067,45.0449
100.9067,45.0449
96.9783,43.8228
96.9783,43.8228
96.9783,43.8228
97.8871,44.2101
97.8871,44.2101
97.8871,44.2101
99.0104,43.8951
99.0104,43.8951
99.0104,43.8951
92.5608,43.4009
92.5608,43.4009
92.5608,43.4009
96.14,44.3552
96.14,44.3552
96.14,44.3552
98.3118,44.1365
98.3118,44.1365
98.3118,44.1365
92.2283,43.5703
92.2283,43.5703
92.2283,43.5703
94.0657,43.293
94.0657,43.293
94.0657,43.293
94.7135,44.2058
94.7135,44.2058
94.7135,44.2058
108.4824,44.1137
108.4824,44.1137
108.4824,44.1137
92.09,44.3809
92.09,44.3809
92.09,44.3809
107.4212,43.3816
107.4212,43.3816
107.4212,43.3816
91.9936,43.0646
91.9936,43.0646
91.9936,43.0646
76.9001,44.8998
76.9001,44.8998
76.9001,44.8998
96.3247,43.7443
96.3247,43.7443
96.3247,43.7443
110.1054,45.2236
110.1054,45.2236
110.1054,45.2236
103.7621,43.3089
103.7621,43.3089
103.7621,43.3089
108.0631,44.1158
108.0631,44.1158
108.0631,44.1158
102.4605,44.4584
102.4605,44.4584
102.4605,44.4584
95.7561,44.5604
95.7561,44.5604
95.7561,44.5604
103.8011,44.1814
103.8011,44.1814
103.8011,44.1814
102.4788,44.001
102.4788,44.001
102.4788,44.001
103.631,44.652
103.631,44.652
103.631,44.652
92.4678,46.0269
92.4678,46.0269
92.4678,46.0269
97.6133,44.9798
97.6133,44.9798
97.6133,44.9798
91.2033,43.2425
91.2033,43.2425
91.2033,43.2425
102.4664,43.3175
102.4664,43.3175
102.4664,43.3175
104.7114,43.6033
104.7114,43.6033
104.7114,43.6033
107.0274,45.1922
107.0274,45.1922
107.0274,45.1922
90.1921,44.093
90.1921,44.093
90.1921,44.093
100.1221,44.376
100.1221,44.376
100.1221,44.376
102.4064,44.1334
102.4064,44.1334
102.4064,44.1334
93.8064,45.3147
93.8064,45.3147
93.8064,45.3147
89.4709,44.4132
89.4709,44.4132
89.4709,44.4132
92.0257,43.8889
92.0257,43.8889
92.0257,43.8889
103.0503,44.3122
103.0503,44.3122
103.0503,44.3122
96.2303,43.4626
96.2303,43.4626
96.2303,43.4626
98.8693,43.8544
98.8693,43.8544
98.8693,43.8544
104.303,44.5625
104.303,44.5625
104.303,44.5625
97.8582,43.6194
97.8582,43.6194
97.8582,43.6194
83.6363,43.8776
83.6363,43.8776
83.6363,43.8776
103.1254,44.2685
103.1254,44.2685
103.1254,44.2685
100.9478,44.1771
100.9478,44.1771
100.9478,44.1771
104.9987,44.411
104.9987,44.411
104.9987,44.411
91.2061,43.5097
91.2061,43.5097
91.2061,43.5097
108.3883,44.2775
108.3883,44.2775
108.3883,44.2775
95.9522,43.9899
95.9522,43.9899
95.9522,43.9899
84.6553,43.8547
84.6553,43.8547
84.6553,43.8547
95.8018,43.9304
95.8018,43.9304
95.8018,43.9304
88.6377,45.0318
88.6377,45.0318
88.6377,45.0318
98.3604,43.9473
98.3604,43.9473
98.3604,43.9473
98.6948,43.2124
98.6948,43.2124
98.6948,43.2124
93.3436,44.0227
93.3436,44.0227
93.3436,44.0227
102.1329,45.0785
102.1329,45.0785
102.1329,45.0785
101.6013,43.2194
101.6013,43.2194
101.6013,43.2194
101.4464,44.2363
101.4464,44.2363
101.4464,44.2363
90.9787,43.7187
90.9787,43.7187
90.9787,43.7187
109.2045,44.2325
109.2045,44.2325
109.2045,44.2325
97.3421,43.5486
97.3421,43.5486
97.3421,43.5486
103.2245,44.1958
103.2245,44.1958
103.2245,44.1958
97.3352,44.9601
97.3352,44.9601
97.3352,44.9601
102.5362,44.5596
102.5362,44.5596
102.5362,44.5596
95.2681,42.8788
95.2681,42.8788
95.2681,42.8788
97.6535,44.8514
97.6535,44.8514
97.6535,44.8514
92.9124,42.6122
92.9124,42.6122
92.9124,42.6122
94.817,45.7155
94.817,45.7155
94.817,45.7155
102.1298,43.9919
102.1298,43.9919
102.1298,43.9919
99.9328,43.9857
99.9328,43.9857
99.9328,43.9857
92.5755,44.5395
92.5755,44.5395
92.5755,44.5395
96.2302,44.4144
96.2302,44.4144
96.2302,44.4144
102.1587,43.6609
102.1587,43.6609
102.1587,43.6609
97.7541,44.3855
97.7541,44.3855
97.7541,44.3855
104.3893,43.4312
104.3893,43.4312
104.3893,43.4312
97.8451,44.1554
97.8451,44.1554
97.8451,44.1554
110.9051,43.8294
110.9051,43.8294
110.9051,43.8294
98.8839,43.8888
98.8839,43.8888
98.8839,43.8888
89.0312,43.8223
89.0312,43.8223
89.0312,43.8223
96.4416,44.8193
96.4416,44.8193
96.4416,44.8193
90.5195,45.2416
90.5195,45.2416
90.5195,45.2416
102.6226,44.8498
102.6226,44.8498
102.6226,44.8498
96.3054,44.0734
96.3054,44.0734
96.3054,44.0734
101.5111,43.5962
101.5111,43.5962
101.5111,43.5962
89.3207,42.9583
89.3207,42.9583
89.3207,42.9583
98.5565,43.8936
98.5565,43.8936
98.5565,43.8936
88.1804,44.1885
88.1804,44.1885
88.1804,44.1885
99.1314,45.0736
99.1314,45.0736
99.1314,45.0736
109.0423,43.3519
109.0423,43.3519
109.0423,43.3519
95.6175,45.0804
95.6175,45.0804
95.6175,45.0804
99.1915,43.9024
99.1915,43.9024
99.1915,43.9024
95.8308,43.3731
95.8308,43.3731
95.8308,43.3731
91.2327,43.6469
91.2327,43.6469
91.2327,43.6469
81.9593,43.3998
81.9593,43.3998
81.9593,43.3998
85.9862,44.5636
85.9862,44.5636
85.9862,44.5636
96.6424,43.7142
96.6424,43.7142
96.6424,43.7142
101.0271,44.0074
101.0271,44.0074
101.0271,44.0074
87.1182,43.6053
87.1182,43.6053
87.1182,43.6053
106.2497,43.9504
106.2497,43.9504
106.2497,43.9504
95.903,43.8718
95.903,43.8718
95.903,43.8718
91.4319,44.0391
91.4319,44.0391
91.4319,44.0391
95.5073,45.1349
95.5073,45.1349
95.5073,45.1349
98.9203,46.3794
98.9203,46.3794
98.9203,46.3794
90.2529,43.2949
90.2529,43.2949
90.2529,43.2949
90.9954,43.888
90.9954,43.888
90.9954,43.888
88.4523,44.1463
88.4523,44.1463
88.4523,44.1463
100.543,44.1188
100.543,44.1188
100.543,44.1188
100.4682,43.9999
100.4682,43.9999
100.4682,43.9999
95.4688,43.8399
95.4688,43.8399
95.4688,43.8399
100.5882,42.7851
100.5882,42.7851
100.5882,42.7851
89.8472,42.8086
89.8472,42.8086
89.8472,42.8086
91.6841,43.9897
91.6841,43.9897
91.6841,43.9897
91.8902,43.6891
91.8902,43.6891
91.8902,43.6891
105.2694,43.9541
105.2694,43.9541
105.2694,43.9541
100.8346,44.2224
100.8346,44.2224
100.8346,44.2224
104.6417,43.3957
104.6417,43.3957
104.6417,43.3957
89.5808,43.0543
89.5808,43.0543
89.5808,43.0543
95.4729,44.1567
95.4729,44.1567
95.4729,44.1567
101.3763,43.1938
101.3763,43.1938
101.3763,43.1938
97.7981,44.8015
97.7981,44.8015
97.7981,44.8015
101.4661,43.7688
101.4661,43.7688
101.4661,43.7688
99.1137,43.6565
99.1137,43.6565
99.1137,43.6565
91.0354,44.2454
91.0354,44.2454
91.0354,44.2454
106.3583,44.5202
106.3583,44.5202
106.3583,44.5202
104.0892,43.9553
104.0892,43.9553
104.0892,43.9553
93.2741,43.2685
93.2741,43.2685
93.2741,43.2685
94.8872,44.4475
94.8872,44.4475
94.8872,44.4475
99.2514,44.1669
99.2514,44.1669
99.2514,44.1669
94.7042,44.6389
94.7042,44.6389
94.7042,44.6389
99.7488,44.1994
99.7488,44.1994
99.7488,44.1994
102.8432,44.5014
102.8432,44.5014
102.8432,44.5014
104.8215,44.1045
104.8215,44.1045
104.8215,44.1045
93.4411,43.2615
93.4411,43.2615
93.4411,43.2615
96.7643,44.6883
96.7643,44.6883
96.7643,44.6883
96.1555,44.7077
96.1555,44.7077
96.1555,44.7077
95.0454,44.3553
95.0454,44.3553
95.0454,44.3553
100.4637,43.4795
100.4637,43.4795
100.4637,43.4795
88.2713,44.7149
88.2713,44.7149
88.2713,44.7149
103.1805,44.9488
103.1805,44.9488
103.1805,44.9488
94.0945,44.5441
94.0945,44.5441
94.0945,44.5441
93.9488,44.31
93.9488,44.31
93.9488,44.31
89.1419,44.8356
89.1419,44.8356
89.1419,44.8356
94.8635,43.7573
94.8635,43.7573
94.8635,43.7573
94.4485,43.2484
94.4485,43.2484
94.4485,43.2484
87.6341,43.8298
87.6341,43.8298
87.6341,43.8298
96.9568,44.0575
96.9568,44.0575
96.9568,44.0575
104.1474,44.3364
104.1474,44.3364
104.1474,44.3364
95.6395,43.1925
95.6395,43.1925
95.6395,43.1925
96.3455,44.5827
96.3455,44.5827
96.3455,44.5827
97.3905,43.9006
97.3905,43.9006
97.3905,43.9006
88.3424,44.8257
88.3424,44.8257
88.3424,44.8257
97.4235,45.1696
97.4235,45.1696
97.4235,45.1696
108.8927,42.8452
108.8927,42.8452
108.8927,42.8452
100.7308,43.3431
100.7308,43.3431
100.7308,43.3431
96.7762,44.4183
96.7762,44.4183
96.7762,44.4183
94.3191,43.7583
94.3191,43.7583
94.3191,43.7583
105.9173,44.6156
105.9173,44.6156
105.9173,44.6156
90.4234,43.7242
90.4234,43.7242
90.4234,43.7242
107.6172,43.6308
107.6172,43.6308
107.6172,43.6308
86.3001,43.8755
86.3001,43.8755
86.3001,43.8755
97.8747,43.9756
97.8747,43.9756
97.8747,43.9756
85.8293,44.3231
85.8293,44.3231
85.8293,44.3231
94.2657,44.6073
94.2657,44.6073
94.2657,44.6073
88.8809,44.3063
88.8809,44.3063
88.8809,44.3063
98.9425,43.4612
98.9425,43.4612
98.9425,43.4612
96.684,43.5016
96.684,43.5016
96.684,43.5016
87.2746,44.0416
87.2746,44.0416
87.2746,44.0416
92.349,44.4281
92.349,44.4281
92.349,44.4281
98.0944,43.8026
98.0944,43.8026
98.0944,43.8026
104.7273,45.4485
104.7273,45.4485
104.7273,45.4485
86.1048,43.0945
86.1048,43.0945
86.1048,43.0945
87.4548,44.7213
87.4548,44.7213
87.4548,44.7213
99.4662,44.6581
99.4662,44.6581
99.4662,44.6581
97.6422,44.735
97.6422,44.735
97.6422,44.735
85.7023,43.9978
85.7023,43.9978
85.7023,43.9978
103.4538,43.964
103.4538,43.964
103.4538,43.964
93.564,44.6807
93.564,44.6807
93.564,44.6807
87.5997,43.1151
87.5997,43.1151
87.5997,43.1151
97.6818,43.8979
97.6818,43.8979
97.6818,43.8979
98.5728,43.681
98.5728,43.681
98.5728,43.681
110.2964,45.2056
110.2964,45.2056
110.2964,45.2056
99.7054,44.3822
99.7054,44.3822
99.7054,44.3822
95.9373,44.0779
95.9373,44.0779
95.9373,44.0779
99.1743,43.422
99.1743,43.422
99.1743,43.422
106.394,43.9905
106.394,43.9905
106.394,43.9905
93.3643,44.9994
93.3643,44.9994
93.3643,44.9994
90.2951,43.362
90.2951,43.362
90.2951,43.362
91.6644,45.1376
91.6644,45.1376
91.6644,45.1376
90.2552,44.7799
90.2552,44.7799
90.2552,44.7799
95.1074,44.5136
95.1074,44.5136
95.1074,44.5136
99.563,44.0445
99.563,44.0445
99.563,44.0445
96.988,44.4038
96.988,44.4038
96.988,44.4038
93.9961,42.9686
93.9961,42.9686
93.9961,42.9686
91.3375,43.9404
91.3375,43.9404
91.3375,43.9404
98.4247,43.7826
98.4247,43.7826
98.4247,43.7826
99.9808,43.7418
99.9808,43.7418
99.9808,43.7418
102.3528,43.5639
102.3528,43.5639
102.3528,43.5639
88.8994,42.831
88.8994,42.831
88.8994,42.831
102.041,43.5528
102.041,43.5528
102.041,43.5528
95.5493,44.5809
95.5493,44.5809
95.5493,44.5809
92.7768,45.0515
92.7768,45.0515
92.7768,45.0515
88.8454,44.5693
88.8454,44.5693
88.8454,44.5693
105.094,42.3741
105.094,42.3741
105.094,42.3741
96.5163,44.2652
96.5163,44.2652
96.5163,44.2652
94.5502,44.7359
94.5502,44.7359
94.5502,44.7359
96.1675,45.1355
96.1675,45.1355
96.1675,45.1355
97.6865,43.9346
97.6865,43.9346
97.6865,43.9346
99.1209,43.8765
99.1209,43.8765
99.1209,43.8765
91.3954,44.7035
91.3954,44.7035
91.3954,44.7035
105.4177,43.0876
105.4177,43.0876
105.4177,43.0876
98.5758,43.8212
98.5758,43.8212
98.5758,43.8212
109.6172,44.8046
109.6172,44.8046
109.6172,44.8046
92.0461,44.2672
92.0461,44.2672
92.0461,44.2672
93.5494,44.2356
93.5494,44.2356
93.5494,44.2356
85.4936,43.8201
85.4936,43.8201
85.4936,43.8201
89.8905,45.0124
89.8905,45.0124
89.8905,45.0124
112.2318,42.9488
112.2318,42.9488
112.2318,42.9488
96.5664,43.9586
96.5664,43.9586
96.5664,43.9586
91.2895,42.9512
91.2895,42.9512
91.2895,42.9512
85.7198,42.6948
85.7198,42.6948
85.7198,42.6948
87.732,43.7156
87.732,43.7156
87.732,43.7156
93.2791,43.3635
93.2791,43.3635
93.2791,43.3635
95.5837,44.3368
95.5837,44.3368
95.5837,44.3368
97.4148,44.6385
97.4148,44.6385
97.4148,44.6385
102.6854,43.6983
102.6854,43.6983
102.6854,43.6983
95.5761,45.5388
95.5761,45.5388
95.5761,45.5388
88.8893,44.2914
88.8893,44.2914
88.8893,44.2914
96.787,44.0112
96.787,44.0112
96.787,44.0112
95.2566,43.6437
95.2566,43.6437
95.2566,43.6437
94.4152,45.4355
94.4152,45.4355
94.4152,45.4355
104.3568,43.6659
104.3568,43.6659
104.3568,43.6659
87.4108,43.8966
87.4108,43.8966
87.4108,43.8966
92.1707,43.8753
92.1707,43.8753
92.1707,43.8753
94.3493,44.1958
94.3493,44.1958
94.3493,44.1958
98.8689,43.9569
98.8689,43.9569
98.8689,43.9569
99.1223,44.475
99.1223,44.475
99.1223,44.475
86.0789,43.8016
86.0789,43.8016
86.0789,43.8016
87.2941,45.3086
87.2941,45.3086
87.2941,45.3086
92.6049,44.4315
92.6049,44.4315
92.6049,44.4315
98.5664,44.2021
98.5664,44.2021
98.5664,44.2021
90.7332,43.1897
90.7332,43.1897
90.7332,43.1897
99.7359,44.2142
99.7359,44.2142
99.7359,44.2142
82.0495,44.8189
82.0495,44.8189
82.0495,44.8189
102.1648,44.0442
102.1648,44.0442
102.1648,44.0442
89.6364,44.5604
89.6364,44.5604
89.6364,44.5604
88.6639,44.3951
88.6639,44.3951
88.6639,44.3951
98.8195,44.0608
98.8195,44.0608
98.8195,44.0608
94.3091,44.4125
94.3091,44.4125
94.3091,44.4125
93.6631,43.7653
93.6631,43.7653
93.6631,43.7653
96.557,44.274
96.557,44.274
96.557,44.274
100.3067,44.6298
100.3067,44.6298
100.3067,44.6298
98.6996,43.9936
98.6996,43.9936
98.6996,43.9936
100.8604,44.695
100.8604,44.695
100.8604,44.695
98.3392,44.6364
98.3392,44.6364
98.3392,44.6364
92.8886,44.7669
92.8886,44.7669
92.8886,44.7669
102.71,44.0281
102.71,44.0281
102.71,44.0281
103.1014,43.9203
103.1014,43.9203
103.1014,43.9203
86.6533,46.0748
86.6533,46.0748
86.6533,46.0748
86.8098,43.7567
86.8098,43.7567
86.8098,43.7567
93.9222,44.7802
93.9222,44.7802
93.9222,44.7802
97.075,44.1196
97.075,44.1196
97.075,44.1196
105.6565,44.6027
105.6565,44.6027
105.6565,44.6027
94.9868,43.7305
94.9868,43.7305
94.9868,43.7305
98.0895,44.0
98.0895,44.0
98.0895,44.0
98.4104,42.817
98.4104,42.817
98.4104,42.817
90.4084,43.8301
90.4084,43.8301
90.4084,43.8301
108.6734,44.3616
108.6734,44.3616
108.6734,44.3616
92.666,44.5581
92.666,44.5581
92.666,44.5581
97.5281,44.2637
97.5281,44.2637
97.5281,44.2637
94.9968,44.4982
94.9968,44.4982
94.9968,44.4982
110.1157,44.4804
110.1157,44.4804
110.1157,44.4804
96.6877,43.9664
96.6877,43.9664
96.6877,43.9664
103.9114,44.7018
103.9114,44.7018
103.9114,44.7018
98.0299,43.321
98.0299,43.321
98.0299,43.321
95.1099,43.957
95.1099,43.957
95.1099,43.957
94.5313,43.3484
94.5313,43.3484
94.5313,43.3484
90.9664,45.1799
90.9664,45.1799
90.9664,45.1799
100.5066,44.8301
100.5066,44.8301
100.5066,44.8301
98.9816,44.5248
98.9816,44.5248
98.9816,44.5248
101.3559,44.1834
101.3559,44.1834
101.3559,44.1834
88.4244,43.6651
88.4244,43.6651
88.4244,43.6651
90.3772,44.782
90.3772,44.782
90.3772,44.782
95.8043,44.0032
95.8043,44.0032
95.8043,44.0032
97.9313,45.0277
97.9313,45.0277
97.9313,45.0277
106.8256,44.2819
106.8256,44.2819
106.8256,44.2819
93.8715,43.9098
93.8715,43.9098
93.8715,43.9098
100.8441,45.1526
100.8441,45.1526
100.8441,45.1526
105.1734,44.9
105.1734,44.9
105.1734,44.9
89.833,44.1517
89.833,44.1517
89.833,44.1517
100.0494,43.9462
100.0494,43.9462
100.0494,43.9462
107.263,44.4583
107.263,44.4583
107.263,44.4583
91.1911,45.1509
91.1911,45.1509
91.1911,45.1509
101.747,44.4244
101.747,44.4244
101.747,44.4244
92.4531,44.6064
92.4531,44.6064
92.4531,44.6064
98.0196,43.6602
98.0196,43.6602
98.0196,43.6602
94.9612,43.4503
94.9612,43.4503
94.9612,43.4503
96.1666,44.2573
96.1666,44.2573
96.1666,44.2573
93.7991,44.9507
93.7991,44.9507
93.7991,44.9507
95.7682,43.415
95.7682,43.415
95.7682,43.415
88.7223,44.9365
88.7223,44.9365
88.7223,44.9365
101.7192,44.8637
101.7192,44.8637
101.7192,44.8637
90.3591,43.6925
90.3591,43.6925
90.3591,43.6925
88.8002,44.0258
88.8002,44.0258
88.8002,44.0258
81.7259,45.2281
81.7259,45.2281
81.7259,45.2281
101.5298,45.2447
101.5298,45.2447
101.5298,45.2447
97.7924,42.7674
97.7924,42.7674
97.7924,42.7674
82.9701,44.1396
82.9701,44.1396
82.9701,44.1396
92.7825,44.1532
92.7825,44.1532
92.7825,44.1532
100.8679,43.4773
100.8679,43.4773
100.8679,43.4773
97.3587,44.0838
97.3587,44.0838
97.3587,44.0838
97.4622,43.9487
97.4622,43.9487
97.4622,43.9487
94.026,44.7193
94.026,44.7193
94.026,44.7193
87.3124,44.2514
87.3124,44.2514
87.3124,44.2514
102.7778,45.0238
102.7778,45.0238
102.7778,45.0238
88.6245,43.5244
88.6245,43.5244
88.6245,43.5244
95.2466,43.8188
95.2466,43.8188
95.2466,43.8188
106.4017,43.6227
106.4017,43.6227
106.4017,43.6227
97.7482,45.5708
97.7482,45.5708
97.7482,45.5708
91.1486,45.3668
91.1486,45.3668
91.1486,45.3668
89.5088,43.3265
89.5088,43.3265
89.5088,43.3265
96.4147,45.5865
96.4147,45.5865
96.4147,45.5865
92.9974,44.0017
92.9974,44.0017
92.9974,44.0017
89.2062,43.5002
89.2062,43.5002
89.2062,43.5002
102.6711,43.8733
102.6711,43.8733
102.6711,43.8733
84.2102,45.1161
84.2102,45.1161
84.2102,45.1161
89.3305,44.2409
89.3305,44.2409
89.3305,44.2409
90.3902,46.0343
90.3902,46.0343
90.3902,46.0343
93.4128,45.4806
93.4128,45.4806
93.4128,45.4806
98.0084,42.7765
98.0084,42.7765
98.0084,42.7765
95.0387,43.415
95.0387,43.415
95.0387,43.415
91.5659,43.8812
91.5659,43.8812
91.5659,43.8812
85.6818,43.5119
85.6818,43.5119
85.6818,43.5119
97.2016,45.5812
97.2016,45.5812
97.2016,45.5812
99.7897,44.226
99.7897,44.226
99.7897,44.226
106.6203,44.9491
106.6203,44.9491
106.6203,44.9491
90.4902,44.7829
90.4902,44.7829
90.4902,44.7829
87.3561,44.2445
87.3561,44.2445
87.3561,44.2445
105.9216,44.6089
105.9216,44.6089
105.9216,44.6089
99.5783,45.5671
99.5783,45.5671
99.5783,45.5671
103.7181,45.448
103.7181,45.448
103.7181,45.448
91.7118,43.613
91.7118,43.613
91.7118,43.613
91.6939,43.8651
91.6939,43.8651
91.6939,43.8651
96.6726,44.3525
96.6726,44.3525
96.6726,44.3525
93.9525,44.3691
93.9525,44.3691
93.9525,44.3691
98.4061,43.7247
98.4061,43.7247
98.4061,43.7247
100.7549,44.8457
100.7549,44.8457
100.7549,44.8457
95.3261,44.2804
95.3261,44.2804
95.3261,44.2804
95.1648,45.0314
95.1648,45.0314
95.1648,45.0314
98.9353,45.1791
98.9353,45.1791
98.9353,45.1791
88.9612,44.5201
88.9612,44.5201
88.9612,44.5201
99.0996,42.8708
99.0996,42.8708
99.0996,42.8708
97.8958,44.5376
97.8958,44.5376
97.8958,44.5376
97.2719,43.9499
97.2719,43.9499
97.2719,43.9499
98.0486,44.0134
98.0486,44.0134
98.0486,44.0134
98.7134,42.7577
98.7134,42.7577
98.7134,42.7577
112.9523,44.853
112.9523,44.853
112.9523,44.853
95.6717,43.4394
95.6717,43.4394
95.6717,43.4394
100.4585,45.1842
100.4585,45.1842
100.4585,45.1842
93.9843,43.962
93.9843,43.962
93.9843,43.962
99.6808,44.1983
99.6808,44.1983
99.6808,44.1983
90.0094,45.8774
90.0094,45.8774
90.0094,45.8774
103.3642,43.2876
103.3642,43.2876
103.3642,43.2876
101.3409,43.91
101.3409,43.91
101.3409,43.91
91.9121,43.4594
91.9121,43.4594
91.9121,43.4594
96.8646,44.4735
96.8646,44.4735
96.8646,44.4735
89.658,43.5801
89.658,43.5801
89.658,43.5801
91.123,43.8744
91.123,43.8744
91.123,43.8744
98.2259,45.2174
98.2259,45.2174
98.2259,45.2174
103.1139,44.5917
103.1139,44.5917
103.1139,44.5917
98.1899,44.3946
98.1899,44.3946
98.1899,44.3946
99.3488,43.9973
99.3488,43.9973
99.3488,43.9973
97.3949,43.8065
97.3949,43.8065
97.3949,43.8065
101.1563,44.1523
101.1563,44.1523
101.1563,44.1523
101.6234,44.6821
101.6234,44.6821
101.6234,44.6821
109.8631,43.8305
109.8631,43.8305
109.8631,43.8305
97.7715,43.7696
97.7715,43.7696
97.7715,43.7696
94.5819,44.601
94.5819,44.601
94.5819,44.601
89.1093,43.7642
89.1093,43.7642
89.1093,43.7642
92.4095,42.7903
92.4095,42.7903
92.4095,42.7903
91.754,42.8404
91.754,42.8404
91.754,42.8404
100.6393,44.0519
100.6393,44.0519
100.6393,44.0519
95.5029,43.8108
95.5029,43.8108
95.5029,43.8108
89.6857,44.6643
89.6857,44.6643
89.6857,44.6643
106.5912,44.197
106.5912,44.197
106.5912,44.197
95.3387,44.0146
95.3387,44.0146
95.3387,44.0146
97.0898,44.9057
97.0898,44.9057
97.0898,44.9057
92.3602,44.5687
92.3602,44.5687
92.3602,44.5687
94.0085,44.7107
94.0085,44.7107
94.0085,44.7107
101.3469,43.7519
101.3469,43.7519
101.3469,43.7519
88.9465,44.913
88.9465,44.913
88.9465,44.913
99.514,44.0586
99.514,44.0586
99.514,44.0586
96.607,44.6683
96.607,44.6683
96.607,44.6683
99.0463,43.4985
99.0463,43.4985
99.0463,43.4985
89.1825,44.6952
89.1825,44.6952
89.1825,44.6952
98.4071,44.9064
98.4071,44.9064
98.4071,44.9064
92.7733,44.7283
92.7733,44.7283
92.7733,44.7283
99.053,44.5751
99.053,44.5751
99.053,44.5751
94.0783,46.4031
94.0783,46.4031
94.0783,46.4031
96.0553,43.0825
96.0553,43.0825
96.0553,43.0825
87.6169,44.6508
87.6169,44.6508
87.6169,44.6508
94.415,44.2389
94.415,44.2389
94.415,44.2389
103.5054,44.5261
103.5054,44.5261
103.5054,44.5261
104.8762,43.98
104.8762,43.98
104.8762,43.98
90.2083,44.4235
90.2083,44.4235
90.2083,44.4235
89.5396,43.833
89.5396,43.833
89.5396,43.833
91.2055,44.9451
91.2055,44.9451
91.2055,44.9451
96.0483,44.1248
96.0483,44.1248
96.0483,44.1248
103.7747,44.1618
103.7747,44.1618
103.7747,44.1618
84.7012,43.9695
84.7012,43.9695
84.7012,43.9695
101.4789,44.1911
101.4789,44.1911
101.4789,44.1911
94.5409,43.908
94.5409,43.908
94.5409,43.908
105.1329,44.6273
105.1329,44.6273
105.1329,44.6273
92.1592,44.46
92.1592,44.46
92.1592,44.46
109.0704,43.848
109.0704,43.848
109.0704,43.848
91.9415,45.091
91.9415,45.091
91.9415,45.091
99.859,43.4894
99.859,43.4894
99.859,43.4894
90.4575,45.2959
90.4575,45.2959
90.4575,45.2959
95.6558,43.4044
95.6558,43.4044
95.6558,43.4044
103.3018,43.5283
103.3018,43.5283
103.3018,43.5283
97.1077,44.9198
97.1077,44.9198
97.1077,44.9198
96.7375,44.7386
96.7375,44.7386
96.7375,44.7386
103.0382,44.2751
103.0382,44.2751
103.0382,44.2751
93.2666,45.2028
93.2666,45.2028
93.2666,45.2028
113.1359,44.572
113.1359,44.572
113.1359,44.572
98.894,44.7752
98.894,44.7752
98.894,44.7752
100.2138,45.0579
100.2138,45.0579
100.2138,45.0579
100.1549,45.0629
100.1549,45.0629
100.1549,45.0629
102.0695,45.5423
102.0695,45.5423
102.0695,45.5423
96.4422,45.0047
96.4422,45.0047
96.4422,45.0047
101.8108,43.8585
101.8108,43.8585
101.8108,43.8585
103.8116,44.8466
103.8116,44.8466
103.8116,44.8466
98.7689,44.197
98.7689,44.197
98.7689,44.197
99.4687,44.674
99.4687,44.674
99.4687,44.674
100.0709,44.9104
100.0709,44.9104
100.0709,44.9104
87.7152,45.0255
87.7152,45.0255
87.7152,45.0255
97.0233,44.1994
97.0233,44.1994
97.0233,44.1994
90.3117,44.2697
90.3117,44.2697
90.3117,44.2697
105.6603,43.962
105.6603,43.962
105.6603,43.962
93.7811,44.9361
93.7811,44.9361
93.7811,44.9361
89.6685,43.6896
89.6685,43.6896
89.6685,43.6896
101.6839,44.8182
101.6839,44.8182
101.6839,44.8182
90.4999,42.6094
90.4999,42.6094
90.4999,42.6094
94.7765,44.2897
94.7765,44.2897
94.7765,44.2897
99.791,43.4999
99.791,43.4999
99.791,43.4999
89.6489,43.3485
89.6489,43.3485
89.6489,43.3485
99.0429,45.0185
99.0429,45.0185
99.0429,45.0185
97.2077,43.886
97.2077,43.886
97.2077,43.886
93.2901,45.8006
93.2901,45.8006
93.2901,45.8006
94.9346,43.7298
94.9346,43.7298
94.9346,43.7298
87.024,44.9849
87.024,44.9849
87.024,44.9849
90.9294,45.1967
90.9294,45.1967
90.9294,45.1967
88.0606,44.599
88.0606,44.599
88.0606,44.599
94.7813,43.9762
94.7813,43.9762
94.7813,43.9762
104.5854,44.9883
104.5854,44.9883
104.5854,44.9883
101.8196,44.8439
101.8196,44.8439
101.8196,44.8439
95.6683,43.0851
95.6683,43.0851
95.6683,43.0851
100.0167,43.9061
100.0167,43.9061
100.0167,43.9061
85.8276,43.6825
85.8276,43.6825
85.8276,43.6825
100.9356,44.9037
100.9356,44.9037
100.9356,44.9037
97.6374,43.4593
97.6374,43.4593
97.6374,43.4593
95.361,44.8679
95.361,44.8679
95.361,44.8679
88.0648,44.8582
88.0648,44.8582
88.0648,44.8582
97.9353,42.8651
97.9353,42.8651
97.9353,42.8651
90.9854,44.8767
90.9854,44.8767
90.9854,44.8767
100.8378,43.2607
100.8378,43.2607
100.8378,43.2607
91.1367,44.9676
91.1367,44.9676
91.1367,44.9676
91.1195,44.5545
91.1195,44.5545
91.1195,44.5545
99.8465,43.8476
99.8465,43.8476
99.8465,43.8476
97.7328,44.6804
97.7328,44.6804
97.7328,44.6804
97.2702,45.1
97.2702,45.1
97.2702,45.1
91.0323,43.7641
91.0323,43.7641
91.0323,43.7641
94.7467,43.8003
94.7467,43.8003
94.7467,43.8003
83.8784,44.5563
83.8784,44.5563
83.8784,44.5563
92.561,45.4473
92.561,45.4473
92.561,45.4473
103.5174,44.4681
103.5174,44.4681
103.5174,44.4681
97.2228,43.6614
97.2228,43.6614
97.2228,43.6614
93.9725,44.216
93.9725,44.216
93.9725,44.216
93.8176,44.9877
93.8176,44.9877
93.8176,44.9877
94.2364,43.8408
94.2364,43.8408
94.2364,43.8408
98.0516,44.4705
98.0516,44.4705
98.0516,44.4705
93.4506,44.1263
93.4506,44.1263
93.4506,44.1263
97.1622,45.7106
97.1622,45.7106
97.1622,45.7106
101.601,43.6284
101.601,43.6284
101.601,43.6284
93.4299,43.869
93.4299,43.869
93.4299,43.869
90.4193,44.3579
90.4193,44.3579
90.4193,44.3579
96.0896,44.3426
96.0896,44.3426
96.0896,44.3426
97.0926,45.4803
97.0926,45.4803
97.0926,45.4803
104.8273,44.2016
104.8273,44.2016
104.8273,44.2016
95.8059,44.2034
95.8059,44.2034
95.8059,44.2034
99.7872,45.0921
99.7872,45.0921
99.7872,45.0921
91.9274,43.9336
91.9274,43.9336
91.9274,43.9336
101.9217,45.0901
101.9217,45.0901
101.9217,45.0901
96.4118,45.3768
96.4118,45.3768
96.4118,45.3768
99.0322,43.7309
99.0322,43.7309
99.0322,43.7309
103.5968,43.9815
103.5968,43.9815
103.5968,43.9815
101.0852,44.4384
101.0852,44.4384
101.0852,44.4384
94.6766,44.2039
94.6766,44.2039
94.6766,44.2039
95.4447,43.8587
95.4447,43.8587
95.4447,43.8587
87.0762,43.8361
87.0762,43.8361
87.0762,43.8361
85.622,43.6496
85.622,43.6496
85.622,43.6496
96.6434,43.4143
96.6434,43.4143
96.6434,43.4143
93.1255,44.6822
93.1255,44.6822
93.1255,44.6822
102.8586,45.2718
102.8586,45.2718
102.8586,45.2718
114.2028,44.2989
114.2028,44.2989
114.2028,44.2989
96.912,44.3974
96.912,44.3974
96.912,44.3974
88.4814,44.9636
88.4814,44.9636
88.4814,44.9636
92.857,44.0591
92.857,44.0591
92.857,44.0591
103.0297,44.6022
103.0297,44.6022
103.0297,44.6022
96.2655,45.2703
96.2655,45.2703
96.2655,45.2703
93.2371,44.7987
93.2371,44.7987
93.2371,44.7987
93.2659,43.7349
93.2659,43.7349
93.2659,43.7349
96.1225,43.9268
96.1225,43.9268
96.1225,43.9268
87.3452,44.5778
87.3452,44.5778
87.3452,44.5778
101.1687,44.8401
101.1687,44.8401
101.1687,44.8401
87.8673,44.4712
87.8673,44.4712
87.8673,44.4712
88.3407,44.6492
88.3407,44.6492
88.3407,44.6492
88.3801,44.1
88.3801,44.1
88.3801,44.1
107.7769,44.2009
107.7769,44.2009
107.7769,44.2009
94.1425,43.2428
94.1425,43.2428
94.1425,43.2428
94.7695,44.9459
94.7695,44.9459
94.7695,44.9459
95.8497,45.0422
95.8497,45.0422
95.8497,45.0422
90.9477,42.9152
90.9477,42.9152
90.9477,42.9152
91.0434,43.1314
91.0434,43.1314
91.0434,43.1314
101.0435,43.6267
101.0435,43.6267
101.0435,43.6267
89.2649,44.2055
89.2649,44.2055
89.2649,44.2055
90.418,44.4641
90.418,44.4641
90.418,44.4641
92.0931,44.4488
92.0931,44.4488
92.0931,44.4488
94.2183,44.8011
94.2183,44.8011
94.2183,44.8011
97.019,45.0974
97.019,45.0974
97.019,45.0974
102.3825,43.4948
102.3825,43.4948
102.3825,43.4948
89.0331,43.6743
89.0331,43.6743
89.0331,43.6743
101.3101,44.4905
101.3101,44.4905
101.3101,44.4905
100.8102,44.2279
100.8102,44.2279
100.8102,44.2279
91.8225,45.2078
91.8225,45.2078
91.8225,45.2078
97.2342,43.7903
97.2342,43.7903
97.2342,43.7903
100.373,45.0113
100.373,45.0113
100.373,45.0113
93.4067,45.4705
93.4067,45.4705
93.4067,45.4705
94.1946,43.7106
94.1946,43.7106
94.1946,43.7106
109.6126,43.5827
109.6126,43.5827
109.6126,43.5827
99.6733,43.8614
99.6733,43.8614
99.6733,43.8614
91.787,44.598
91.787,44.598
91.787,44.598
86.088,44.1349
86.088,44.1349
86.088,44.1349
89.5091,44.6285
89.5091,44.6285
89.5091,44.6285
96.1377,43.9958
96.1377,43.9958
96.1377,43.9958
87.982,44.3362
87.982,44.3362
87.982,44.3362
100.2819,43.8868
100.2819,43.8868
100.2819,43.8868
85.0549,43.8293
85.0549,43.8293
85.0549,43.8293
97.6748,44.3225
97.6748,44.3225
97.6748,44.3225
86.1289,44.36
86.1289,44.36
86.1289,44.36
95.5009,42.7479
95.5009,42.7479
95.5009,42.7479
96.0372,43.5536
96.0372,43.5536
96.0372,43.5536
86.1022,43.7033
86.1022,43.7033
86.1022,43.7033
103.2835,44.1966
103.2835,44.1966
103.2835,44.1966
98.5883,43.1526
98.5883,43.1526
98.5883,43.1526
91.3137,44.5138
91.3137,44.5138
91.3137,44.5138
89.8736,44.9249
89.8736,44.9249
89.8736,44.9249
101.2856,44.6465
101.2856,44.6465
101.2856,44.6465
98.0763,43.0269
98.0763,43.0269
98.0763,43.0269
89.8689,44.2818
89.8689,44.2818
89.8689,44.2818
87.1839,44.4861
87.1839,44.4861
87.1839,44.4861
93.4949,44.9047
93.4949,44.9047
93.4949,44.9047
103.825,44.8087
103.825,44.8087
103.825,44.8087
99.6498,43.5611
99.6498,43.5611
99.6498,43.5611
106.087,44.3273
106.087,44.3273
106.087,44.3273
94.3823,43.8038
94.3823,43.8038
94.3823,43.8038
100.8431,44.0354
100.8431,44.0354
100.8431,44.0354
90.2111,43.9661
90.2111,43.9661
90.2111,43.9661
92.8554,43.1178
92.8554,43.1178
92.8554,43.1178
100.1518,44.1591
100.1518,44.1591
100.1518,44.1591
97.444,43.6337
97.444,43.6337
97.444,43.6337
91.5191,45.1016
91.5191,45.1016
91.5191,45.1016
92.578,43.3109
92.578,43.3109
92.578,43.3109
91.799,44.7793
91.799,44.7793
91.799,44.7793
99.0235,44.6473
99.0235,44.6473
99.0235,44.6473
91.1402,43.2245
91.1402,43.2245
91.1402,43.2245
105.6558,43.149
105.6558,43.149
105.6558,43.149
94.4312,44.0385
94.4312,44.0385
94.4312,44.0385
84.8361,43.6377
84.8361,43.6377
84.8361,43.6377
86.3279,43.7502
86.3279,43.7502
86.3279,43.7502
97.0565,44.2171
97.0565,44.2171
97.0565,44.2171
94.7892,43.2048
94.7892,43.2048
94.7892,43.2048
93.6298,45.0837
93.6298,45.0837
93.6298,45.0837
96.4282,44.2491
96.4282,44.2491
96.4282,44.2491
87.1497,45.0388
87.1497,45.0388
87.1497,45.0388
101.9289,44.3548
101.9289,44.3548
101.9289,44.3548
92.5074,43.1518
92.5074,43.1518
92.5074,43.1518
90.9112,44.7425
90.9112,44.7425
90.9112,44.7425
84.3938,43.4333
84.3938,43.4333
84.3938,43.4333
101.6136,44.8304
101.6136,44.8304
101.6136,44.8304
91.4668,44.8949
91.4668,44.8949
91.4668,44.8949
95.9482,43.77
95.9482,43.77
95.9482,43.77
97.6428,45.3239
97.6428,45.3239
97.6428,45.3239
94.6674,45.6769
94.6674,45.6769
94.6674,45.6769
90.7832,44.9961
90.7832,44.9961
90.7832,44.9961
91.85,45.362
91.85,45.362
91.85,45.362
97.1411,44.3809
97.1411,44.3809
97.1411,44.3809
81.6597,44.5599
81.6597,44.5599
81.6597,44.5599
88.9864,45.7996
88.9864,45.7996
88.9864,45.7996
87.1695,43.5212
87.1695,43.5212
87.1695,43.5212
93.3858,44.7271
93.3858,44.7271
93.3858,44.7271
93.8088,43.7166
93.8088,43.7166
93.8088,43.7166
97.3599,43.7085
97.3599,43.7085
97.3599,43.7085
80.5408,44.1395
80.5408,44.1395
80.5408,44.1395
101.5313,43.4081
101.5313,43.4081
101.5313,43.4081
94.3607,43.5167
94.3607,43.5167
94.3607,43.5167
95.6224,43.8671
95.6224,43.8671
95.6224,43.8671
97.7892,44.5648
97.7892,44.5648
97.7892,44.5648
90.9212,43.8716
90.9212,43.8716
90.9212,43.8716
93.7019,44.6264
93.7019,44.6264
93.7019,44.6264
87.8702,43.1381
87.8702,43.1381
87.8702,43.1381
96.4403,44.8281
96.4403,44.8281
96.4403,44.8281
95.4717,43.1354
95.4717,43.1354
95.4717,43.1354
88.7606,44.4687
88.7606,44.4687
88.7606,44.4687
92.1255,43.8911
92.1255,43.8911
92.1255,43.8911
96.7858,43.9142
96.7858,43.9142
96.7858,43.9142
87.3876,44.1226
87.3876,44.1226
87.3876,44.1226
95.4682,44.4499
95.4682,44.4499
95.4682,44.4499
95.4254,44.5982
95.4254,44.5982
95.4254,44.5982
90.7118,44.7311
90.7118,44.7311
90.7118,44.7311
91.875,44.6518
91.875,44.6518
91.875,44.6518
91.1621,44.0124
91.1621,44.0124
91.1621,44.0124
93.2277,45.4031
93.2277,45.4031
93.2277,45.4031
94.4316,44.5511
94.4316,44.5511
94.4316,44.5511
96.9401,43.5288
96.9401,43.5288
96.9401,43.5288
94.2607,44.6806
94.2607,44.6806
94.2607,44.6806
92.6717,44.39
92.6717,44.39
92.6717,44.39
96.8848,45.0991
96.8848,45.0991
96.8848,45.0991
87.4598,44.1858
87.4598,44.1858
87.4598,44.1858
86.093,45.4861
86.093,45.4861
86.093,45.4861
96.3884,45.8759
96.3884,45.8759
96.3884,45.8759
89.8841,44.4687
89.8841,44.4687
89.8841,44.4687
96.87,44.3512
96.87,44.3512
96.87,44.3512
83.7899,43.5574
83.7899,43.5574
83.7899,43.5574
97.1351,44.8352
97.1351,44.8352
97.1351,44.8352
86.8791,44.9832
86.8791,44.9832
86.8791,44.9832
92.6393,45.7406
92.6393,45.7406
92.6393,45.7406
88.4304,43.3894
88.4304,43.3894
88.4304,43.3894
91.6097,43.8418
91.6097,43.8418
91.6097,43.8418
95.0787,43.3089
95.0787,43.3089
95.0787,43.3089
87.4152,44.8775
87.4152,44.8775
87.4152,44.8775
99.4968,43.1095
99.4968,43.1095
99.4968,43.1095
94.5727,44.9678
94.5727,44.9678
94.5727,44.9678
92.5717,44.3176
92.5717,44.3176
92.5717,44.3176
88.826,45.4916
88.826,45.4916
88.826,45.4916
101.1852,43.4711
101.1852,43.4711
101.1852,43.4711
91.2776,43.9635
91.2776,43.9635
91.2776,43.9635
84.3193,43.9236
84.3193,43.9236
84.3193,43.9236
96.2712,44.769
96.2712,44.769
96.2712,44.769
90.0656,43.659
90.0656,43.659
90.0656,43.659
94.7983,42.9617
94.7983,42.9617
94.7983,42.9617
97.793,44.0096
97.793,44.0096
97.793,44.0096
88.8899,43.5134
88.8899,43.5134
88.8899,43.5134
95.1691,44.4803
95.1691,44.4803
95.1691,44.4803
93.3074,45.1394
93.3074,45.1394
93.3074,45.1394
97.415,43.8643
97.415,43.8643
97.415,43.8643
107.9858,44.0504
107.9858,44.0504
107.9858,44.0504
89.5735,44.4508
89.5735,44.4508
89.5735,44.4508
94.6514,45.0805
94.6514,45.0805
94.6514,45.0805
94.564,44.4202
94.564,44.4202
94.564,44.4202
96.7843,44.535
96.7843,44.535
96.7843,44.535
89.3304,42.908
89.3304,42.908
89.3304,42.908
97.12,45.6502
97.12,45.6502
97.12,45.6502
89.6458,44.9743
89.6458,44.9743
89.6458,44.9743
91.6649,44.0627
91.6649,44.0627
91.6649,44.0627
95.806,44.6446
95.806,44.6446
95.806,44.6446
95.3817,44.5169
95.3817,44.5169
95.3817,44.5169
99.5709,42.6363
99.5709,42.6363
99.5709,42.6363
82.7756,45.4622
82.7756,45.4622
82.7756,45.4622
97.1123,44.5215
97.1123,44.5215
97.1123,44.5215
98.8011,44.7054
98.8011,44.7054
98.8011,44.7054
96.3474,44.5258
96.3474,44.5258
96.3474,44.5258
87.1882,44.7724
87.1882,44.7724
87.1882,44.7724
102.9606,44.0897
102.9606,44.0897
102.9606,44.0897
98.3987,44.7066
98.3987,44.7066
98.3987,44.7066
104.6052,44.0113
104.6052,44.0113
104.6052,44.0113
103.6495,44.368
103.6495,44.368
103.6495,44.368
92.3876,44.4802
92.3876,44.4802
92.3876,44.4802
96.839,45.1782
96.839,45.1782
96.839,45.1782
100.8894,45.1473
100.8894,45.1473
100.8894,45.1473
91.768,45.5419
91.768,45.5419
91.768,45.5419
101.1075,43.8033
101.1075,43.8033
101.1075,43.8033
85.5587,44.266
85.5587,44.266
85.5587,44.266
90.7012,44.6109
90.7012,44.6109
90.7012,44.6109
97.9337,43.4935
97.9337,43.4935
97.9337,43.4935
91.5756,44.6213
91.5756,44.6213
91.5756,44.6213
85.1189,44.7273
85.1189,44.7273
85.1189,44.7273
80.8414,43.0806
80.8414,43.0806
80.8414,43.0806
96.9843,43.0954
96.9843,43.0954
96.9843,43.0954
95.2145,45.7393
95.2145,45.7393
95.2145,45.7393
85.8044,44.3624
85.8044,44.3624
85.8044,44.3624
85.3667,45.3341
85.3667,45.3341
85.3667,45.3341
88.6309,43.0334
88.6309,43.0334
88.6309,43.0334
94.9076,43.3993
94.9076,43.3993
94.9076,43.3993
90.5633,43.3688
90.5633,43.3688
90.5633,43.3688
97.4441,44.8904
97.4441,44.8904
97.4441,44.8904
95.3743,44.312
95.3743,44.312
95.3743,44.312
100.4385,43.6551
100.4385,43.6551
100.4385,43.6551
95.8243,45.0441
95.8243,45.0441
95.8243,45.0441
90.0707,44.9713
90.0707,44.9713
90.0707,44.9713
90.1162,43.8377
90.1162,43.8377
90.1162,43.8377
89.8801,45.5627
89.8801,45.5627
89.8801,45.5627
98.7159,43.4139
98.7159,43.4139
98.7159,43.4139
102.4123,44.3539
102.4123,44.3539
102.4123,44.3539
99.1764,44.1265
99.1764,44.1265
99.1764,44.1265
82.6669,43.995
82.6669,43.995
82.6669,43.995
99.8906,44.714
99.8906,44.714
99.8906,44.714
91.2369,45.2176
91.2369,45.2176
91.2369,45.2176
91.8304,44.3307
91.8304,44.3307
91.8304,44.3307
100.7369,43.6505
100.7369,43.6505
100.7369,43.6505
95.4988,45.1023
95.4988,45.1023
95.4988,45.1023
100.9158,44.8998
100.9158,44.8998
100.9158,44.8998
95.965,44.5399
95.965,44.5399
95.965,44.5399
91.591,44.7806
91.591,44.7806
91.591,44.7806
87.1397,44.338
87.1397,44.338
87.1397,44.338
81.9634,44.6638
81.9634,44.6638
81.9634,44.6638
91.6267,45.4233
91.6267,45.4233
91.6267,45.4233
96.8838,45.4088
96.8838,45.4088
96.8838,45.4088
96.0977,45.2523
96.0977,45.2523
96.0977,45.2523
107.4467,43.884
107.4467,43.884
107.4467,43.884
98.1763,44.7432
98.1763,44.7432
98.1763,44.7432
95.5882,44.449
95.5882,44.449
95.5882,44.449
88.3708,44.4604
88.3708,44.4604
88.3708,44.4604
93.8489,44.1192
93.8489,44.1192
93.8489,44.1192
94.407,43.6645
94.407,43.6645
94.407,43.6645
100.1249,44.9378
100.1249,44.9378
100.1249,44.9378
104.6001,44.5688
104.6001,44.5688
104.6001,44.5688
83.1761,44.2266
83.1761,44.2266
83.1761,44.2266
98.0635,44.0855
98.0635,44.0855
98.0635,44.0855
95.6323,44.6971
95.6323,44.6971
95.6323,44.6971
87.6013,44.4454
87.6013,44.4454
87.6013,44.4454
84.0105,44.8648
84.0105,44.8648
84.0105,44.8648
107.0707,45.735
107.0707,45.735
107.0707,45.735
91.0785,44.7787
91.0785,44.7787
91.0785,44.7787
96.8899,43.4736
96.8899,43.4736
96.8899,43.4736
87.8278,44.7307
87.8278,44.7307
87.8278,44.7307
93.959,44.8325
93.959,44.8325
93.959,44.8325
87.954,43.8486
87.954,43.8486
87.954,43.8486
93.2386,43.5471
93.2386,43.5471
93.2386,43.5471
105.7992,45.0408
105.7992,45.0408
105.7992,45.0408
102.3955,44.5944
102.3955,44.5944
102.3955,44.5944
95.6423,44.579
95.6423,44.579
95.6423,44.579
100.5895,44.7403
100.5895,44.7403
100.5895,44.7403
88.4428,45.4134
88.4428,45.4134
88.4428,45.4134
98.4925,45.1414
98.4925,45.1414
98.4925,45.1414
96.0478,43.7753
96.0478,43.7753
96.0478,43.7753
100.3286,44.9214
100.3286,44.9214
100.3286,44.9214
92.8828,44.176
92.8828,44.176
92.8828,44.176
94.7654,44.9934
94.7654,44.9934
94.7654,44.9934
90.4593,43.5561
90.4593,43.5561
90.4593,43.5561
93.3161,44.4058
93.3161,44.4058
93.3161,44.4058
96.1056,44.4874
96.1056,44.4874
96.1056,44.4874
93.4353,44.9275
93.4353,44.9275
93.4353,44.9275
97.2525,44.1662
97.2525,44.1662
97.2525,44.1662
95.4292,44.7056
95.4292,44.7056
95.4292,44.7056
100.3527,43.4004
100.3527,43.4004
100.3527,43.4004
86.1568,44.4296
86.1568,44.4296
86.1568,44.4296
101.6532,44.9738
101.6532,44.9738
101.6532,44.9738
90.8092,43.9195
90.8092,43.9195
90.8092,43.9195
90.1135,44.0903
90.1135,44.0903
90.1135,44.0903
88.0844,44.4944
88.0844,44.4944
88.0844,44.4944
93.1086,44.781
93.1086,44.781
93.1086,44.781
97.4082,46.3616
97.4082,46.3616
97.4082,46.3616
102.9016,44.1164
102.9016,44.1164
102.9016,44.1164
90.9097,43.3767
90.9097,43.3767
90.9097,43.3767
103.5335,45.0793
103.5335,45.0793
103.5335,45.0793
86.934,44.9767
86.934,44.9767
86.934,44.9767
94.8485,44.334
94.8485,44.334
94.8485,44.334
95.8427,44.1692
95.8427,44.1692
95.8427,44.1692
101.0694,45.0736
101.0694,45.0736
101.0694,45.0736
85.502,44.6083
85.502,44.6083
85.502,44.6083
94.2959,44.3671
94.2959,44.3671
94.2959,44.3671
86.0767,44.371
86.0767,44.371
86.0767,44.371
99.2393,45.3958
99.2393,45.3958
99.2393,45.3958
91.4524,44.3208
91.4524,44.3208
91.4524,44.3208
89.0361,44.3897
89.0361,44.3897
89.0361,44.3897
87.6045,44.2568
87.6045,44.2568
87.6045,44.2568
91.4171,45.243
91.4171,45.243
91.4171,45.243
100.8806,44.9727
100.8806,44.9727
100.8806,44.9727
92.6825,44.4884
92.6825,44.4884
92.6825,44.4884
98.8033,44.125
98.8033,44.125
98.8033,44.125
97.3416,45.0043
97.3416,45.0043
97.3416,45.0043
95.53,43.9659
95.53,43.9659
95.53,43.9659
96.7491,45.1164
96.7491,45.1164
96.7491,45.1164
86.3016,45.363
86.3016,45.363
86.3016,45.363
83.7243,43.6806
83.7243,43.6806
83.7243,43.6806
96.2491,44.8252
96.2491,44.8252
96.2491,44.8252
96.8059,44.8916
96.8059,44.8916
96.8059,44.8916
101.6911,46.2919
101.6911,46.2919
101.6911,46.2919
98.3201,43.7441
98.3201,43.7441
98.3201,43.7441
91.8887,45.324
91.8887,45.324
91.8887,45.324
85.2619,44.5028
85.2619,44.5028
85.2619,44.5028
96.2686,44.1111
96.2686,44.1111
96.2686,44.1111
86.1068,44.1782
86.1068,44.1782
86.1068,44.1782
86.0378,44.9775
86.0378,44.9775
86.0378,44.9775
98.087,44.6163
98.087,44.6163
98.087,44.6163
92.5246,45.3122
92.5246,45.3122
92.5246,45.3122
90.8751,44.228
90.8751,44.228
90.8751,44.228
86.2707,45.4121
86.2707,45.4121
86.2707,45.4121
97.6984,45.5489
97.6984,45.5489
97.6984,45.5489
105.3619,45.0617
105.3619,45.0617
105.3619,45.0617
92.5355,44.4857
92.5355,44.4857
92.5355,44.4857
83.493,44.1542
83.493,44.1542
83.493,44.1542
96.2527,44.6549
96.2527,44.6549
96.2527,44.6549
92.3442,44.1386
92.3442,44.1386
92.3442,44.1386
98.8316,44.6962
98.8316,44.6962
98.8316,44.6962
107.5589,44.5708
107.5589,44.5708
107.5589,44.5708
87.932,45.1756
87.932,45.1756
87.932,45.1756
97.0894,44.2299
97.0894,44.2299
97.0894,44.2299
96.9324,45.1172
96.9324,45.1172
96.9324,45.1172
96.6847,44.1337
96.6847,44.1337
96.6847,44.1337
90.899,45.0198
90.899,45.0198
90.899,45.0198
90.1948,44.6053
90.1948,44.6053
90.1948,44.6053
89.2428,44.808
89.2428,44.808
89.2428,44.808
91.3015,44.6086
91.3015,44.6086
91.3015,44.6086
90.0025,45.2365
90.0025,45.2365
90.0025,45.2365
94.5764,45.9705
94.5764,45.9705
94.5764,45.9705
99.5785,45.3695
99.5785,45.3695
99.5785,45.3695
87.6517,45.0663
87.6517,45.0663
87.6517,45.0663
96.5566,45.1338
96.5566,45.1338
96.5566,45.1338
89.1354,43.1431
89.1354,43.1431
89.1354,43.1431
94.1479,44.5315
94.1479,44.5315
94.1479,44.5315
88.6809,44.075
88.6809,44.075
88.6809,44.075
90.1716,44.5577
90.1716,44.5577
90.1716,44.5577
93.3201,44.8195
93.3201,44.8195
93.3201,44.8195
106.5563,43.1154
106.5563,43.1154
106.5563,43.1154
97.0851,44.5811
97.0851,44.5811
97.0851,44.5811
97.1868,44.8049
97.1868,44.8049
97.1868,44.8049
89.1401,44.3077
89.1401,44.3077
89.1401,44.3077
99.85,44.5758
99.85,44.5758
99.85,44.5758
91.1169,43.5904
91.1169,43.5904
91.1169,43.5904
85.3679,45.9665
85.3679,45.9665
85.3679,45.9665
108.3191,44.8385
108.3191,44.8385
108.3191,44.8385
92.6825,43.744
92.6825,43.744
92.6825,43.744
87.4369,44.4341
87.4369,44.4341
87.4369,44.4341
94.866,44.4501
94.866,44.4501
94.866,44.4501
88.3847,44.8633
88.3847,44.8633
88.3847,44.8633
98.4373,44.9321
98.4373,44.9321
98.4373,44.9321
96.917,44.9497
96.917,44.9497
96.917,44.9497
95.2052,44.7334
95.2052,44.7334
95.2052,44.7334
86.0479,44.9898
86.0479,44.9898
86.0479,44.9898
103.7104,43.9989
103.7104,43.9989
103.7104,43.9989
95.2898,44.9537
95.2898,44.9537
95.2898,44.9537
90.6901,44.3627
90.6901,44.3627
90.6901,44.3627
98.3033,44.1241
98.3033,44.1241
98.3033,44.1241
91.3495,44.2289
91.3495,44.2289
91.3495,44.2289
93.4871,45.0861
93.4871,45.0861
93.4871,45.0861
92.6515,43.6008
92.6515,43.6008
92.6515,43.6008
94.1342,45.7647
94.1342,45.7647
94.1342,45.7647
101.5462,43.8481
101.5462,43.8481
101.5462,43.8481
92.6426,43.4138
92.6426,43.4138
92.6426,43.4138
88.7273,43.6244
88.7273,43.6244
88.7273,43.6244
100.9819,45.2647
100.9819,45.2647
100.9819,45.2647
78.8334,45.1945
78.8334,45.1945
78.8334,45.1945
96.1822,44.7091
96.1822,44.7091
96.1822,44.7091
90.5228,43.7576
90.5228,43.7576
90.5228,43.7576
93.3008,43.0858
93.3008,43.0858
93.3008,43.0858
102.0818,44.444
102.0818,44.444
102.0818,44.444
99.21,44.4161
99.21,44.4161
99.21,44.4161
79.9454,43.7148
79.9454,43.7148
79.9454,43.7148
86.0764,44.9602
86.0764,44.9602
86.0764,44.9602
87.316,44.6527
87.316,44.6527
87.316,44.6527
89.6243,44.5648
89.6243,44.5648
89.6243,44.5648
91.2004,44.5237
91.2004,44.5237
91.2004,44.5237
93.2535,43.9319
93.2535,43.9319
93.2535,43.9319
86.9392,44.5358
86.9392,44.5358
86.9392,44.5358
93.7795,43.9008
93.7795,43.9008
93.7795,43.9008
100.2199,43.789
100.2199,43.789
100.2199,43.789
83.849,43.106
83.849,43.106
83.849,43.106
96.6853,44.2131
96.6853,44.2131
96.6853,44.2131
92.8421,44.0081
92.8421,44.0081
92.8421,44.0081
98.7403,45.3612
98.7403,45.3612
98.7403,45.3612
98.5298,44.8096
98.5298,44.8096
98.5298,44.8096
86.693,45.1387
86.693,45.1387
86.693,45.1387
90.4777,45.2546
90.4777,45.2546
90.4777,45.2546
90.4924,45.6941
90.4924,45.6941
90.4924,45.6941
86.6042,45.4909
86.6042,45.4909
86.6042,45.4909
102.5544,43.9333
102.5544,43.9333
102.5544,43.9333
96.0102,44.2023
96.0102,44.2023
96.0102,44.2023
95.0675,43.9708
95.0675,43.9708
95.0675,43.9708
87.8079,44.9726
87.8079,44.9726
87.8079,44.9726
100.0099,44.6217
100.0099,44.6217
100.0099,44.6217
90.1709,44.2571
90.1709,44.2571
90.1709,44.2571
99.7027,44.3385
99.7027,44.3385
99.7027,44.3385
90.5435,44.6779
90.5435,44.6779
90.5435,44.6779
100.4965,45.2608
100.4965,45.2608
100.4965,45.2608
99.0735,43.8668
99.0735,43.8668
99.0735,43.8668
88.7934,45.1788
88.7934,45.1788
88.7934,45.1788
91.4875,44.0299
91.4875,44.0299
91.4875,44.0299
86.9965,43.724
86.9965,43.724
86.9965,43.724
86.5912,44.8039
86.5912,44.8039
86.5912,44.8039
96.471,44.0879
96.471,44.0879
96.471,44.0879
95.8876,44.7079
95.8876,44.7079
95.8876,44.7079
94.0282,43.3817
94.0282,43.3817
94.0282,43.3817
81.873,44.8655
81.873,44.8655
81.873,44.8655
95.7504,43.9437
95.7504,43.9437
95.7504,43.9437
96.4145,45.0049
96.4145,45.0049
96.4145,45.0049
104.0225,45.5103
104.0225,45.5103
104.0225,45.5103
94.2765,43.3603
94.2765,43.3603
94.2765,43.3603
97.2232,44.5326
97.2232,44.5326
97.2232,44.5326
97.1921,43.3821
97.1921,43.3821
97.1921,43.3821
103.8934,44.6683
103.8934,44.6683
103.8934,44.6683
94.6503,44.1242
94.6503,44.1242
94.6503,44.1242
88.7593,44.2501
88.7593,44.2501
88.7593,44.2501
89.0419,44.2031
89.0419,44.2031
89.0419,44.2031
92.0206,43.7615
92.0206,43.7615
92.0206,43.7615
88.7012,44.5362
88.7012,44.5362
88.7012,44.5362
92.3968,45.1868
92.3968,45.1868
92.3968,45.1868
103.5923,43.4326
103.5923,43.4326
103.5923,43.4326
84.3086,45.5176
84.3086,45.5176
84.3086,45.5176
85.0331,44.9692
85.0331,44.9692
85.0331,44.9692
99.9404,46.0045
99.9404,46.0045
99.9404,46.0045
89.0024,44.4409
89.0024,44.4409
89.0024,44.4409
92.0782,43.4396
92.0782,43.4396
92.0782,43.4396
92.4877,44.2614
92.4877,44.2614
92.4877,44.2614
96.3447,45.4299
96.3447,45.4299
96.3447,45.4299
90.6338,44.5299
90.6338,44.5299
90.6338,44.5299
89.2999,44.9821
89.2999,44.9821
89.2999,44.9821
91.8777,44.271
91.8777,44.271
91.8777,44.271
91.6491,43.9239
91.6491,43.9239
91.6491,43.9239
94.2671,45.3614
94.2671,45.3614
94.2671,45.3614
100.3859,44.698
100.3859,44.698
100.3859,44.698
101.4831,44.3477
101.4831,44.3477
101.4831,44.3477
93.9872,44.5016
93.9872,44.5016
93.9872,44.5016
90.6039,45.5004
90.6039,45.5004
90.6039,45.5004
91.5098,44.0037
91.5098,44.0037
91.5098,44.0037
90.4113,44.4284
90.4113,44.4284
90.4113,44.4284
92.9676,44.8092
92.9676,44.8092
92.9676,44.8092
99.9601,43.9152
99.9601,43.9152
99.9601,43.9152
89.7047,44.8416
89.7047,44.8416
89.7047,44.8416
99.4411,44.9714
99.4411,44.9714
99.4411,44.9714
99.8007,44.428
99.8007,44.428
99.8007,44.428
100.521,43.3848
100.521,43.3848
100.521,43.3848
93.9126,44.6941
93.9126,44.6941
93.9126,44.6941
98.7285,44.3565
98.7285,44.3565
98.7285,44.3565
104.0941,45.2172
104.0941,45.2172
104.0941,45.2172
94.9623,44.5496
94.9623,44.5496
94.9623,44.5496
86.0215,43.4512
86.0215,43.4512
86.0215,43.4512
94.8629,44.5558
94.8629,44.5558
94.8629,44.5558
86.3145,44.5874
86.3145,44.5874
86.3145,44.5874
93.9646,44.024
93.9646,44.024
93.9646,44.024
80.1559,44.0685
80.1559,44.0685
80.1559,44.0685
95.5221,44.4636
95.5221,44.4636
95.5221,44.4636
100.2477,43.4672
100.2477,43.4672
100.2477,43.4672
98.389,45.4621
98.389,45.4621
98.389,45.4621
93.8635,44.2538
93.8635,44.2538
93.8635,44.2538
83.2983,44.6683
83.2983,44.6683
83.2983,44.6683
94.011,44.5542
94.011,44.5542
94.011,44.5542
100.18,45.9696
100.18,45.9696
100.18,45.9696
95.4673,43.2535
95.4673,43.2535
95.4673,43.2535
83.1191,44.5261
83.1191,44.5261
83.1191,44.5261
101.2124,43.6058
101.2124,43.6058
101.2124,43.6058
91.0177,45.3645
91.0177,45.3645
91.0177,45.3645
101.4073,45.8908
101.4073,45.8908
101.4073,45.8908
94.5226,44.25
94.5226,44.25
94.5226,44.25
94.7911,44.1085
94.7911,44.1085
94.7911,44.1085
96.4184,45.4187
96.4184,45.4187
96.4184,45.4187
101.2326,46.2364
101.2326,46.2364
101.2326,46.2364
90.2292,44.1216
90.2292,44.1216
90.2292,44.1216
93.8678,43.9494
93.8678,43.9494
93.8678,43.9494
94.6956,45.1112
94.6956,45.1112
94.6956,45.1112
82.79,45.3593
82.79,45.3593
82.79,45.3593
93.5114,43.5099
93.5114,43.5099
93.5114,43.5099
85.8081,44.801
85.8081,44.801
85.8081,44.801
93.389,43.2679
93.389,43.2679
93.389,43.2679
92.3035,44.5418
92.3035,44.5418
92.3035,44.5418
91.9247,44.7521
91.9247,44.7521
91.9247,44.7521
84.8378,45.9462
84.8378,45.9462
84.8378,45.9462
94.9898,43.5437
94.9898,43.5437
94.9898,43.5437
101.6882,43.1416
101.6882,43.1416
101.6882,43.1416
88.8496,44.0006
88.8496,44.0006
88.8496,44.0006
94.1842,43.9402
94.1842,43.9402
94.1842,43.9402
88.7439,44.2826
88.7439,44.2826
88.7439,44.2826
101.6021,43.4582
101.6021,43.4582
101.6021,43.4582
93.846,45.3486
93.846,45.3486
93.846,45.3486
92.1036,44.2462
92.1036,44.2462
92.1036,44.2462
102.8525,43.8046
102.8525,43.8046
102.8525,43.8046
90.8147,44.1932
90.8147,44.1932
90.8147,44.1932
93.3018,43.9545
93.3018,43.9545
93.3018,43.9545
90.1345,45.6091
90.1345,45.6091
90.1345,45.6091
93.8682,45.2533
93.8682,45.2533
93.8682,45.2533
97.2256,44.82
97.2256,44.82
97.2256,44.82
91.8695,44.3658
91.8695,44.3658
91.8695,44.3658
92.8703,44.7349
92.8703,44.7349
92.8703,44.7349
93.5177,46.1548
93.5177,46.1548
93.5177,46.1548
88.9363,43.771
88.9363,43.771
88.9363,43.771
98.7223,45.1495
98.7223,45.1495
98.7223,45.1495
97.8894,45.1797
97.8894,45.1797
97.8894,45.1797
88.4987,45.4054
88.4987,45.4054
88.4987,45.4054
94.7446,44.2274
94.7446,44.2274
94.7446,44.2274
93.504,44.371
93.504,44.371
93.504,44.371
84.6511,44.92
84.6511,44.92
84.6511,44.92
86.8857,45.5464
86.8857,45.5464
86.8857,45.5464
87.5243,44.7399
87.5243,44.7399
87.5243,44.7399
96.8251,44.4024
96.8251,44.4024
96.8251,44.4024
91.1594,44.9967
91.1594,44.9967
91.1594,44.9967
90.2123,44.6613
90.2123,44.6613
90.2123,44.6613
95.6124,45.3083
95.6124,45.3083
95.6124,45.3083
102.0026,44.2773
102.0026,44.2773
102.0026,44.2773
90.2435,44.0875
90.2435,44.0875
90.2435,44.0875
91.2765,44.8021
91.2765,44.8021
91.2765,44.8021
91.2854,44.6734
91.2854,44.6734
91.2854,44.6734
99.8359,43.8707
99.8359,43.8707
99.8359,43.8707
88.8568,43.9533
88.8568,43.9533
88.8568,43.9533
100.794,44.923
100.794,44.923
100.794,44.923
100.1709,43.7455
100.1709,43.7455
100.1709,43.7455
93.3879,44.5302
93.3879,44.5302
93.3879,44.5302
81.9267,45.8433
81.9267,45.8433
81.9267,45.8433
104.9731,43.9469
104.9731,43.9469
104.9731,43.9469
98.69,43.3593
98.69,43.3593
98.69,43.3593
99.2583,44.3972
99.2583,44.3972
99.2583,44.3972
97.0465,44.2497
97.0465,44.2497
97.0465,44.2497
86.3783,43.5063
86.3783,43.5063
86.3783,43.5063
95.9529,44.5717
95.9529,44.5717
95.9529,44.5717
85.5555,44.6857
85.5555,44.6857
85.5555,44.6857
84.797,45.282
84.797,45.282
84.797,45.282
84.2152,44.9509
84.2152,44.9509
84.2152,44.9509
93.9232,45.346
93.9232,45.346
93.9232,45.346
89.3528,44.809
89.3528,44.809
89.3528,44.809
84.7288,44.4487
84.7288,44.4487
84.7288,44.4487
97.0215,44.9174
97.0215,44.9174
97.0215,44.9174
102.3997,45.6548
102.3997,45.6548
102.3997,45.6548
81.5539,44.6836
81.5539,44.6836
81.5539,44.6836
95.0043,44.7989
95.0043,44.7989
95.0043,44.7989
86.7692,43.4409
86.7692,43.4409
86.7692,43.4409
90.3136,45.5548
90.3136,45.5548
90.3136,45.5548
87.1414,44.8333
87.1414,44.8333
87.1414,44.8333
99.7295,44.1604
99.7295,44.1604
99.7295,44.1604
89.4419,44.264
89.4419,44.264
89.4419,44.264
97.8329,44.5179
97.8329,44.5179
97.8329,44.5179
97.2936,44.5867
97.2936,44.5867
97.2936,44.5867
86.3179,44.8471
86.3179,44.8471
86.3179,44.8471
97.2826,44.8425
97.2826,44.8425
97.2826,44.8425
102.5207,44.4963
102.5207,44.4963
102.5207,44.4963
90.0985,44.778
90.0985,44.778
90.0985,44.778
93.6808,43.7022
93.6808,43.7022
93.6808,43.7022
86.6119,45.2344
86.6119,45.2344
86.6119,45.2344
92.3363,43.7795
92.3363,43.7795
92.3363,43.7795
104.1358,43.0879
104.1358,43.0879
104.1358,43.0879
94.8363,45.1753
94.8363,45.1753
94.8363,45.1753
92.278,45.6814
92.278,45.6814
92.278,45.6814
105.2359,44.1034
105.2359,44.1034
105.2359,44.1034
95.4609,45.2821
95.4609,45.2821
95.4609,45.2821
98.2801,44.9078
98.2801,44.9078
98.2801,44.9078
93.0209,42.9111
93.0209,42.9111
93.0209,42.9111
93.8931,43.7628
93.8931,43.7628
93.8931,43.7628
88.4922,44.7096
88.4922,44.7096
88.4922,44.7096
85.6484,44.779
85.6484,44.779
85.6484,44.779
91.381,44.0333
91.381,44.0333
91.381,44.0333
96.7396,44.8033
96.7396,44.8033
96.7396,44.8033
91.5859,44.296
91.5859,44.296
91.5859,44.296
93.5378,44.4714
93.5378,44.4714
93.5378,44.4714
99.4256,44.476
99.4256,44.476
99.4256,44.476
96.7278,43.8282
96.7278,43.8282
96.7278,43.8282
100.4364,44.7381
100.4364,44.7381
100.4364,44.7381
86.9906,45.5569
86.9906,45.5569
86.9906,45.5569
90.2137,43.983
90.2137,43.983
90.2137,43.983
100.3557,44.538
100.3557,44.538
100.3557,44.538
95.4418,43.6748
95.4418,43.6748
95.4418,43.6748
87.2203,43.3545
87.2203,43.3545
87.2203,43.3545
91.2924,43.4988
91.2924,43.4988
91.2924,43.4988
104.6731,44.5226
104.6731,44.5226
104.6731,44.5226
88.2438,44.4576
88.2438,44.4576
88.2438,44.4576
89.3266,45.0763
89.3266,45.0763
89.3266,45.0763
96.0646,45.157
96.0646,45.157
96.0646,45.157
87.4143,44.753
87.4143,44.753
87.4143,44.753
89.9557,45.2969
89.9557,45.2969
89.9557,45.2969
80.3265,44.1354
80.3265,44.1354
80.3265,44.1354
85.6093,44.6701
85.6093,44.6701
85.6093,44.6701
89.3262,45.2894
89.3262,45.2894
89.3262,45.2894
84.515,45.3568
84.515,45.3568
84.515,45.3568
88.0446,43.9806
88.0446,43.9806
88.0446,43.9806
99.8958,44.3955
99.8958,44.3955
99.8958,44.3955
99.1649,44.648
99.1649,44.648
99.1649,44.648
98.6469,44.221
98.6469,44.221
98.6469,44.221
95.0243,45.2843
95.0243,45.2843
95.0243,45.2843
94.3661,43.7549
94.3661,43.7549
94.3661,43.7549
93.8551,44.3883
93.8551,44.3883
93.8551,44.3883
86.2985,44.8632
86.2985,44.8632
86.2985,44.8632
97.882,45.1503
97.882,45.1503
97.882,45.1503
101.6064,45.3407
101.6064,45.3407
101.6064,45.3407
102.0592,44.5428
102.0592,44.5428
102.0592,44.5428
77.3951,43.9352
77.3951,43.9352
77.3951,43.9352
94.6641,44.623
94.6641,44.623
94.6641,44.623
88.0882,44.2737
88.0882,44.2737
88.0882,44.2737
88.91,45.1797
88.91,45.1797
88.91,45.1797
87.089,43.7284
87.089,43.7284
87.089,43.7284
90.439,44.5443
90.439,44.5443
90.439,44.5443
87.3137,43.7119
87.3137,43.7119
87.3137,43.7119
99.6881,43.9611
99.6881,43.9611
99.6881,43.9611
95.2391,46.0801
95.2391,46.0801
95.2391,46.0801
81.4702,45.5836
81.4702,45.5836
81.4702,45.5836
103.3523,44.6814
103.3523,44.6814
103.3523,44.6814
96.1114,44.4464
96.1114,44.4464
96.1114,44.4464
84.8788,44.9476
84.8788,44.9476
84.8788,44.9476
99.4843,43.8466
99.4843,43.8466
99.4843,43.8466
95.0808,43.6763
95.0808,43.6763
95.0808,43.6763
82.113,44.1339
82.113,44.1339
82.113,44.1339
90.859,44.6826
90.859,44.6826
90.859,44.6826
93.836,44.3365
93.836,44.3365
93.836,44.3365
94.4369,44.5842
94.4369,44.5842
94.4369,44.5842
98.408,44.0338
98.408,44.0338
98.408,44.0338
92.3383,45.3831
92.3383,45.3831
92.3383,45.3831
88.9288,44.6536
88.9288,44.6536
88.9288,44.6536
90.9473,44.1616
90.9473,44.1616
90.9473,44.1616
93.455,44.9131
93.455,44.9131
93.455,44.9131
91.949,44.4909
91.949,44.4909
91.949,44.4909
88.413,45.1782
88.413,45.1782
88.413,45.1782
100.247,45.005
100.247,45.005
100.247,45.005
92.9126,44.7373
92.9126,44.7373
92.9126,44.7373
102.8942,45.3308
102.8942,45.3308
102.8942,45.3308
89.0274,45.2816
89.0274,45.2816
89.0274,45.2816
95.3791,44.4403
95.3791,44.4403
95.3791,44.4403
100.5028,45.8203
100.5028,45.8203
100.5028,45.8203
93.6712,45.0853
93.6712,45.0853
93.6712,45.0853
81.7254,44.6449
81.7254,44.6449
81.7254,44.6449
94.2872,44.9242
94.2872,44.9242
94.2872,44.9242
74.6519,44.5467
74.6519,44.5467
74.6519,44.5467
90.0859,45.8117
90.0859,45.8117
90.0859,45.8117
90.5768,45.6761
90.5768,45.6761
90.5768,45.6761
88.0648,44.6601
88.0648,44.6601
88.0648,44.6601
93.3606,45.1045
93.3606,45.1045
93.3606,45.1045
102.956,45.9665
102.956,45.9665
102.956,45.9665
83.2148,44.9689
83.2148,44.9689
83.2148,44.9689
91.0429,44.8723
91.0429,44.8723
91.0429,44.8723
91.601,44.3004
91.601,44.3004
91.601,44.3004
98.0968,44.701
98.0968,44.701
98.0968,44.701
101.1653,45.2156
101.1653,45.2156
101.1653,45.2156
86.1991,44.7588
86.1991,44.7588
86.1991,44.7588
91.3765,44.3274
91.3765,44.3274
91.3765,44.3274
96.8345,43.5837
96.8345,43.5837
96.8345,43.5837
88.929,45.5504
88.929,45.5504
88.929,45.5504
86.7267,45.4324
86.7267,45.4324
86.7267,45.4324
89.1107,45.1912
89.1107,45.1912
89.1107,45.1912
92.7459,44.1896
92.7459,44.1896
92.7459,44.1896
90.5262,44.4341
90.5262,44.4341
90.5262,44.4341
98.9974,44.8374
98.9974,44.8374
98.9974,44.8374
90.8906,44.9283
90.8906,44.9283
90.8906,44.9283
98.4934,44.2167
98.4934,44.2167
98.4934,44.2167
92.6528,44.1026
92.6528,44.1026
92.6528,44.1026
99.056,44.728
99.056,44.728
99.056,44.728
86.1946,45.185
86.1946,45.185
86.1946,45.185
96.2627,44.9166
96.2627,44.9166
96.2627,44.9166
91.7643,44.5741
91.7643,44.5741
91.7643,44.5741
96.7885,44.8812
96.7885,44.8812
96.7885,44.8812
95.6777,46.7772
95.6777,46.7772
95.6777,46.7772
99.0225,45.1095
99.0225,45.1095
99.0225,45.1095
91.7602,44.2235
91.7602,44.2235
91.7602,44.2235
89.2273,44.7163
89.2273,44.7163
89.2273,44.7163
80.8541,43.939
80.8541,43.939
80.8541,43.939
100.0518,44.4572
100.0518,44.4572
100.0518,44.4572
94.8747,45.0498
94.8747,45.0498
94.8747,45.0498
93.5759,45.0718
93.5759,45.0718
93.5759,45.0718
93.1761,44.1827
93.1761,44.1827
93.1761,44.1827
93.0933,45.535
93.0933,45.535
93.0933,45.535
93.8376,44.2488
93.8376,44.2488
93.8376,44.2488
106.1073,44.2124
106.1073,44.2124
106.1073,44.2124
89.2581,44.9296
89.2581,44.9296
89.2581,44.9296
90.1263,43.5261
90.1263,43.5261
90.1263,43.5261
92.9147,44.9747
92.9147,44.9747
92.9147,44.9747
88.5706,44.4731
88.5706,44.4731
88.5706,44.4731
97.4454,44.171
97.4454,44.171
97.4454,44.171
84.8551,43.9626
84.8551,43.9626
84.8551,43.9626
87.4083,44.7837
87.4083,44.7837
87.4083,44.7837
95.7841,44.3675
95.7841,44.3675
95.7841,44.3675
91.1073,43.7685
91.1073,43.7685
91.1073,43.7685
89.2602,44.746
89.2602,44.746
89.2602,44.746
93.5858,45.3736
93.5858,45.3736
93.5858,45.3736
95.8086,44.345
95.8086,44.345
95.8086,44.345
95.5986,45.4885
95.5986,45.4885
95.5986,45.4885
87.1422,45.335
87.1422,45.335
87.1422,45.335
85.6505,44.0012
85.6505,44.0012
85.6505,44.0012
93.6932,45.3935
93.6932,45.3935
93.6932,45.3935
96.3768,44.8579
96.3768,44.8579
96.3768,44.8579
93.7006,44.4493
93.7006,44.4493
93.7006,44.4493
86.8536,45.1844
86.8536,45.1844
86.8536,45.1844
93.1474,44.8858
93.1474,44.8858
93.1474,44.8858
98.4446,44.1199
98.4446,44.1199
98.4446,44.1199
87.4748,44.5123
87.4748,44.5123
87.4748,44.5123
96.0371,45.1502
96.0371,45.1502
96.0371,45.1502
91.4249,45.7096
91.4249,45.7096
91.4249,45.7096
93.851,45.2648
93.851,45.2648
93.851,45.2648
95.7868,44.6549
95.7868,44.6549
95.7868,44.6549
98.8193,45.2348
98.8193,45.2348
98.8193,45.2348
89.2679,45.2212
89.2679,45.2212
89.2679,45.2212
95.6743,43.6692
95.6743,43.6692
95.6743,43.6692
103.2789,43.4964
103.2789,43.4964
103.2789,43.4964
94.3156,45.5569
94.3156,45.5569
94.3156,45.5569
88.274,45.1045
88.274,45.1045
88.274,45.1045
83.4967,44.7314
83.4967,44.7314
83.4967,44.7314
88.1437,44.289
88.1437,44.289
88.1437,44.289
88.6181,44.8208
88.6181,44.8208
88.6181,44.8208
91.7955,45.3682
91.7955,45.3682
91.7955,45.3682
91.3099,44.9862
91.3099,44.9862
91.3099,44.9862
82.3558,45.4741
82.3558,45.4741
82.3558,45.4741
103.6121,44.7237
103.6121,44.7237
103.6121,44.7237
86.2049,44.3023
86.2049,44.3023
86.2049,44.3023
96.8162,43.4991
96.8162,43.4991
96.8162,43.4991
90.5568,44.5698
90.5568,44.5698
90.5568,44.5698
89.9491,45.0381
89.9491,45.0381
89.9491,45.0381
92.928,44.5948
92.928,44.5948
92.928,44.5948
104.6382,45.145
104.6382,45.145
104.6382,45.145
88.4681,45.1292
88.4681,45.1292
88.4681,45.1292
86.7657,46.0302
86.7657,46.0302
86.7657,46.0302
88.3781,44.8301
88.3781,44.8301
88.3781,44.8301
94.0629,43.9849
94.0629,43.9849
94.0629,43.9849
107.4711,43.4115
107.4711,43.4115
107.4711,43.4115
96.8292,45.3886
96.8292,45.3886
96.8292,45.3886
90.4917,45.261
90.4917,45.261
90.4917,45.261
95.6921,44.9983
95.6921,44.9983
95.6921,44.9983
92.9205,45.558
92.9205,45.558
92.9205,45.558
92.9627,44.4162
92.9627,44.4162
92.9627,44.4162
90.5634,44.8026
90.5634,44.8026
90.5634,44.8026
93.848,44.5194
93.848,44.5194
93.848,44.5194
94.887,44.2637
94.887,44.2637
94.887,44.2637
92.9496,45.9237
92.9496,45.9237
92.9496,45.9237
82.5736,45.5689
82.5736,45.5689
82.5736,45.5689
102.9468,44.1383
102.9468,44.1383
102.9468,44.1383
91.6474,44.9968
91.6474,44.9968
91.6474,44.9968
85.7974,44.0462
85.7974,44.0462
85.7974,44.0462
89.1063,44.7879
89.1063,44.7879
89.1063,44.7879
88.7918,43.9807
88.7918,43.9807
88.7918,43.9807
90.4549,45.6854
90.4549,45.6854
90.4549,45.6854
88.6726,45.5197
88.6726,45.5197
88.6726,45.5197
94.4641,45.3701
94.4641,45.3701
94.4641,45.3701
100.7514,44.9242
100.7514,44.9242
100.7514,44.9242
95.1468,44.7517
95.1468,44.7517
95.1468,44.7517
93.8484,44.1078
93.8484,44.1078
93.8484,44.1078
85.6819,44.9094
85.6819,44.9094
85.6819,44.9094
99.0086,44.473
99.0086,44.473
99.0086,44.473
88.3186,44.9021
88.3186,44.9021
88.3186,44.9021
87.5706,44.7769
87.5706,44.7769
87.5706,44.7769
84.5005,44.6362
84.5005,44.6362
84.5005,44.6362
91.6786,44.9576
91.6786,44.9576
91.6786,44.9576
92.8203,44.726
92.8203,44.726
92.8203,44.726
87.3617,44.099
87.3617,44.099
87.3617,44.099
88.3942,44.6369
88.3942,44.6369
88.3942,44.6369
97.154,45.1933
97.154,45.1933
97.154,45.1933
89.9354,44.1389
89.9354,44.1389
89.9354,44.1389
92.6444,46.1062
92.6444,46.1062
92.6444,46.1062
91.7762,45.4722
91.7762,45.4722
91.7762,45.4722
94.0799,45.1197
94.0799,45.1197
94.0799,45.1197
97.3902,44.6893
97.3902,44.6893
97.3902,44.6893
100.1596,44.9994
100.1596,44.9994
100.1596,44.9994
91.7199,45.0312
91.7199,45.0312
91.7199,45.0312
101.0254,44.9321
101.0254,44.9321
101.0254,44.9321
99.4321,45.1439
99.4321,45.1439
99.4321,45.1439
94.068,46.2211
94.068,46.2211
94.068,46.2211
93.6445,43.7616
93.6445,43.7616
93.6445,43.7616
85.9689,45.7456
85.9689,45.7456
85.9689,45.7456
94.6275,45.1321
94.6275,45.1321
94.6275,45.1321
88.8479,44.4659
88.8479,44.4659
88.8479,44.4659
91.1645,44.3928
91.1645,44.3928
91.1645,44.3928
94.1506,43.5593
94.1506,43.5593
94.1506,43.5593
86.0643,44.511
86.0643,44.511
86.0643,44.511
93.8917,44.9768
93.8917,44.9768
93.8917,44.9768
90.1803,44.6922
90.1803,44.6922
90.1803,44.6922
93.6601,44.8916
93.6601,44.8916
93.6601,44.8916
93.1651,47.5365
93.1651,47.5365
93.1651,47.5365
93.2257,45.3635
93.2257,45.3635
93.2257,45.3635
101.5799,45.2945
101.5799,45.2945
101.5799,45.2945
84.7683,44.8832
84.7683,44.8832
84.7683,44.8832
89.212,44.2903
89.212,44.2903
89.212,44.2903
97.4304,44.6392
97.4304,44.6392
97.4304,44.6392
89.7775,45.3764
89.7775,45.3764
89.7775,45.3764
92.7592,45.9276
92.7592,45.9276
92.7592,45.9276
99.3905,44.6909
99.3905,44.6909
99.3905,44.6909
95.2078,45.5684
95.2078,45.5684
95.2078,45.5684
88.3431,45.9842
88.3431,45.9842
88.3431,45.9842
91.1744,44.2731
91.1744,44.2731
91.1744,44.2731
89.4077,44.9187
89.4077,44.9187
89.4077,44.9187
97.8409,44.2658
97.8409,44.2658
97.8409,44.2658
85.4439,44.1899
85.4439,44.1899
85.4439,44.1899
92.427,46.1464
92.427,46.1464
92.427,46.1464
91.1193,46.0561
91.1193,46.0561
91.1193,46.0561
91.9565,44.7937
91.9565,44.7937
91.9565,44.7937
93.1956,45.0853
93.1956,45.0853
93.1956,45.0853
95.2707,44.5373
95.2707,44.5373
95.2707,44.5373
92.1268,44.4236
92.1268,44.4236
92.1268,44.4236
88.6353,44.7354
88.6353,44.7354
88.6353,44.7354
89.1258,43.9144
89.1258,43.9144
89.1258,43.9144
100.395,44.5634
100.395,44.5634
100.395,44.5634
88.8331,45.0462
88.8331,45.0462
88.8331,45.0462
96.4176,45.1253
96.4176,45.1253
96.4176,45.1253
91.3811,44.9838
91.3811,44.9838
91.3811,44.9838
89.6384,45.3885
89.6384,45.3885
89.6384,45.3885
96.564,45.7407
96.564,45.7407
96.564,45.7407
85.2376,45.1749
85.2376,45.1749
85.2376,45.1749
100.5339,44.978
100.5339,44.978
100.5339,44.978
93.3504,45.7183
93.3504,45.7183
93.3504,45.7183
89.3881,44.0802
89.3881,44.0802
89.3881,44.0802
87.1628,45.9709
87.1628,45.9709
87.1628,45.9709
88.3686,44.6447
88.3686,44.6447
88.3686,44.6447
93.9922,43.8286
93.9922,43.8286
93.9922,43.8286
93.628,45.3599
93.628,45.3599
93.628,45.3599
86.8532,45.7935
86.8532,45.7935
86.8532,45.7935
89.5355,44.942
89.5355,44.942
89.5355,44.942
94.5937,44.5403
94.5937,44.5403
94.5937,44.5403
97.0205,43.4671
97.0205,43.4671
97.0205,43.4671
92.1143,43.9723
92.1143,43.9723
92.1143,43.9723
89.0908,45.5989
89.0908,45.5989
89.0908,45.5989
90.5194,45.1796
90.5194,45.1796
90.5194,45.1796
95.8936,44.6068
95.8936,44.6068
95.8936,44.6068
101.9321,45.3043
101.9321,45.3043
101.9321,45.3043
95.6555,44.4168
95.6555,44.4168
95.6555,44.4168
100.4478,45.6148
100.4478,45.6148
100.4478,45.6148
95.7301,45.0445
95.7301,45.0445
95.7301,45.0445
92.5641,44.5504
92.5641,44.5504
92.5641,44.5504
94.8332,44.0353
94.8332,44.0353
94.8332,44.0353
100.7594,45.7369
100.7594,45.7369
100.7594,45.7369
85.9993,45.0175
85.9993,45.0175
85.9993,45.0175
99.9255,45.3364
99.9255,45.3364
99.9255,45.3364
89.7797,44.273
89.7797,44.273
89.7797,44.273
90.6091,43.362
90.6091,43.362
90.6091,43.362
92.6319,44.6579
92.6319,44.6579
92.6319,44.6579
86.8305,44.1947
86.8305,44.1947
86.8305,44.1947
93.9651,45.7273
93.9651,45.7273
93.9651,45.7273
87.1983,45.3958
87.1983,45.3958
87.1983,45.3958
103.1497,44.873
103.1497,44.873
103.1497,44.873
99.1769,44.875
99.1769,44.875
99.1769,44.875
81.9426,45.3688
81.9426,45.3688
81.9426,45.3688
84.1721,44.238
84.1721,44.238
84.1721,44.238
87.3619,44.6946
87.3619,44.6946
87.3619,44.6946
97.8203,44.7393
97.8203,44.7393
97.8203,44.7393
81.2508,44.659
81.2508,44.659
81.2508,44.659
101.206,44.6434
101.206,44.6434
101.206,44.6434
94.6495,43.7717
94.6495,43.7717
94.6495,43.7717
79.6406,44.0113
79.6406,44.0113
79.6406,44.0113
93.0136,45.2233
93.0136,45.2233
93.0136,45.2233
83.2882,44.2977
83.2882,44.2977
83.2882,44.2977
96.1341,44.4214
96.1341,44.4214
96.1341,44.4214
94.0389,45.137
94.0389,45.137
94.0389,45.137
82.5159,43.6191
82.5159,43.6191
82.5159,43.6191
81.716,46.1722
81.716,46.1722
81.716,46.1722
90.7916,44.5766
90.7916,44.5766
90.7916,44.5766
94.6437,44.0569
94.6437,44.0569
94.6437,44.0569
98.629,44.8188
98.629,44.8188
98.629,44.8188
95.9926,45.1488
95.9926,45.1488
95.9926,45.1488
92.5548,46.3722
92.5548,46.3722
92.5548,46.3722
99.468,44.3188
99.468,44.3188
99.468,44.3188
87.6871,44.3077
87.6871,44.3077
87.6871,44.3077
96.6786,44.6497
96.6786,44.6497
96.6786,44.6497
101.1712,44.4803
101.1712,44.4803
101.1712,44.4803
87.5987,45.5547
87.5987,45.5547
87.5987,45.5547
97.1656,44.9186
97.1656,44.9186
97.1656,44.9186
88.713,46.3011
88.713,46.3011
88.713,46.3011
102.6095,44.4132
102.6095,44.4132
102.6095,44.4132
96.038,45.2392
96.038,45.2392
96.038,45.2392
95.2808,44.9526
95.2808,44.9526
95.2808,44.9526
88.7761,45.5142
88.7761,45.5142
88.7761,45.5142
94.117,45.2634
94.117,45.2634
94.117,45.2634
91.8098,44.2326
91.8098,44.2326
91.8098,44.2326
89.4176,45.5194
89.4176,45.5194
89.4176,45.5194
89.7621,45.7431
89.7621,45.7431
89.7621,45.7431
92.4062,44.7815
92.4062,44.7815
92.4062,44.7815
92.4404,45.0698
92.4404,45.0698
92.4404,45.0698
92.4852,44.5993
92.4852,44.5993
92.4852,44.5993
95.7306,45.7785
95.7306,45.7785
95.7306,45.7785
95.8872,44.9745
95.8872,44.9745
95.8872,44.9745
94.1487,44.8273
94.1487,44.8273
94.1487,44.8273
87.485,43.4128
87.485,43.4128
87.485,43.4128
100.5833,44.1671
100.5833,44.1671
100.5833,44.1671
89.9081,45.7096
89.9081,45.7096
89.9081,45.7096
86.474,43.6762
86.474,43.6762
86.474,43.6762
82.3057,44.12
82.3057,44.12
82.3057,44.12
92.2781,45.9969
92.2781,45.9969
92.2781,45.9969
88.3827,44.9962
88.3827,44.9962
88.3827,44.9962
88.5349,45.3159
88.5349,45.3159
88.5349,45.3159
88.9359,45.0629
88.9359,45.0629
88.9359,45.0629
86.7702,44.595
86.7702,44.595
86.7702,44.595
92.4237,43.7927
92.4237,43.7927
92.4237,43.7927
88.0429,44.898
88.0429,44.898
88.0429,44.898
90.9571,45.4108
90.9571,45.4108
90.9571,45.4108
95.2901,44.2925
95.2901,44.2925
95.2901,44.2925
86.1918,44.3745
86.1918,44.3745
86.1918,44.3745
93.6737,43.9243
93.6737,43.9243
93.6737,43.9243
88.8117,45.6653
88.8117,45.6653
88.8117,45.6653
96.4756,45.2099
96.4756,45.2099
96.4756,45.2099
85.148,45.6863
85.148,45.6863
85.148,45.6863
83.5943,43.9564
83.5943,43.9564
83.5943,43.9564
90.8847,45.2645
90.8847,45.2645
90.8847,45.2645
90.8894,44.46
90.8894,44.46
90.8894,44.46
96.6576,44.603
96.6576,44.603
96.6576,44.603
91.8101,44.6602
91.8101,44.6602
91.8101,44.6602
97.7021,44.8254
97.7021,44.8254
97.7021,44.8254
101.836,45.2164
101.836,45.2164
101.836,45.2164
91.7991,46.0329
91.7991,46.0329
91.7991,46.0329
87.9618,46.0313
87.9618,46.0313
87.9618,46.0313
87.9257,44.1496
87.9257,44.1496
87.9257,44.1496
87.3266,44.4386
87.3266,44.4386
87.3266,44.4386
86.1056,43.8149
86.1056,43.8149
86.1056,43.8149
97.2769,45.1683
97.2769,45.1683
97.2769,45.1683
86.0589,45.3462
86.0589,45.3462
86.0589,45.3462
99.4874,44.8622
99.4874,44.8622
99.4874,44.8622
97.273,45.0318
97.273,45.0318
97.273,45.0318
91.3764,45.0365
91.3764,45.0365
91.3764,45.0365
99.4766,45.1064
99.4766,45.1064
99.4766,45.1064
98.1276,44.8783
98.1276,44.8783
98.1276,44.8783
87.85,45.4107
87.85,45.4107
87.85,45.4107
92.6692,44.8178
92.6692,44.8178
92.6692,44.8178
88.6266,44.0437
88.6266,44.0437
88.6266,44.0437
93.6438,45.295
93.6438,45.295
93.6438,45.295
92.4454,44.8273
92.4454,44.8273
92.4454,44.8273
85.0302,44.8172
85.0302,44.8172
85.0302,44.8172
95.0839,45.9138
95.0839,45.9138
95.0839,45.9138
86.6438,45.0773
86.6438,45.0773
86.6438,45.0773
87.4949,44.9747
87.4949,44.9747
87.4949,44.9747
91.8372,45.6419
91.8372,45.6419
91.8372,45.6419
97.5152,45.7699
97.5152,45.7699
97.5152,45.7699
96.9136,44.1243
96.9136,44.1243
96.9136,44.1243
93.562,44.6066
93.562,44.6066
93.562,44.6066
100.0164,46.2988
100.0164,46.2988
100.0164,46.2988
94.6433,44.6335
94.6433,44.6335
94.6433,44.6335
88.1273,45.2922
88.1273,45.2922
88.1273,45.2922
97.41,45.0396
97.41,45.0396
97.41,45.0396
88.8746,44.4963
88.8746,44.4963
88.8746,44.4963
96.5332,45.1372
96.5332,45.1372
96.5332,45.1372
90.6129,44.8433
90.6129,44.8433
90.6129,44.8433
101.7545,45.3116
101.7545,45.3116
101.7545,45.3116
85.8093,44.3588
85.8093,44.3588
85.8093,44.3588
94.1341,45.7326
94.1341,45.7326
94.1341,45.7326
88.5975,45.2118
88.5975,45.2118
88.5975,45.2118
92.2673,46.2675
92.2673,46.2675
92.2673,46.2675
95.4956,45.0719
95.4956,45.0719
95.4956,45.0719
89.6049,46.0879
89.6049,46.0879
89.6049,46.0879
86.7775,44.8777
86.7775,44.8777
86.7775,44.8777
89.12,45.0035
89.12,45.0035
89.12,45.0035
97.5735,45.1749
97.5735,45.1749
97.5735,45.1749
84.662,45.408
84.662,45.408
84.662,45.408
95.15,45.3101
95.15,45.3101
95.15,45.3101
94.7658,44.6501
94.7658,44.6501
94.7658,44.6501
96.2379,45.0329
96.2379,45.0329
96.2379,45.0329
84.9162,45.2359
84.9162,45.2359
84.9162,45.2359
84.2871,45.5525
84.2871,45.5525
84.2871,45.5525
98.2687,44.6456
98.2687,44.6456
98.2687,44.6456
92.0018,45.9548
92.0018,45.9548
92.0018,45.9548
87.775,44.6699
87.775,44.6699
87.775,44.6699
91.0844,44.6242
91.0844,44.6242
91.0844,44.6242
89.182,44.2543
89.182,44.2543
89.182,44.2543
89.2911,45.1884
89.2911,45.1884
89.2911,45.1884
91.3686,44.3125
91.3686,44.3125
91.3686,44.3125
93.1661,45.4505
93.1661,45.4505
93.1661,45.4505
89.7457,45.5077
89.7457,45.5077
89.7457,45.5077
93.1781,45.3572
93.1781,45.3572
93.1781,45.3572
93.3562,45.1572
93.3562,45.1572
93.3562,45.1572
93.7026,44.6318
93.7026,44.6318
93.7026,44.6318
95.9172,45.5262
95.9172,45.5262
95.9172,45.5262
83.918,45.8815
83.918,45.8815
83.918,45.8815
100.9092,44.3407
100.9092,44.3407
100.9092,44.3407
95.3975,44.6545
95.3975,44.6545
95.3975,44.6545
84.0841,45.1645
84.0841,45.1645
84.0841,45.1645
105.5105,44.3687
105.5105,44.3687
105.5105,44.3687
90.6498,45.0083
90.6498,45.0083
90.6498,45.0083
99.2987,45.358
99.2987,45.358
99.2987,45.358
91.2576,44.2961
91.2576,44.2961
91.2576,44.2961
87.8782,45.6564
87.8782,45.6564
87.8782,45.6564
89.6952,44.8774
89.6952,44.8774
89.6952,44.8774
87.1518,44.4324
87.1518,44.4324
87.1518,44.4324
94.4371,45.3373
94.4371,45.3373
94.4371,45.3373
91.1084,44.613
91.1084,44.613
91.1084,44.613
92.9332,43.9853
92.9332,43.9853
92.9332,43.9853
92.6551,45.0089
92.6551,45.0089
92.6551,45.0089
88.1599,44.0494
88.1599,44.0494
88.1599,44.0494
90.6768,45.3311
90.6768,45.3311
90.6768,45.3311
93.5532,44.7853
93.5532,44.7853
93.5532,44.7853
85.7361,44.2479
85.7361,44.2479
85.7361,44.2479
93.4605,45.436
93.4605,45.436
93.4605,45.436
83.8141,45.22
83.8141,45.22
83.8141,45.22
87.1422,45.5535
87.1422,45.5535
87.1422,45.5535
84.4177,45.1491
84.4177,45.1491
84.4177,45.1491
97.4485,45.2504
97.4485,45.2504
97.4485,45.2504
88.9342,45.5159
88.9342,45.5159
88.9342,45.5159
90.1869,44.3409
90.1869,44.3409
90.1869,44.3409
93.2901,43.8475
93.2901,43.8475
93.2901,43.8475
102.124,45.0557
102.124,45.0557
102.124,45.0557
86.3699,44.4609
86.3699,44.4609
86.3699,44.4609
86.1337,45.5445
86.1337,45.5445
86.1337,45.5445
101.4411,44.5125
101.4411,44.5125
101.4411,44.5125
80.0793,45.919
80.0793,45.919
80.0793,45.919
85.5253,44.1673
85.5253,44.1673
85.5253,44.1673
95.4405,45.1155
95.4405,45.1155
95.4405,45.1155
89.412,45.5534
89.412,45.5534
89.412,45.5534
80.239,44.5179
80.239,44.5179
80.239,44.5179
85.4549,45.1183
85.4549,45.1183
85.4549,45.1183
94.1587,45.2227
94.1587,45.2227
94.1587,45.2227
85.4749,44.9731
85.4749,44.9731
85.4749,44.9731
97.58,43.9248
97.58,43.9248
97.58,43.9248
85.6086,44.57
85.6086,44.57
85.6086,44.57
106.031,45.7612
106.031,45.7612
106.031,45.7612
99.4453,45.3073
99.4453,45.3073
99.4453,45.3073
91.8036,43.8528
91.8036,43.8528
91.8036,43.8528
92.8152,44.7705
92.8152,44.7705
92.8152,44.7705
96.1815,45.0642
96.1815,45.0642
96.1815,45.0642
84.6916,45.1947
84.6916,45.1947
84.6916,45.1947
97.1633,44.4499
97.1633,44.4499
97.1633,44.4499
85.8722,44.8998
85.8722,44.8998
85.8722,44.8998
84.1588,44.9107
84.1588,44.9107
84.1588,44.9107
92.1561,44.7892
92.1561,44.7892
92.1561,44.7892
93.3115,44.5092
93.3115,44.5092
93.3115,44.5092
88.4723,45.3584
88.4723,45.3584
88.4723,45.3584
90.0166,43.6218
90.0166,43.6218
90.0166,43.6218
103.356,44.6841
103.356,44.6841
103.356,44.6841
89.5336,45.3644
89.5336,45.3644
89.5336,45.3644
81.6589,43.9079
81.6589,43.9079
81.6589,43.9079
95.1993,45.0406
95.1993,45.0406
95.1993,45.0406
79.8569,44.8466
79.8569,44.8466
79.8569,44.8466
92.1123,45.4339
92.1123,45.4339
92.1123,45.4339
91.1434,43.3711
91.1434,43.3711
91.1434,43.3711
96.1332,44.8709
96.1332,44.8709
96.1332,44.8709
91.676,45.425
91.676,45.425
91.676,45.425
91.0777,45.6591
91.0777,45.6591
91.0777,45.6591
82.7642,45.9647
82.7642,45.9647
82.7642,45.9647
87.4982,45.0784
87.4982,45.0784
87.4982,45.0784
92.9341,44.9594
92.9341,44.9594
92.9341,44.9594
84.8256,44.9416
84.8256,44.9416
84.8256,44.9416
85.7089,44.981
85.7089,44.981
85.7089,44.981
92.6642,44.9019
92.6642,44.9019
92.6642,44.9019
88.246,44.2159
88.246,44.2159
88.246,44.2159
84.3628,44.8945
84.3628,44.8945
84.3628,44.8945
93.7965,44.9678
93.7965,44.9678
93.7965,44.9678
88.443,45.0363
88.443,45.0363
88.443,45.0363
96.6811,45.1476
96.6811,45.1476
96.6811,45.1476
93.3541,45.4713
93.3541,45.4713
93.3541,45.4713
87.0051,44.7383
87.0051,44.7383
87.0051,44.7383
91.0681,44.9665
91.0681,44.9665
91.0681,44.9665
88.0943,45.8338
88.0943,45.8338
88.0943,45.8338
84.7276,43.9117
84.7276,43.9117
84.7276,43.9117
93.4054,43.1311
93.4054,43.1311
93.4054,43.1311
99.8085,44.6056
99.8085,44.6056
99.8085,44.6056
96.3275,44.3029
96.3275,44.3029
96.3275,44.3029
104.6762,44.5332
104.6762,44.5332
104.6762,44.5332
82.7524,45.124
82.7524,45.124
82.7524,45.124
86.2963,45.974
86.2963,45.974
86.2963,45.974
87.9229,44.1415
87.9229,44.1415
87.9229,44.1415
98.1682,45.9009
98.1682,45.9009
98.1682,45.9009
93.6244,45.0244
93.6244,45.0244
93.6244,45.0244
88.926,43.7732
88.926,43.7732
88.926,43.7732
90.4658,44.5517
90.4658,44.5517
90.4658,44.5517
94.5849,44.9969
94.5849,44.9969
94.5849,44.9969
101.0838,43.839
101.0838,43.839
101.0838,43.839
87.6254,45.4875
87.6254,45.4875
87.6254,45.4875
98.9087,45.1804
98.9087,45.1804
98.9087,45.1804
88.4631,45.0694
88.4631,45.0694
88.4631,45.0694
101.4355,44.7918
101.4355,44.7918
101.4355,44.7918
84.0326,45.1548
84.0326,45.1548
84.0326,45.1548
94.1333,45.796
94.1333,45.796
94.1333,45.796
85.3895,45.0336
85.3895,45.0336
85.3895,45.0336
92.2842,44.7601
92.2842,44.7601
92.2842,44.7601
95.1825,44.7207
95.1825,44.7207
95.1825,44.7207
89.8973,44.3267
89.8973,44.3267
89.8973,44.3267
88.6757,45.3662
88.6757,45.3662
88.6757,45.3662
94.2012,44.7876
94.2012,44.7876
94.2012,44.7876
90.2501,45.8054
90.2501,45.8054
90.2501,45.8054
87.141,45.9814
87.141,45.9814
87.141,45.9814
92.4107,45.1051
92.4107,45.1051
92.4107,45.1051
94.0902,44.4759
94.0902,44.4759
94.0902,44.4759
104.4499,44.7778
104.4499,44.7778
104.4499,44.7778
100.0446,44.1932
100.0446,44.1932
100.0446,44.1932
90.3251,45.6521
90.3251,45.6521
90.3251,45.6521
84.6349,45.2133
84.6349,45.2133
84.6349,45.2133
93.3937,44.8847
93.3937,44.8847
93.3937,44.8847
93.0395,44.3936
93.0395,44.3936
93.0395,44.3936
91.0947,44.6171
91.0947,44.6171
91.0947,44.6171
91.9411,46.2352
91.9411,46.2352
91.9411,46.2352
91.0312,45.6366
91.0312,45.6366
91.0312,45.6366
88.5123,45.2523
88.5123,45.2523
88.5123,45.2523
89.2919,44.0697
89.2919,44.0697
89.2919,44.0697
90.7147,45.9066
90.7147,45.9066
90.7147,45.9066
86.1132,43.9465
86.1132,43.9465
86.1132,43.9465
96.2194,45.4936
96.2194,45.4936
96.2194,45.4936
96.3147,44.5913
96.3147,44.5913
96.3147,44.5913
94.1955,45.1889
94.1955,45.1889
94.1955,45.1889
85.4281,45.4136
85.4281,45.4136
85.4281,45.4136
85.7279,44.7966
85.7279,44.7966
85.7279,44.7966
82.1138,44.665
82.1138,44.665
82.1138,44.665
96.8483,44.8739
96.8483,44.8739
96.8483,44.8739
92.1852,44.3098
92.1852,44.3098
92.1852,44.3098
98.9739,44.8532
98.9739,44.8532
98.9739,44.8532
92.7022,45.7691
92.7022,45.7691
92.7022,45.7691
97.3156,44.5832
97.3156,44.5832
97.3156,44.5832
89.4963,46.0338
89.4963,46.0338
89.4963,46.0338
90.673,45.5585
90.673,45.5585
90.673,45.5585
87.3613,44.5534
87.3613,44.5534
87.3613,44.5534
87.6376,45.0332
87.6376,45.0332
87.6376,45.0332
89.5253,46.0688
89.5253,46.0688
89.5253,46.0688
95.9377,46.4222
95.9377,46.4222
95.9377,46.4222
92.1142,45.5091
92.1142,45.5091
92.1142,45.5091
91.3264,45.7655
91.3264,45.7655
91.3264,45.7655
93.4247,44.3953
93.4247,44.3953
93.4247,44.3953
86.958,46.0585
86.958,46.0585
86.958,46.0585
86.7253,45.7173
86.7253,45.7173
86.7253,45.7173
85.1664,45.0616
85.1664,45.0616
85.1664,45.0616
94.8149,44.5479
94.8149,44.5479
94.8149,44.5479
101.3381,45.4386
101.3381,45.4386
101.3381,45.4386
85.4092,44.7956
85.4092,44.7956
85.4092,44.7956
93.8201,45.15
93.8201,45.15
93.8201,45.15
86.144,44.9629
86.144,44.9629
86.144,44.9629
85.1077,46.3781
85.1077,46.3781
85.1077,46.3781
102.6436,44.8444
102.6436,44.8444
102.6436,44.8444
91.5191,45.9738
91.5191,45.9738
91.5191,45.9738
89.3312,44.4511
89.3312,44.4511
89.3312,44.4511
88.9425,44.9993
88.9425,44.9993
88.9425,44.9993
90.0756,44.6609
90.0756,44.6609
90.0756,44.6609
95.194,44.923
95.194,44.923
95.194,44.923
95.507,44.9389
95.507,44.9389
95.507,44.9389
84.2912,45.0533
84.2912,45.0533
84.2912,45.0533
89.8092,45.9841
89.8092,45.9841
89.8092,45.9841
96.9642,45.505
96.9642,45.505
96.9642,45.505
94.7812,45.6726
94.7812,45.6726
94.7812,45.6726
92.896,44.4539
92.896,44.4539
92.896,44.4539
89.712,44.9496
89.712,44.9496
89.712,44.9496
89.856,44.5713
89.856,44.5713
89.856,44.5713
93.433,45.2662
93.433,45.2662
93.433,45.2662
97.1359,45.0424
97.1359,45.0424
97.1359,45.0424
77.6778,45.403
77.6778,45.403
77.6778,45.403
85.0064,45.2285
85.0064,45.2285
85.0064,45.2285
90.553,44.6411
90.553,44.6411
90.553,44.6411
99.0227,44.5024
99.0227,44.5024
99.0227,44.5024
90.6548,45.489
90.6548,45.489
90.6548,45.489
89.2862,44.9472
89.2862,44.9472
89.2862,44.9472
87.8504,45.4664
87.8504,45.4664
87.8504,45.4664
91.3183,44.7931
91.3183,44.7931
91.3183,44.7931
91.2889,45.5877
91.2889,45.5877
91.2889,45.5877
96.1363,44.4132
96.1363,44.4132
96.1363,44.4132
92.2243,45.2684
92.2243,45.2684
92.2243,45.2684
83.1727,45.714
83.1727,45.714
83.1727,45.714
84.2543,45.6355
84.2543,45.6355
84.2543,45.6355
89.277,43.8972
89.277,43.8972
89.277,43.8972
80.1857,44.907
80.1857,44.907
80.1857,44.907
91.2246,44.1965
91.2246,44.1965
91.2246,44.1965
88.79,46.1732
88.79,46.1732
88.79,46.1732
81.6811,44.1062
81.6811,44.1062
81.6811,44.1062
85.5438,45.446
85.5438,45.446
85.5438,45.446
96.4501,43.8158
96.4501,43.8158
96.4501,43.8158
89.388,45.4135
89.388,45.4135
89.388,45.4135
92.7398,43.6549
92.7398,43.6549
92.7398,43.6549
89.5334,45.216
89.5334,45.216
89.5334,45.216
86.8252,44.1801
86.8252,44.1801
86.8252,44.1801
88.7292,44.653
88.7292,44.653
88.7292,44.653
78.9204,45.0134
78.9204,45.0134
78.9204,45.0134
92.0263,44.8778
92.0263,44.8778
92.0263,44.8778
86.8098,45.1826
86.8098,45.1826
86.8098,45.1826
94.817,45.4502
94.817,45.4502
94.817,45.4502
87.5369,45.5656
87.5369,45.5656
87.5369,45.5656
86.7822,43.8407
86.7822,43.8407
86.7822,43.8407
98.1124,45.6039
98.1124,45.6039
98.1124,45.6039
96.3116,43.4865
96.3116,43.4865
96.3116,43.4865
87.4277,44.7869
87.4277,44.7869
87.4277,44.7869
88.3956,45.1396
88.3956,45.1396
88.3956,45.1396
100.179,44.6988
100.179,44.6988
100.179,44.6988
96.5527,44.6551
96.5527,44.6551
96.5527,44.6551
98.3154,45.0698
98.3154,45.0698
98.3154,45.0698
96.87,45.5867
96.87,45.5867
96.87,45.5867
89.1516,44.981
89.1516,44.981
89.1516,44.981
93.4209,44.9137
93.4209,44.9137
93.4209,44.9137
87.6033,43.3825
87.6033,43.3825
87.6033,43.3825
93.2581,44.4278
93.2581,44.4278
93.2581,44.4278
97.3584,43.8137
97.3584,43.8137
97.3584,43.8137
88.0207,45.1472
88.0207,45.1472
88.0207,45.1472
89.8338,44.8946
89.8338,44.8946
89.8338,44.8946
91.6833,45.4737
91.6833,45.4737
91.6833,45.4737
94.7286,44.9441
94.7286,44.9441
94.7286,44.9441
96.493,43.9125
96.493,43.9125
96.493,43.9125
98.299,43.8764
98.299,43.8764
98.299,43.8764
94.605,45.7666
94.605,45.7666
94.605,45.7666
96.3308,45.5658
96.3308,45.5658
96.3308,45.5658
76.2053,45.1104
76.2053,45.1104
76.2053,45.1104
83.362,45.7139
83.362,45.7139
83.362,45.7139
93.5074,45.0466
93.5074,45.0466
93.5074,45.0466
101.6095,44.1443
101.6095,44.1443
101.6095,44.1443
91.064,43.8501
91.064,43.8501
91.064,43.8501
96.8363,44.144
96.8363,44.144
96.8363,44.144
89.6238,45.1752
89.6238,45.1752
89.6238,45.1752
92.8821,44.3243
92.8821,44.3243
92.8821,44.3243
100.7355,44.564
100.7355,44.564
100.7355,44.564
101.2789,44.9509
101.2789,44.9509
101.2789,44.9509
79.612,44.889
79.612,44.889
79.612,44.889
93.3561,43.9969
93.3561,43.9969
93.3561,43.9969
85.5387,44.168
85.5387,44.168
85.5387,44.168
88.0169,45.4536
88.0169,45.4536
88.0169,45.4536
95.1024,44.4125
95.1024,44.4125
95.1024,44.4125
95.4141,44.6956
95.4141,44.6956
95.4141,44.6956
94.7903,45.0872
94.7903,45.0872
94.7903,45.0872
92.0968,44.7319
92.0968,44.7319
92.0968,44.7319
92.4979,44.0922
92.4979,44.0922
92.4979,44.0922
93.6303,45.1462
93.6303,45.1462
93.6303,45.1462
91.1462,43.7859
91.1462,43.7859
91.1462,43.7859
92.2293,45.8184
92.2293,45.8184
92.2293,45.8184
86.2646,45.266
86.2646,45.266
86.2646,45.266
85.1,45.1163
85.1,45.1163
85.1,45.1163
100.4593,45.8989
100.4593,45.8989
100.4593,45.8989
99.0659,45.0047
99.0659,45.0047
99.0659,45.0047
93.4998,44.6776
93.4998,44.6776
93.4998,44.6776
91.6191,44.9323
91.6191,44.9323
91.6191,44.9323
87.1894,44.6424
87.1894,44.6424
87.1894,44.6424
91.6456,45.4952
91.6456,45.4952
91.6456,45.4952
92.7474,45.4636
92.7474,45.4636
92.7474,45.4636
91.0185,44.8817
91.0185,44.8817
91.0185,44.8817
87.55,45.1626
87.55,45.1626
87.55,45.1626
92.4611,44.2073
92.4611,44.2073
92.4611,44.2073
98.5586,45.5935
98.5586,45.5935
98.5586,45.5935
87.9631,44.9474
87.9631,44.9474
87.9631,44.9474
89.961,43.2324
89.961,43.2324
89.961,43.2324
94.2117,45.6204
94.2117,45.6204
94.2117,45.6204
92.052,45.2647
92.052,45.2647
92.052,45.2647
95.0273,43.6991
95.0273,43.6991
95.0273,43.6991
99.3995,44.2493
99.3995,44.2493
99.3995,44.2493
93.6801,44.1796
93.6801,44.1796
93.6801,44.1796
88.9589,44.5173
88.9589,44.5173
88.9589,44.5173
99.9927,44.5597
99.9927,44.5597
99.9927,44.5597
90.8457,45.3024
90.8457,45.3024
90.8457,45.3024
90.9042,44.5623
90.9042,44.5623
90.9042,44.5623
82.3869,45.9518
82.3869,45.9518
82.3869,45.9518
101.7448,44.789
101.7448,44.789
101.7448,44.789
93.6188,44.26
93.6188,44.26
93.6188,44.26
94.8022,44.9366
94.8022,44.9366
94.8022,44.9366
85.1253,46.1455
85.1253,46.1455
85.1253,46.1455
94.3868,44.8745
94.3868,44.8745
94.3868,44.8745
87.8631,45.4569
87.8631,45.4569
87.8631,45.4569
79.9452,44.6095
79.9452,44.6095
79.9452,44.6095
87.4911,45.5803
87.4911,45.5803
87.4911,45.5803
89.5537,44.8197
89.5537,44.8197
89.5537,44.8197
89.0986,44.367
89.0986,44.367
89.0986,44.367
99.05,43.9003
99.05,43.9003
99.05,43.9003
86.8505,43.9534
86.8505,43.9534
86.8505,43.9534
88.3121,44.677
88.3121,44.677
88.3121,44.677
90.2035,43.7113
90.2035,43.7113
90.2035,43.7113
94.5433,45.873
94.5433,45.873
94.5433,45.873
97.302,44.2334
97.302,44.2334
97.302,44.2334
83.6752,44.0751
83.6752,44.0751
83.6752,44.0751
85.3517,45.4193
85.3517,45.4193
85.3517,45.4193
88.3881,44.6687
88.3881,44.6687
88.3881,44.6687
103.6089,45.0498
103.6089,45.0498
103.6089,45.0498
94.8751,43.917
94.8751,43.917
94.8751,43.917
88.5014,44.4033
88.5014,44.4033
88.5014,44.4033
98.2799,43.794
98.2799,43.794
98.2799,43.794
88.7716,45.0183
88.7716,45.0183
88.7716,45.0183
92.0422,43.8882
92.0422,43.8882
92.0422,43.8882
82.2399,45.0516
82.2399,45.0516
82.2399,45.0516
89.4311,45.1618
89.4311,45.1618
89.4311,45.1618
85.655,45.2652
85.655,45.2652
85.655,45.2652
97.327,44.2267
97.327,44.2267
97.327,44.2267
88.6532,45.2532
88.6532,45.2532
88.6532,45.2532
90.1113,44.8144
90.1113,44.8144
90.1113,44.8144
85.4018,45.4082
85.4018,45.4082
85.4018,45.4082
102.5044,45.4679
102.5044,45.4679
102.5044,45.4679
92.2187,44.8521
92.2187,44.8521
92.2187,44.8521
94.5156,44.6656
94.5156,44.6656
94.5156,44.6656
91.6673,44.2861
91.6673,44.2861
91.6673,44.2861
86.321,45.3033
86.321,45.3033
86.321,45.3033
93.7757,45.9673
93.7757,45.9673
93.7757,45.9673
101.2255,44.6178
101.2255,44.6178
101.2255,44.6178
97.9198,43.9607
97.9198,43.9607
97.9198,43.9607
75.3945,45.1927
75.3945,45.1927
75.3945,45.1927
82.9186,45.6569
82.9186,45.6569
82.9186,45.6569
86.8101,45.5241
86.8101,45.5241
86.8101,45.5241
91.7828,44.0615
91.7828,44.0615
91.7828,44.0615
95.3858,45.1278
95.3858,45.1278
95.3858,45.1278
92.0895,45.6381
92.0895,45.6381
92.0895,45.6381
95.703,45.4555
95.703,45.4555
95.703,45.4555
86.1703,44.8354
86.1703,44.8354
86.1703,44.8354
95.5309,45.3584
95.5309,45.3584
95.5309,45.3584
79.9935,44.2767
79.9935,44.2767
79.9935,44.2767
97.5591,44.9229
97.5591,44.9229
97.5591,44.9229
94.0856,45.4088
94.0856,45.4088
94.0856,45.4088
86.0234,44.3572
86.0234,44.3572
86.0234,44.3572
87.9535,46.0666
87.9535,46.0666
87.9535,46.0666
95.9938,45.8448
95.9938,45.8448
95.9938,45.8448
94.7501,45.0008
94.7501,45.0008
94.7501,45.0008
89.0339,45.8892
89.0339,45.8892
89.0339,45.8892
93.3864,44.3748
93.3864,44.3748
93.3864,44.3748
90.3579,44.5621
90.3579,44.5621
90.3579,44.5621
94.3142,44.9704
94.3142,44.9704
94.3142,44.9704
93.407,43.4904
93.407,43.4904
93.407,43.4904
96.9933,44.3292
96.9933,44.3292
96.9933,44.3292
92.7481,43.8397
92.7481,43.8397
92.7481,43.8397
91.1954,45.0968
91.1954,45.0968
91.1954,45.0968
81.9383,45.339
81.9383,45.339
81.9383,45.339
99.7322,44.9529
99.7322,44.9529
99.7322,44.9529
93.1506,44.7572
93.1506,44.7572
93.1506,44.7572
93.8616,44.5999
93.8616,44.5999
93.8616,44.5999
87.637,45.0065
87.637,45.0065
87.637,45.0065
91.9219,45.2095
91.9219,45.2095
91.9219,45.2095
86.4693,45.9563
86.4693,45.9563
86.4693,45.9563
87.7013,44.8386
87.7013,44.8386
87.7013,44.8386
87.913,44.93
87.913,44.93
87.913,44.93
89.3089,45.1386
89.3089,45.1386
89.3089,45.1386
95.2362,44.8907
95.2362,44.8907
95.2362,44.8907
95.4172,43.8909
95.4172,43.8909
95.4172,43.8909
87.2781,44.3569
87.2781,44.3569
87.2781,44.3569
87.4686,44.863
87.4686,44.863
87.4686,44.863
96.7875,44.7624
96.7875,44.7624
96.7875,44.7624
92.1491,44.8383
92.1491,44.8383
92.1491,44.8383
95.4926,44.495
95.4926,44.495
95.4926,44.495
96.8323,45.2706
96.8323,45.2706
96.8323,45.2706
89.9916,44.9703
89.9916,44.9703
89.9916,44.9703
89.3173,45.3878
89.3173,45.3878
89.3173,45.3878
92.9274,44.0388
92.9274,44.0388
92.9274,44.0388
97.1647,44.1662
97.1647,44.1662
97.1647,44.1662
85.178,44.6032
85.178,44.6032
85.178,44.6032
87.1247,45.0531
87.1247,45.0531
87.1247,45.0531
86.9179,46.0945
86.9179,46.0945
86.9179,46.0945
87.7538,43.6994
87.7538,43.6994
87.7538,43.6994
89.824,43.7693
89.824,43.7693
89.824,43.7693
91.3637,43.9751
91.3637,43.9751
91.3637,43.9751
87.9049,44.7845
87.9049,44.7845
87.9049,44.7845
88.1815,43.8487
88.1815,43.8487
88.1815,43.8487
87.002,43.6587
87.002,43.6587
87.002,43.6587
95.6231,44.6974
95.6231,44.6974
95.6231,44.6974
80.0774,44.645
80.0774,44.645
80.0774,44.645
92.3778,45.5146
92.3778,45.5146
92.3778,45.5146
93.6427,44.6039
93.6427,44.6039
93.6427,44.6039
97.6267,43.9132
97.6267,43.9132
97.6267,43.9132
89.3788,44.3425
89.3788,44.3425
89.3788,44.3425
99.0759,43.6901
99.0759,43.6901
99.0759,43.6901
93.8798,44.6697
93.8798,44.6697
93.8798,44.6697
101.3643,44.7208
101.3643,44.7208
101.3643,44.7208
91.1864,45.4518
91.1864,45.4518
91.1864,45.4518
85.038,44.4732
85.038,44.4732
85.038,44.4732
100.8095,44.3459
100.8095,44.3459
100.8095,44.3459
90.9881,44.9032
90.9881,44.9032
90.9881,44.9032
93.3182,43.9876
93.3182,43.9876
93.3182,43.9876
92.8115,45.7074
92.8115,45.7074
92.8115,45.7074
86.1331,44.5953
86.1331,44.5953
86.1331,44.5953
95.213,44.3633
95.213,44.3633
95.213,44.3633
98.5478,46.2369
98.5478,46.2369
98.5478,46.2369
92.3442,44.8964
92.3442,44.8964
92.3442,44.8964
85.9735,45.8549
85.9735,45.8549
85.9735,45.8549
83.1172,44.4323
83.1172,44.4323
83.1172,44.4323
87.0147,44.8518
87.0147,44.8518
87.0147,44.8518
88.0065,45.2842
88.0065,45.2842
88.0065,45.2842
88.6867,44.7498
88.6867,44.7498
88.6867,44.7498
90.7461,45.0151
90.7461,45.0151
90.7461,45.0151
89.2729,46.2873
89.2729,46.2873
89.2729,46.2873
86.8375,44.5337
86.8375,44.5337
86.8375,44.5337
89.7243,45.0218
89.7243,45.0218
89.7243,45.0218
91.1912,44.3424
91.1912,44.3424
91.1912,44.3424
87.2706,44.0142
87.2706,44.0142
87.2706,44.0142
88.0566,45.7254
88.0566,45.7254
88.0566,45.7254
92.0714,44.7571
92.0714,44.7571
92.0714,44.7571
90.358,44.1981
90.358,44.1981
90.358,44.1981
90.8704,45.2145
90.8704,45.2145
90.8704,45.2145
85.8811,45.778
85.8811,45.778
85.8811,45.778
94.0784,44.6649
94.0784,44.6649
94.0784,44.6649
94.7504,44.7596
94.7504,44.7596
94.7504,44.7596
86.8177,46.7607
86.8177,46.7607
86.8177,46.7607
99.2261,45.5184
99.2261,45.5184
99.2261,45.5184
99.0316,44.1009
99.0316,44.1009
99.0316,44.1009
95.0691,43.6253
95.0691,43.6253
95.0691,43.6253
98.298,45.5235
98.298,45.5235
98.298,45.5235
92.3449,43.8528
92.3449,43.8528
92.3449,43.8528
97.8158,45.4739
97.8158,45.4739
97.8158,45.4739
84.0038,45.0618
84.0038,45.0618
84.0038,45.0618
87.7027,44.9168
87.7027,44.9168
87.7027,44.9168
93.7547,44.3134
93.7547,44.3134
93.7547,44.3134
102.3293,46.2882
102.3293,46.2882
102.3293,46.2882
95.506,44.7976
95.506,44.7976
95.506,44.7976
90.8215,45.1006
90.8215,45.1006
90.8215,45.1006
88.8179,44.9544
88.8179,44.9544
88.8179,44.9544
88.6788,44.743
88.6788,44.743
88.6788,44.743
88.4832,45.0346
88.4832,45.0346
88.4832,45.0346
84.1377,44.7821
84.1377,44.7821
84.1377,44.7821
93.1377,44.6249
93.1377,44.6249
93.1377,44.6249
89.7175,43.9927
89.7175,43.9927
89.7175,43.9927
98.4296,45.1922
98.4296,45.1922
98.4296,45.1922
92.762,44.2909
92.762,44.2909
92.762,44.2909
100.7677,44.8139
100.7677,44.8139
100.7677,44.8139
90.9838,46.0158
90.9838,46.0158
90.9838,46.0158
92.2715,45.1651
92.2715,45.1651
92.2715,45.1651
94.1401,45.2332
94.1401,45.2332
94.1401,45.2332
88.8838,46.0469
88.8838,46.0469
88.8838,46.0469
91.6151,44.64
91.6151,44.64
91.6151,44.64
93.9127,44.9518
93.9127,44.9518
93.9127,44.9518
81.4364,45.2374
81.4364,45.2374
81.4364,45.2374
88.8874,44.0332
88.8874,44.0332
88.8874,44.0332
86.6041,44.7435
86.6041,44.7435
86.6041,44.7435
91.0778,44.7447
91.0778,44.7447
91.0778,44.7447
97.4429,45.7662
97.4429,45.7662
97.4429,45.7662
87.1109,44.6239
87.1109,44.6239
87.1109,44.6239
97.0984,44.5428
97.0984,44.5428
97.0984,44.5428
85.9404,45.7806
85.9404,45.7806
85.9404,45.7806
90.9282,44.0543
90.9282,44.0543
90.9282,44.0543
91.4625,44.8402
91.4625,44.8402
91.4625,44.8402
97.493,45.0193
97.493,45.0193
97.493,45.0193
89.1626,44.6677
89.1626,44.6677
89.1626,44.6677
98.2638,44.0936
98.2638,44.0936
98.2638,44.0936
87.1454,44.5455
87.1454,44.5455
87.1454,44.5455
96.6997,44.1556
96.6997,44.1556
96.6997,44.1556
97.73,45.6424
97.73,45.6424
97.73,45.6424
85.7279,45.8537
85.7279,45.8537
85.7279,45.8537
98.8158,45.139
98.8158,45.139
98.8158,45.139
93.3865,45.0571
93.3865,45.0571
93.3865,45.0571
94.5498,45.1734
94.5498,45.1734
94.5498,45.1734
82.4993,45.3045
82.4993,45.3045
82.4993,45.3045
85.684,45.0591
85.684,45.0591
85.684,45.0591
92.6548,45.3016
92.6548,45.3016
92.6548,45.3016
97.5203,44.9671
97.5203,44.9671
97.5203,44.9671
95.4855,44.7708
95.4855,44.7708
95.4855,44.7708
90.9031,44.1619
90.9031,44.1619
90.9031,44.1619
92.9734,44.4884
92.9734,44.4884
92.9734,44.4884
90.3203,44.6364
90.3203,44.6364
90.3203,44.6364
94.6031,45.5413
94.6031,45.5413
94.6031,45.5413
92.016,44.2567
92.016,44.2567
92.016,44.2567
82.7212,46.0937
82.7212,46.0937
82.7212,46.0937
83.5535,44.847
83.5535,44.847
83.5535,44.847
90.4155,44.4154
90.4155,44.4154
90.4155,44.4154
95.9646,45.6301
95.9646,45.6301
95.9646,45.6301
95.0752,45.0076
95.0752,45.0076
95.0752,45.0076
92.2979,45.4885
92.2979,45.4885
92.2979,45.4885
95.1268,44.5984
95.1268,44.5984
95.1268,44.5984
98.7419,44.977
98.7419,44.977
98.7419,44.977
96.7997,44.6041
96.7997,44.6041
96.7997,44.6041
84.4705,45.8362
84.4705,45.8362
84.4705,45.8362
101.8648,44.5649
101.8648,44.5649
101.8648,44.5649
92.9201,44.4883
92.9201,44.4883
92.9201,44.4883
82.3409,45.7241
82.3409,45.7241
82.3409,45.7241
89.044,44.5545
89.044,44.5545
89.044,44.5545
105.4565,45.1717
105.4565,45.1717
105.4565,45.1717
97.0803,44.7826
97.0803,44.7826
97.0803,44.7826
86.1756,45.8327
86.1756,45.8327
86.1756,45.8327
89.6806,45.084
89.6806,45.084
89.6806,45.084
86.0713,45.3166
86.0713,45.3166
86.0713,45.3166
90.776,44.3004
90.776,44.3004
90.776,44.3004
84.2649,44.3236
84.2649,44.3236
84.2649,44.3236
90.789,44.3198
90.789,44.3198
90.789,44.3198
93.5264,45.3099
93.5264,45.3099
93.5264,45.3099
99.6915,44.9774
99.6915,44.9774
99.6915,44.9774
89.6388,44.6842
89.6388,44.6842
89.6388,44.6842
96.06,44.7605
96.06,44.7605
96.06,44.7605
96.2824,45.1557
96.2824,45.1557
96.2824,45.1557
100.2596,44.2375
100.2596,44.2375
100.2596,44.2375
93.0055,45.0132
93.0055,45.0132
93.0055,45.0132
96.1351,45.6577
96.1351,45.6577
96.1351,45.6577
89.7383,44.8808
89.7383,44.8808
89.7383,44.8808
92.2388,45.1459
92.2388,45.1459
92.2388,45.1459
83.8807,44.5856
83.8807,44.5856
83.8807,44.5856
90.188,44.9152
90.188,44.9152
90.188,44.9152
85.2089,44.837
85.2089,44.837
85.2089,44.837
89.8478,44.7855
89.8478,44.7855
89.8478,44.7855
97.2437,45.263
97.2437,45.263
97.2437,45.263
98.9652,46.0901
98.9652,46.0901
98.9652,46.0901
94.2427,45.1954
94.2427,45.1954
94.2427,45.1954
105.6718,44.6138
105.6718,44.6138
105.6718,44.6138
87.6819,44.4426
87.6819,44.4426
87.6819,44.4426
86.7794,44.9529
86.7794,44.9529
86.7794,44.9529
89.3096,45.0588
89.3096,45.0588
89.3096,45.0588
89.9611,44.1752
89.9611,44.1752
89.9611,44.1752
88.2229,44.7162
88.2229,44.7162
88.2229,44.7162
92.213,46.1502
92.213,46.1502
92.213,46.1502
88.9811,45.0126
88.9811,45.0126
88.9811,45.0126
96.3219,44.37
96.3219,44.37
96.3219,44.37
100.3332,44.2186
100.3332,44.2186
100.3332,44.2186
96.9475,44.2572
96.9475,44.2572
96.9475,44.2572
80.3724,45.3296
80.3724,45.3296
80.3724,45.3296
82.2812,43.4941
82.2812,43.4941
82.2812,43.4941
83.5883,45.3115
83.5883,45.3115
83.5883,45.3115
86.0959,46.2048
86.0959,46.2048
86.0959,46.2048
90.3208,44.5049
90.3208,44.5049
90.3208,44.5049
90.1035,44.1581
90.1035,44.1581
90.1035,44.1581
100.1484,45.677
100.1484,45.677
100.1484,45.677
91.5435,44.4621
91.5435,44.4621
91.5435,44.4621
98.1785,44.5847
98.1785,44.5847
98.1785,44.5847
89.1565,44.7377
89.1565,44.7377
89.1565,44.7377
86.378,45.3608
86.378,45.3608
86.378,45.3608
77.7967,45.4508
77.7967,45.4508
77.7967,45.4508
89.8128,45.389
89.8128,45.389
89.8128,45.389
89.1815,45.1472
89.1815,45.1472
89.1815,45.1472
91.3567,44.5979
91.3567,44.5979
91.3567,44.5979
97.9388,45.7936
97.9388,45.7936
97.9388,45.7936
87.8461,45.0397
87.8461,45.0397
87.8461,45.0397
95.9652,44.3878
95.9652,44.3878
95.9652,44.3878
87.9847,44.1798
87.9847,44.1798
87.9847,44.1798
91.5473,44.8539
91.5473,44.8539
91.5473,44.8539
87.35,46.4415
87.35,46.4415
87.35,46.4415
88.5132,44.7219
88.5132,44.7219
88.5132,44.7219
86.4895,44.9361
86.4895,44.9361
86.4895,44.9361
101.869,44.7888
101.869,44.7888
101.869,44.7888
97.9343,45.2768
97.9343,45.2768
97.9343,45.2768
94.2544,44.9069
94.2544,44.9069
94.2544,44.9069
100.0095,44.4097
100.0095,44.4097
100.0095,44.4097
97.1939,45.3145
97.1939,45.3145
97.1939,45.3145
94.5823,44.8143
94.5823,44.8143
94.5823,44.8143
90.1552,45.2065
90.1552,45.2065
90.1552,45.2065
91.7914,44.7386
91.7914,44.7386
91.7914,44.7386
107.4256,45.3984
107.4256,45.3984
107.4256,45.3984
92.0067,45.9047
92.0067,45.9047
92.0067,45.9047
87.372,45.532
87.372,45.532
87.372,45.532
89.4262,46.039
89.4262,46.039
89.4262,46.039
98.9387,46.0956
98.9387,46.0956
98.9387,46.0956
98.8692,45.2233
98.8692,45.2233
98.8692,45.2233
88.6815,45.0449
88.6815,45.0449
88.6815,45.0449
87.8442,44.2634
87.8442,44.2634
87.8442,44.2634
86.4517,44.407
86.4517,44.407
86.4517,44.407
86.3529,45.7904
86.3529,45.7904
86.3529,45.7904
100.8186,45.4088
100.8186,45.4088
100.8186,45.4088
105.4442,44.3906
105.4442,44.3906
105.4442,44.3906
90.8986,44.9214
90.8986,44.9214
90.8986,44.9214
93.6966,46.13
93.6966,46.13
93.6966,46.13
89.7011,44.2168
89.7011,44.2168
89.7011,44.2168
91.9448,44.445
91.9448,44.445
91.9448,44.445
84.9064,45.6427
84.9064,45.6427
84.9064,45.6427
93.6208,45.8586
93.6208,45.8586
93.6208,45.8586
87.8808,44.7937
87.8808,44.7937
87.8808,44.7937
87.9131,45.0054
87.9131,45.0054
87.9131,45.0054
88.4097,44.972
88.4097,44.972
88.4097,44.972
94.4387,43.7488
94.4387,43.7488
94.4387,43.7488
97.2664,45.0911
97.2664,45.0911
97.2664,45.0911
103.3411,44.9526
103.3411,44.9526
103.3411,44.9526
94.605,45.3909
94.605,45.3909
94.605,45.3909
95.0155,44.7536
95.0155,44.7536
95.0155,44.7536
89.1849,44.9748
89.1849,44.9748
89.1849,44.9748
88.5593,45.874
88.5593,45.874
88.5593,45.874
93.1793,44.6973
93.1793,44.6973
93.1793,44.6973
83.4384,44.0323
83.4384,44.0323
83.4384,44.0323
95.6433,44.3503
95.6433,44.3503
95.6433,44.3503
92.3071,45.2366
92.3071,45.2366
92.3071,45.2366
94.8915,44.7696
94.8915,44.7696
94.8915,44.7696
81.3634,45.7543
81.3634,45.7543
81.3634,45.7543
93.9559,44.9402
93.9559,44.9402
93.9559,44.9402
81.1794,45.9014
81.1794,45.9014
81.1794,45.9014
90.1966,45.202
90.1966,45.202
90.1966,45.202
94.8198,44.5181
94.8198,44.5181
94.8198,44.5181
96.9177,43.9699
96.9177,43.9699
96.9177,43.9699
81.2205,44.3371
81.2205,44.3371
81.2205,44.3371
103.99,45.2912
103.99,45.2912
103.99,45.2912
100.625,44.796
100.625,44.796
100.625,44.796
86.9691,44.9287
86.9691,44.9287
86.9691,44.9287
94.6022,44.8725
94.6022,44.8725
94.6022,44.8725
86.7846,45.014
86.7846,45.014
86.7846,45.014
94.729,45.2879
94.729,45.2879
94.729,45.2879
86.3092,45.1432
86.3092,45.1432
86.3092,45.1432
91.1781,45.42
91.1781,45.42
91.1781,45.42
89.8454,44.6934
89.8454,44.6934
89.8454,44.6934
94.5119,45.0057
94.5119,45.0057
94.5119,45.0057
88.9136,44.3775
88.9136,44.3775
88.9136,44.3775
92.112,44.5418
92.112,44.5418
92.112,44.5418
86.8403,43.9108
86.8403,43.9108
86.8403,43.9108
85.7334,45.1531
85.7334,45.1531
85.7334,45.1531
93.4491,45.2523
93.4491,45.2523
93.4491,45.2523
97.7813,45.1114
97.7813,45.1114
97.7813,45.1114
96.9842,45.0592
96.9842,45.0592
96.9842,45.0592
91.2329,44.4341
91.2329,44.4341
91.2329,44.4341
86.411,43.4752
86.411,43.4752
86.411,43.4752
86.0046,43.8914
86.0046,43.8914
86.0046,43.8914
102.6928,44.9974
102.6928,44.9974
102.6928,44.9974
88.5606,45.6353
88.5606,45.6353
88.5606,45.6353
84.2995,45.1788
84.2995,45.1788
84.2995,45.1788
93.9416,43.9526
93.9416,43.9526
93.9416,43.9526
85.1392,44.0863
85.1392,44.0863
85.1392,44.0863
89.0746,45.0137
89.0746,45.0137
89.0746,45.0137
85.153,45.3396
85.153,45.3396
85.153,45.3396
96.9935,46.1107
96.9935,46.1107
96.9935,46.1107
94.0762,44.6735
94.0762,44.6735
94.0762,44.6735
98.977,44.6485
98.977,44.6485
98.977,44.6485
85.2089,45.285
85.2089,45.285
85.2089,45.285
89.5671,45.1668
89.5671,45.1668
89.5671,45.1668
89.0384,45.6901
89.0384,45.6901
89.0384,45.6901
89.0958,44.1086
89.0958,44.1086
89.0958,44.1086
87.2891,44.3651
87.2891,44.3651
87.2891,44.3651
90.2745,44.8477
90.2745,44.8477
90.2745,44.8477
77.6887,44.1797
77.6887,44.1797
77.6887,44.1797
98.5797,43.8592
98.5797,43.8592
98.5797,43.8592
89.7843,46.1335
89.7843,46.1335
89.7843,46.1335
82.4379,44.875
82.4379,44.875
82.4379,44.875
91.6997,44.9669
91.6997,44.9669
91.6997,44.9669
80.5011,45.3639
80.5011,45.3639
80.5011,45.3639
89.7604,43.7243
89.7604,43.7243
89.7604,43.7243
98.0877,44.8579
98.0877,44.8579
98.0877,44.8579
88.4018,44.6422
88.4018,44.6422
88.4018,44.6422
92.0967,44.0399
92.0967,44.0399
92.0967,44.0399
96.4424,44.3174
96.4424,44.3174
96.4424,44.3174
87.5073,44.7287
87.5073,44.7287
87.5073,44.7287
90.4231,45.4274
90.4231,45.4274
90.4231,45.4274
89.5611,45.3392
89.5611,45.3392
89.5611,45.3392
89.6982,44.8577
89.6982,44.8577
89.6982,44.8577
89.2598,45.5522
89.2598,45.5522
89.2598,45.5522
89.0202,45.2783
89.0202,45.2783
89.0202,45.2783
91.1426,45.5405
91.1426,45.5405
91.1426,45.5405
85.7293,43.7158
85.7293,43.7158
85.7293,43.7158
86.3017,44.9041
86.3017,44.9041
86.3017,44.9041
89.7371,44.6102
89.7371,44.6102
89.7371,44.6102
83.7395,44.7053
83.7395,44.7053
83.7395,44.7053
87.0591,44.1054
87.0591,44.1054
87.0591,44.1054
93.4568,45.6197
93.4568,45.6197
93.4568,45.6197
94.0883,45.1197
94.0883,45.1197
94.0883,45.1197
88.0359,44.6688
88.0359,44.6688
88.0359,44.6688
99.595,43.4271
99.595,43.4271
99.595,43.4271
95.3892,44.9413
95.3892,44.9413
95.3892,44.9413
84.4564,44.7392
84.4564,44.7392
84.4564,44.7392
89.1548,45.3757
89.1548,45.3757
89.1548,45.3757
96.7768,44.6938
96.7768,44.6938
96.7768,44.6938
86.7833,44.7994
86.7833,44.7994
86.7833,44.7994
90.6127,45.1506
90.6127,45.1506
90.6127,45.1506
85.4561,45.0506
85.4561,45.0506
85.4561,45.0506
87.2795,44.2358
87.2795,44.2358
87.2795,44.2358
90.2404,44.3894
90.2404,44.3894
90.2404,44.3894
89.4415,44.8176
89.4415,44.8176
89.4415,44.8176
88.5539,44.8365
88.5539,44.8365
88.5539,44.8365
95.179,44.6947
95.179,44.6947
95.179,44.6947
79.7834,44.7729
79.7834,44.7729
79.7834,44.7729
84.9129,44.6163
84.9129,44.6163
84.9129,44.6163
91.6328,44.9886
91.6328,44.9886
91.6328,44.9886
89.6707,45.4497
89.6707,45.4497
89.6707,45.4497
105.9922,44.9017
105.9922,44.9017
105.9922,44.9017
87.5934,45.4413
87.5934,45.4413
87.5934,45.4413
90.1633,45.5447
90.1633,45.5447
90.1633,45.5447
88.3763,45.3163
88.3763,45.3163
88.3763,45.3163
91.3855,44.2232
91.3855,44.2232
91.3855,44.2232
84.2603,45.8835
84.2603,45.8835
84.2603,45.8835
93.6482,44.9962
93.6482,44.9962
93.6482,44.9962
94.7932,45.8358
94.7932,45.8358
94.7932,45.8358
98.3282,44.4666
98.3282,44.4666
98.3282,44.4666
102.8175,44.9321
102.8175,44.9321
102.8175,44.9321
95.218,45.0621
95.218,45.0621
95.218,45.0621
90.7518,44.6225
90.7518,44.6225
90.7518,44.6225
87.1241,44.9928
87.1241,44.9928
87.1241,44.9928
85.1824,45.635
85.1824,45.635
85.1824,45.635
87.8268,44.5538
87.8268,44.5538
87.8268,44.5538
94.0955,44.6258
94.0955,44.6258
94.0955,44.6258
87.5308,44.1532
87.5308,44.1532
87.5308,44.1532
84.8497,44.4484
84.8497,44.4484
84.8497,44.4484
94.0986,43.8768
94.0986,43.8768
94.0986,43.8768
90.4626,43.8455
90.4626,43.8455
90.4626,43.8455
91.1131,44.9485
91.1131,44.9485
91.1131,44.9485
96.4582,44.348
96.4582,44.348
96.4582,44.348
91.9057,45.1185
91.9057,45.1185
91.9057,45.1185
87.8867,45.2298
87.8867,45.2298
87.8867,45.2298
93.2468,44.5181
93.2468,44.5181
93.2468,44.5181
93.0406,44.7012
93.0406,44.7012
93.0406,44.7012
89.3754,44.54
89.3754,44.54
89.3754,44.54
91.7893,45.2311
91.7893,45.2311
91.7893,45.2311
86.6345,44.6135
86.6345,44.6135
86.6345,44.6135
96.5425,44.8973
96.5425,44.8973
96.5425,44.8973
90.3472,44.9082
90.3472,44.9082
90.3472,44.9082
95.4544,44.7185
95.4544,44.7185
95.4544,44.7185
91.0093,43.8063
91.0093,43.8063
91.0093,43.8063
94.9576,45.154
94.9576,45.154
94.9576,45.154
91.718,45.1871
91.718,45.1871
91.718,45.1871
96.9952,45.1834
96.9952,45.1834
96.9952,45.1834
87.8104,45.0104
87.8104,45.0104
87.8104,45.0104
87.2825,44.8506
87.2825,44.8506
87.2825,44.8506
95.0395,44.8825
95.0395,44.8825
95.0395,44.8825
87.9179,45.7509
87.9179,45.7509
87.9179,45.7509
87.3494,44.6234
87.3494,44.6234
87.3494,44.6234
91.512,45.2367
91.512,45.2367
91.512,45.2367
86.9238,45.1384
86.9238,45.1384
86.9238,45.1384
88.621,45.2866
88.621,45.2866
88.621,45.2866
79.6973,44.7018
79.6973,44.7018
79.6973,44.7018
91.5504,44.8084
91.5504,44.8084
91.5504,44.8084
97.0561,45.8017
97.0561,45.8017
97.0561,45.8017
99.6809,45.4043
99.6809,45.4043
99.6809,45.4043
89.4288,45.1047
89.4288,45.1047
89.4288,45.1047
108.5082,44.4237
108.5082,44.4237
108.5082,44.4237
97.1635,44.6158
97.1635,44.6158
97.1635,44.6158
90.1317,44.9051
90.1317,44.9051
90.1317,44.9051
84.8163,45.0065
84.8163,45.0065
84.8163,45.0065
96.9628,44.5935
96.9628,44.5935
96.9628,44.5935
89.5645,44.0902
89.5645,44.0902
89.5645,44.0902
82.0099,45.2968
82.0099,45.2968
82.0099,45.2968
99.2134,44.3516
99.2134,44.3516
99.2134,44.3516
101.8994,45.0411
101.8994,45.0411
101.8994,45.0411
103.0798,45.4903
103.0798,45.4903
103.0798,45.4903
94.5409,45.2732
94.5409,45.2732
94.5409,45.2732
88.3314,45.2426
88.3314,45.2426
88.3314,45.2426
84.773,44.923
84.773,44.923
84.773,44.923
94.4073,45.3015
94.4073,45.3015
94.4073,45.3015
86.3319,45.6491
86.3319,45.6491
86.3319,45.6491
85.3522,44.1799
85.3522,44.1799
85.3522,44.1799
90.0072,45.0317
90.0072,45.0317
90.0072,45.0317
87.4118,45.5459
87.4118,45.5459
87.4118,45.5459
90.0185,44.5406
90.0185,44.5406
90.0185,44.5406
88.443,44.5619
88.443,44.5619
88.443,44.5619
101.0703,44.3264
101.0703,44.3264
101.0703,44.3264
90.3199,45.481
90.3199,45.481
90.3199,45.481
85.0356,44.5039
85.0356,44.5039
85.0356,44.5039
94.1275,43.7033
94.1275,43.7033
94.1275,43.7033
84.5664,45.8047
84.5664,45.8047
84.5664,45.8047
97.8856,44.1904
97.8856,44.1904
97.8856,44.1904
86.8482,45.0988
86.8482,45.0988
86.8482,45.0988
91.4458,44.5902
91.4458,44.5902
91.4458,44.5902
81.8027,43.8968
81.8027,43.8968
81.8027,43.8968
90.3809,44.9242
90.3809,44.9242
90.3809,44.9242
95.2223,44.9557
95.2223,44.9557
95.2223,44.9557
86.9594,44.9607
86.9594,44.9607
86.9594,44.9607
87.9482,44.4506
87.9482,44.4506
87.9482,44.4506
90.7219,44.6398
90.7219,44.6398
90.7219,44.6398
93.6897,45.9222
93.6897,45.9222
93.6897,45.9222
87.0015,45.1754
87.0015,45.1754
87.0015,45.1754
93.1491,44.4735
93.1491,44.4735
93.1491,44.4735
86.6042,45.8491
86.6042,45.8491
86.6042,45.8491
94.8112,44.006
94.8112,44.006
94.8112,44.006
98.9536,43.8006
98.9536,43.8006
98.9536,43.8006
102.7357,45.5396
102.7357,45.5396
102.7357,45.5396
97.1203,45.6191
97.1203,45.6191
97.1203,45.6191
92.0268,44.4178
92.0268,44.4178
92.0268,44.4178
84.7554,45.3596
84.7554,45.3596
84.7554,45.3596
86.1429,44.5736
86.1429,44.5736
86.1429,44.5736
95.2203,44.7523
95.2203,44.7523
95.2203,44.7523
92.5876,44.9573
92.5876,44.9573
92.5876,44.9573
95.6286,45.3795
95.6286,45.3795
95.6286,45.3795
92.0008,44.727
92.0008,44.727
92.0008,44.727
86.4885,45.6309
86.4885,45.6309
86.4885,45.6309
91.7357,44.7857
91.7357,44.7857
91.7357,44.7857
93.7674,44.7814
93.7674,44.7814
93.7674,44.7814
93.1083,44.7443
93.1083,44.7443
93.1083,44.7443
103.9898,44.5191
103.9898,44.5191
103.9898,44.5191
92.2309,46.2702
92.2309,46.2702
92.2309,46.2702
93.8959,45.1144
93.8959,45.1144
93.8959,45.1144
92.804,45.757
92.804,45.757
92.804,45.757
92.3571,45.3331
92.3571,45.3331
92.3571,45.3331
90.6514,44.4348
90.6514,44.4348
90.6514,44.4348
81.87,45.0838
81.87,45.0838
81.87,45.0838
99.4172,44.7115
99.4172,44.7115
99.4172,44.7115
95.4603,45.9203
95.4603,45.9203
95.4603,45.9203
95.9721,45.8553
95.9721,45.8553
95.9721,45.8553
88.4952,45.258
88.4952,45.258
88.4952,45.258
88.6869,43.9289
88.6869,43.9289
88.6869,43.9289
96.0945,44.9921
96.0945,44.9921
96.0945,44.9921
91.6383,45.2712
91.6383,45.2712
91.6383,45.2712
97.2105,44.7249
97.2105,44.7249
97.2105,44.7249
85.5653,45.361
85.5653,45.361
85.5653,45.361
91.8727,45.5559
91.8727,45.5559
91.8727,45.5559
87.929,45.0918
87.929,45.0918
87.929,45.0918
96.228,45.2759
96.228,45.2759
96.228,45.2759
92.7414,45.1596
92.7414,45.1596
92.7414,45.1596
92.445,45.5663
92.445,45.5663
92.445,45.5663
90.387,44.1584
90.387,44.1584
90.387,44.1584
90.8457,45.1365
90.8457,45.1365
90.8457,45.1365
88.3211,45.3634
88.3211,45.3634
88.3211,45.3634
96.8733,44.9671
96.8733,44.9671
96.8733,44.9671
92.4343,45.3591
92.4343,45.3591
92.4343,45.3591
92.7109,45.0854
92.7109,45.0854
92.7109,45.0854
89.6778,44.5344
89.6778,44.5344
89.6778,44.5344
91.0436,45.1776
91.0436,45.1776
91.0436,45.1776
92.6809,43.5332
92.6809,43.5332
92.6809,43.5332
92.4698,44.5301
92.4698,44.5301
92.4698,44.5301
90.2875,45.1251
90.2875,45.1251
90.2875,45.1251
96.8342,43.6912
96.8342,43.6912
96.8342,43.6912
87.2001,44.6384
87.2001,44.6384
87.2001,44.6384
93.4324,46.0885
93.4324,46.0885
93.4324,46.0885
87.1199,45.1398
87.1199,45.1398
87.1199,45.1398
102.9071,44.8226
102.9071,44.8226
102.9071,44.8226
89.7317,45.7062
89.7317,45.7062
89.7317,45.7062
82.4273,45.3374
82.4273,45.3374
82.4273,45.3374
91.4115,45.3286
91.4115,45.3286
91.4115,45.3286
96.1775,45.8304
96.1775,45.8304
96.1775,45.8304
94.0908,45.0147
94.0908,45.0147
94.0908,45.0147
100.997,44.5908
100.997,44.5908
100.997,44.5908
97.5819,45.2464
97.5819,45.2464
97.5819,45.2464
80.2873,44.7152
80.2873,44.7152
80.2873,44.7152
87.3628,44.3559
87.3628,44.3559
87.3628,44.3559
95.0982,45.0867
95.0982,45.0867
95.0982,45.0867
91.1137,44.8215
91.1137,44.8215
91.1137,44.8215
98.1301,45.0549
98.1301,45.0549
98.1301,45.0549
87.2955,44.8545
87.2955,44.8545
87.2955,44.8545
99.8364,44.5516
99.8364,44.5516
99.8364,44.5516
92.7013,45.6912
92.7013,45.6912
92.7013,45.6912
84.7488,44.8798
84.7488,44.8798
84.7488,44.8798
92.1011,45.6727
92.1011,45.6727
92.1011,45.6727
93.8241,44.5749
93.8241,44.5749
93.8241,44.5749
84.7853,45.9955
84.7853,45.9955
84.7853,45.9955
79.9854,44.6406
79.9854,44.6406
79.9854,44.6406
86.6714,46.1763
86.6714,46.1763
86.6714,46.1763
90.5433,44.9385
90.5433,44.9385
90.5433,44.9385
94.2143,45.4387
94.2143,45.4387
94.2143,45.4387
101.5998,44.5705
101.5998,44.5705
101.5998,44.5705
91.9046,44.3635
91.9046,44.3635
91.9046,44.3635
91.9267,45.1395
91.9267,45.1395
91.9267,45.1395
95.8748,45.0974
95.8748,45.0974
95.8748,45.0974
86.4973,45.1364
86.4973,45.1364
86.4973,45.1364
89.9304,43.9154
89.9304,43.9154
89.9304,43.9154
82.0554,44.5876
82.0554,44.5876
82.0554,44.5876
102.7982,45.4446
102.7982,45.4446
102.7982,45.4446
94.1924,45.8076
94.1924,45.8076
94.1924,45.8076
89.2094,45.1006
89.2094,45.1006
89.2094,45.1006
89.9154,46.0405
89.9154,46.0405
89.9154,46.0405
95.0053,45.2429
95.0053,45.2429
95.0053,45.2429
95.1876,44.6239
95.1876,44.6239
95.1876,44.6239
99.0362,44.684
99.0362,44.684
99.0362,44.684
88.5998,44.1171
88.5998,44.1171
88.5998,44.1171
90.3551,44.9805
90.3551,44.9805
90.3551,44.9805
97.5689,45.8158
97.5689,45.8158
97.5689,45.8158
97.472,45.2436
97.472,45.2436
97.472,45.2436
97.8431,44.8115
97.8431,44.8115
97.8431,44.8115
87.5349,44.374
87.5349,44.374
87.5349,44.374
100.4278,44.579
100.4278,44.579
100.4278,44.579
88.0386,45.3092
88.0386,45.3092
88.0386,45.3092
91.0193,44.9081
91.0193,44.9081
91.0193,44.9081
91.6946,45.915
91.6946,45.915
91.6946,45.915
88.4244,44.9879
88.4244,44.9879
88.4244,44.9879
102.4069,46.1785
102.4069,46.1785
102.4069,46.1785
96.3067,44.8088
96.3067,44.8088
96.3067,44.8088
88.5766,43.4189
88.5766,43.4189
88.5766,43.4189
100.4555,44.9774
100.4555,44.9774
100.4555,44.9774
90.1017,45.7303
90.1017,45.7303
90.1017,45.7303
93.5299,46.8267
93.5299,46.8267
93.5299,46.8267
78.2145,44.1432
78.2145,44.1432
78.2145,44.1432
88.2068,44.1842
88.2068,44.1842
88.2068,44.1842
96.9048,45.2237
96.9048,45.2237
96.9048,45.2237
90.7995,44.6036
90.7995,44.6036
90.7995,44.6036
91.9427,45.7055
91.9427,45.7055
91.9427,45.7055
94.3966,45.1629
94.3966,45.1629
94.3966,45.1629
89.5232,43.7279
89.5232,43.7279
89.5232,43.7279
91.8448,45.5357
91.8448,45.5357
91.8448,45.5357
90.6912,45.3238
90.6912,45.3238
90.6912,45.3238
93.2368,44.5146
93.2368,44.5146
93.2368,44.5146
81.6473,45.425
81.6473,45.425
81.6473,45.425
97.6541,43.7367
97.6541,43.7367
97.6541,43.7367
91.7354,44.4142
91.7354,44.4142
91.7354,44.4142
94.2573,45.8484
94.2573,45.8484
94.2573,45.8484
82.4603,44.4493
82.4603,44.4493
82.4603,44.4493
90.7411,44.1392
90.7411,44.1392
90.7411,44.1392
87.3603,44.9093
87.3603,44.9093
87.3603,44.9093
86.4331,45.4805
86.4331,45.4805
86.4331,45.4805
91.5157,45.176
91.5157,45.176
91.5157,45.176
91.8369,44.8586
91.8369,44.8586
91.8369,44.8586
89.8729,44.9242
89.8729,44.9242
89.8729,44.9242
88.729,44.1337
88.729,44.1337
88.729,44.1337
100.1531,45.0601
100.1531,45.0601
100.1531,45.0601
93.1912,44.4528
93.1912,44.4528
93.1912,44.4528
99.2366,43.7628
99.2366,43.7628
99.2366,43.7628
82.567,45.8992
82.567,45.8992
82.567,45.8992
79.004,44.9011
79.004,44.9011
79.004,44.9011
83.0062,44.728
83.0062,44.728
83.0062,44.728
103.2145,45.103
103.2145,45.103
103.2145,45.103
85.4706,45.3139
85.4706,45.3139
85.4706,45.3139
88.2668,44.9533
88.2668,44.9533
88.2668,44.9533
88.557,45.6545
88.557,45.6545
88.557,45.6545
97.5597,45.6152
97.5597,45.6152
97.5597,45.6152
89.1864,44.3267
89.1864,44.3267
89.1864,44.3267
90.3024,43.5762
90.3024,43.5762
90.3024,43.5762
101.4458,44.7733
101.4458,44.7733
101.4458,44.7733
85.4475,45.1026
85.4475,45.1026
85.4475,45.1026
91.7872,45.7829
91.7872,45.7829
91.7872,45.7829
89.706,44.3813
89.706,44.3813
89.706,44.3813
93.0441,44.5055
93.0441,44.5055
93.0441,44.5055
103.2155,44.9813
103.2155,44.9813
103.2155,44.9813
94.4022,43.9061
94.4022,43.9061
94.4022,43.9061
98.2436,44.9715
98.2436,44.9715
98.2436,44.9715
93.9378,45.8339
93.9378,45.8339
93.9378,45.8339
89.5752,44.0445
89.5752,44.0445
89.5752,44.0445
96.6217,44.7335
96.6217,44.7335
96.6217,44.7335
99.1742,44.6301
99.1742,44.6301
99.1742,44.6301
92.7826,44.4072
92.7826,44.4072
92.7826,44.4072
91.4575,45.3188
91.4575,45.3188
91.4575,45.3188
84.9381,43.9521
84.9381,43.9521
84.9381,43.9521
88.317,44.7148
88.317,44.7148
88.317,44.7148
89.4717,45.5157
89.4717,45.5157
89.4717,45.5157
91.7835,45.3304
91.7835,45.3304
91.7835,45.3304
93.4592,45.1403
93.4592,45.1403
93.4592,45.1403
84.7401,45.2336
84.7401,45.2336
84.7401,45.2336
93.1974,45.6779
93.1974,45.6779
93.1974,45.6779
94.4672,45.5571
94.4672,45.5571
94.4672,45.5571
96.6919,45.1494
96.6919,45.1494
96.6919,45.1494
84.1558,45.7563
84.1558,45.7563
84.1558,45.7563
87.7766,45.1268
87.7766,45.1268
87.7766,45.1268
91.678,43.4182
91.678,43.4182
91.678,43.4182
93.7888,45.5631
93.7888,45.5631
93.7888,45.5631
85.8287,45.0126
85.8287,45.0126
85.8287,45.0126
94.0038,45.0079
94.0038,45.0079
94.0038,45.0079
90.1039,45.7125
90.1039,45.7125
90.1039,45.7125
90.8203,46.1473
90.8203,46.1473
90.8203,46.1473
107.7063,43.723
107.7063,43.723
107.7063,43.723
96.0579,44.9002
96.0579,44.9002
96.0579,44.9002
89.2346,44.3713
89.2346,44.3713
89.2346,44.3713
96.2096,45.0572
96.2096,45.0572
96.2096,45.0572
92.2779,44.9726
92.2779,44.9726
92.2779,44.9726
96.8957,45.018
96.8957,45.018
96.8957,45.018
88.8139,45.5412
88.8139,45.5412
88.8139,45.5412
87.239,45.5577
87.239,45.5577
87.239,45.5577
90.8656,44.3573
90.8656,44.3573
90.8656,44.3573
88.7308,45.4198
88.7308,45.4198
88.7308,45.4198
94.2548,44.8706
94.2548,44.8706
94.2548,44.8706
94.6785,45.6398
94.6785,45.6398
94.6785,45.6398
91.5995,44.5737
91.5995,44.5737
91.5995,44.5737
91.962,45.8361
91.962,45.8361
91.962,45.8361
92.1036,45.5237
92.1036,45.5237
92.1036,45.5237
89.9595,45.3408
89.9595,45.3408
89.9595,45.3408
93.4438,44.7108
93.4438,44.7108
93.4438,44.7108
95.5824,44.1384
95.5824,44.1384
95.5824,44.1384
89.2892,45.8603
89.2892,45.8603
89.2892,45.8603
97.7012,45.308
97.7012,45.308
97.7012,45.308
97.0632,45.2021
97.0632,45.2021
97.0632,45.2021
92.187,46.4867
92.187,46.4867
92.187,46.4867
105.9662,45.8284
105.9662,45.8284
105.9662,45.8284
94.1334,44.7504
94.1334,44.7504
94.1334,44.7504
82.5475,45.313
82.5475,45.313
82.5475,45.313
94.3204,45.0978
94.3204,45.0978
94.3204,45.0978
85.0718,46.0279
85.0718,46.0279
85.0718,46.0279
98.3587,44.0239
98.3587,44.0239
98.3587,44.0239
90.5456,45.5655
90.5456,45.5655
90.5456,45.5655
98.6295,44.388
98.6295,44.388
98.6295,44.388
89.6641,44.3967
89.6641,44.3967
89.6641,44.3967
95.9918,44.7597
95.9918,44.7597
95.9918,44.7597
91.4151,45.3025
91.4151,45.3025
91.4151,45.3025
92.5284,45.0822
92.5284,45.0822
92.5284,45.0822
89.3893,45.0326
89.3893,45.0326
89.3893,45.0326
97.8372,43.9076
97.8372,43.9076
97.8372,43.9076
99.3406,45.3213
99.3406,45.3213
99.3406,45.3213
91.0014,43.7264
91.0014,43.7264
91.0014,43.7264
89.1289,44.6719
89.1289,44.6719
89.1289,44.6719
98.6235,45.1256
98.6235,45.1256
98.6235,45.1256
92.1489,45.4727
92.1489,45.4727
92.1489,45.4727
83.8569,43.8116
83.8569,43.8116
83.8569,43.8116
94.527,44.5841
94.527,44.5841
94.527,44.5841
89.2599,44.4067
89.2599,44.4067
89.2599,44.4067
89.1624,44.2338
89.1624,44.2338
89.1624,44.2338
87.5525,45.1529
87.5525,45.1529
87.5525,45.1529
101.0042,44.4911
101.0042,44.4911
101.0042,44.4911
100.381,45.3506
100.381,45.3506
100.381,45.3506
97.8548,46.153
97.8548,46.153
97.8548,46.153
85.4202,44.7658
85.4202,44.7658
85.4202,44.7658
81.6028,45.1791
81.6028,45.1791
81.6028,45.1791
86.1553,44.1407
86.1553,44.1407
86.1553,44.1407
93.9966,45.5691
93.9966,45.5691
93.9966,45.5691
93.4355,45.7727
93.4355,45.7727
93.4355,45.7727
98.0955,44.7668
98.0955,44.7668
98.0955,44.7668
88.7739,43.3305
88.7739,43.3305
88.7739,43.3305
94.482,45.0342
94.482,45.0342
94.482,45.0342
92.9908,45.0434
92.9908,45.0434
92.9908,45.0434
97.1266,43.868
97.1266,43.868
97.1266,43.868
95.6519,45.546
95.6519,45.546
95.6519,45.546
78.7331,43.9559
78.7331,43.9559
78.7331,43.9559
95.1541,45.7657
95.1541,45.7657
95.1541,45.7657
93.8507,45.4737
93.8507,45.4737
93.8507,45.4737
92.4422,45.0143
92.4422,45.0143
92.4422,45.0143
86.3637,45.6067
86.3637,45.6067
86.3637,45.6067
98.6773,45.8398
98.6773,45.8398
98.6773,45.8398
97.0162,43.3988
97.0162,43.3988
97.0162,43.3988
89.6791,44.9774
89.6791,44.9774
89.6791,44.9774
98.9129,43.7743
98.9129,43.7743
98.9129,43.7743
90.4805,45.1763
90.4805,45.1763
90.4805,45.1763
89.8008,44.6142
89.8008,44.6142
89.8008,44.6142
90.616,45.7138
90.616,45.7138
90.616,45.7138
85.0174,45.1272
85.0174,45.1272
85.0174,45.1272
98.9945,45.4436
98.9945,45.4436
98.9945,45.4436
79.7274,45.5522
79.7274,45.5522
79.7274,45.5522
82.6877,45.4811
82.6877,45.4811
82.6877,45.4811
95.9309,44.4911
95.9309,44.4911
95.9309,44.4911
94.6857,46.4171
94.6857,46.4171
94.6857,46.4171
89.609,46.0615
89.609,46.0615
89.609,46.0615
92.1748,44.8773
92.1748,44.8773
92.1748,44.8773
89.1332,46.3968
89.1332,46.3968
89.1332,46.3968
93.0748,44.2433
93.0748,44.2433
93.0748,44.2433
92.2874,44.601
92.2874,44.601
92.2874,44.601
100.0333,43.9995
100.0333,43.9995
100.0333,43.9995
92.2572,44.5845
92.2572,44.5845
92.2572,44.5845
87.1792,43.9748
87.1792,43.9748
87.1792,43.9748
96.6671,45.3046
96.6671,45.3046
96.6671,45.3046
87.5901,44.4629
87.5901,44.4629
87.5901,44.4629
88.6302,45.3873
88.6302,45.3873
88.6302,45.3873
78.0877,45.2725
78.0877,45.2725
78.0877,45.2725
98.0458,44.1097
98.0458,44.1097
98.0458,44.1097
87.5765,44.6631
87.5765,44.6631
87.5765,44.6631
92.0217,45.2247
92.0217,45.2247
92.0217,45.2247
87.4151,46.05
87.4151,46.05
87.4151,46.05
100.5756,44.0782
100.5756,44.0782
100.5756,44.0782
90.357,45.0868
90.357,45.0868
90.357,45.0868
97.2063,44.7768
97.2063,44.7768
97.2063,44.7768
98.4025,44.9495
98.4025,44.9495
98.4025,44.9495
99.7045,45.9354
99.7045,45.9354
99.7045,45.9354
83.584,44.7704
83.584,44.7704
83.584,44.7704
99.5458,45.7852
99.5458,45.7852
99.5458,45.7852
93.6547,45.2276
93.6547,45.2276
93.6547,45.2276
83.3695,45.1097
83.3695,45.1097
83.3695,45.1097
84.5275,45.2985
84.5275,45.2985
84.5275,45.2985
88.4533,45.009
88.4533,45.009
88.4533,45.009
87.5254,45.6226
87.5254,45.6226
87.5254,45.6226
88.8752,44.9852
88.8752,44.9852
88.8752,44.9852
91.9455,45.6813
91.9455,45.6813
91.9455,45.6813
87.3098,44.5277
87.3098,44.5277
87.3098,44.5277
101.1458,42.9324
101.1458,42.9324
101.1458,42.9324
80.7933,45.6962
80.7933,45.6962
80.7933,45.6962
85.1313,47.0302
85.1313,47.0302
85.1313,47.0302
88.6961,45.5654
88.6961,45.5654
88.6961,45.5654
84.1711,45.1294
84.1711,45.1294
84.1711,45.1294
99.7248,46.5567
99.7248,46.5567
99.7248,46.5567
84.3505,44.0501
84.3505,44.0501
84.3505,44.0501
94.1185,44.543
94.1185,44.543
94.1185,44.543
97.0504,44.3757
97.0504,44.3757
97.0504,44.3757
86.9425,44.9
86.9425,44.9
86.9425,44.9
100.3811,44.131
100.3811,44.131
100.3811,44.131
95.7588,45.1667
95.7588,45.1667
95.7588,45.1667
84.223,45.0759
84.223,45.0759
84.223,45.0759
94.6196,44.3674
94.6196,44.3674
94.6196,44.3674
89.9624,46.5031
89.9624,46.5031
89.9624,46.5031
84.3895,45.0629
84.3895,45.0629
84.3895,45.0629
90.1397,45.7745
90.1397,45.7745
90.1397,45.7745
90.2832,45.6991
90.2832,45.6991
90.2832,45.6991
81.6065,45.2901
81.6065,45.2901
81.6065,45.2901
95.9394,45.4183
95.9394,45.4183
95.9394,45.4183
95.509,44.5635
95.509,44.5635
95.509,44.5635
96.134,43.6597
96.134,43.6597
96.134,43.6597
91.8327,44.6854
91.8327,44.6854
91.8327,44.6854
90.2989,44.4075
90.2989,44.4075
90.2989,44.4075
95.4169,46.2968
95.4169,46.2968
95.4169,46.2968
100.8023,44.6526
100.8023,44.6526
100.8023,44.6526
93.758,44.658
93.758,44.658
93.758,44.658
96.8657,44.6227
96.8657,44.6227
96.8657,44.6227
95.0746,44.7076
95.0746,44.7076
95.0746,44.7076
96.2592,45.461
96.2592,45.461
96.2592,45.461
85.6301,45.1514
85.6301,45.1514
85.6301,45.1514
93.1016,44.2706
93.1016,44.2706
93.1016,44.2706
93.3123,45.4671
93.3123,45.4671
93.3123,45.4671
86.3859,44.7247
86.3859,44.7247
86.3859,44.7247
90.0139,45.13
90.0139,45.13
90.0139,45.13
92.5748,44.9833
92.5748,44.9833
92.5748,44.9833
89.4313,44.464
89.4313,44.464
89.4313,44.464
88.7335,44.4207
88.7335,44.4207
88.7335,44.4207
92.7789,46.1665
92.7789,46.1665
92.7789,46.1665
82.4309,44.8555
82.4309,44.8555
82.4309,44.8555
94.2861,44.6978
94.2861,44.6978
94.2861,44.6978
98.4166,44.5252
98.4166,44.5252
98.4166,44.5252
84.4193,44.7705
84.4193,44.7705
84.4193,44.7705
97.155,43.9422
97.155,43.9422
97.155,43.9422
86.3488,44.1614
86.3488,44.1614
86.3488,44.1614
82.3717,44.08
82.3717,44.08
82.3717,44.08
90.553,45.13
90.553,45.13
90.553,45.13
93.1383,44.4671
93.1383,44.4671
93.1383,44.4671
87.1293,44.8732
87.1293,44.8732
87.1293,44.8732
97.5719,45.9592
97.5719,45.9592
97.5719,45.9592
91.8253,44.7398
91.8253,44.7398
91.8253,44.7398
89.6647,45.2562
89.6647,45.2562
89.6647,45.2562
103.8696,44.3903
103.8696,44.3903
103.8696,44.3903
94.3712,44.5105
94.3712,44.5105
94.3712,44.5105
89.5157,43.6421
89.5157,43.6421
89.5157,43.6421
88.7209,44.726
88.7209,44.726
88.7209,44.726
83.1445,45.8311
83.1445,45.8311
83.1445,45.8311
89.7558,44.4202
89.7558,44.4202
89.7558,44.4202
105.5239,45.5702
105.5239,45.5702
105.5239,45.5702
84.947,44.5077
84.947,44.5077
84.947,44.5077
95.2291,44.9269
95.2291,44.9269
95.2291,44.9269
91.1779,44.2743
91.1779,44.2743
91.1779,44.2743
85.2872,44.1983
85.2872,44.1983
85.2872,44.1983
83.687,45.2996
83.687,45.2996
83.687,45.2996
91.9152,44.3429
91.9152,44.3429
91.9152,44.3429
89.947,45.2421
89.947,45.2421
89.947,45.2421
100.2495,45.5715
100.2495,45.5715
100.2495,45.5715
96.823,45.5913
96.823,45.5913
96.823,45.5913
97.268,45.5614
97.268,45.5614
97.268,45.5614
84.6536,44.6922
84.6536,44.6922
84.6536,44.6922
104.6564,45.1357
104.6564,45.1357
104.6564,45.1357
94.2502,44.9403
94.2502,44.9403
94.2502,44.9403
91.4309,45.3497
91.4309,45.3497
91.4309,45.3497
96.005,45.5653
96.005,45.5653
96.005,45.5653
92.9764,44.6925
92.9764,44.6925
92.9764,44.6925
89.6807,44.3878
89.6807,44.3878
89.6807,44.3878
94.99,45.7693
94.99,45.7693
94.99,45.7693
85.6836,45.3575
85.6836,45.3575
85.6836,45.3575
99.3549,45.643
99.3549,45.643
99.3549,45.643
94.0235,44.5603
94.0235,44.5603
94.0235,44.5603
91.8575,44.5298
91.8575,44.5298
91.8575,44.5298
97.5827,45.8875
97.5827,45.8875
97.5827,45.8875
99.1562,44.7584
99.1562,44.7584
99.1562,44.7584
90.3048,44.1883
90.3048,44.1883
90.3048,44.1883
98.8222,46.364
98.8222,46.364
98.8222,46.364
92.7252,43.9952
92.7252,43.9952
92.7252,43.9952
94.2879,44.9247
94.2879,44.9247
94.2879,44.9247
93.7717,45.8395
93.7717,45.8395
93.7717,45.8395
87.787,44.8357
87.787,44.8357
87.787,44.8357
94.3584,45.6431
94.3584,45.6431
94.3584,45.6431
92.0191,45.3714
92.0191,45.3714
92.0191,45.3714
92.3604,45.292
92.3604,45.292
92.3604,45.292
84.3293,44.3151
84.3293,44.3151
84.3293,44.3151
92.1683,43.2037
92.1683,43.2037
92.1683,43.2037
81.7091,44.4924
81.7091,44.4924
81.7091,44.4924
101.5717,45.33
101.5717,45.33
101.5717,45.33
88.2525,45.5857
88.2525,45.5857
88.2525,45.5857
99.5333,44.7705
99.5333,44.7705
99.5333,44.7705
93.8303,44.015
93.8303,44.015
93.8303,44.015
92.2097,45.1083
92.2097,45.1083
92.2097,45.1083
99.1234,43.5913
99.1234,43.5913
99.1234,43.5913
92.0888,47.2427
92.0888,47.2427
92.0888,47.2427
96.0229,45.2614
96.0229,45.2614
96.0229,45.2614
90.5881,44.8515
90.5881,44.8515
90.5881,44.8515
91.3347,43.4735
91.3347,43.4735
91.3347,43.4735
97.7214,45.8172
97.7214,45.8172
97.7214,45.8172
91.4314,44.9126
91.4314,44.9126
91.4314,44.9126
98.8185,44.1694
98.8185,44.1694
98.8185,44.1694
91.7768,44.3086
91.7768,44.3086
91.7768,44.3086
95.9235,44.6914
95.9235,44.6914
95.9235,44.6914
91.6484,44.7441
91.6484,44.7441
91.6484,44.7441
89.2243,44.9644
89.2243,44.9644
89.2243,44.9644
85.8668,44.436
85.8668,44.436
85.8668,44.436
89.4139,43.0499
89.4139,43.0499
89.4139,43.0499
95.8923,44.1829
95.8923,44.1829
95.8923,44.1829
83.2619,43.9877
83.2619,43.9877
83.2619,43.9877
84.8259,45.42
84.8259,45.42
84.8259,45.42
94.726,44.2953
94.726,44.2953
94.726,44.2953
93.1957,43.1638
93.1957,43.1638
93.1957,43.1638
94.1936,46.1875
94.1936,46.1875
94.1936,46.1875
103.8668,45.1132
103.8668,45.1132
103.8668,45.1132
100.2054,45.8003
100.2054,45.8003
100.2054,45.8003
89.3044,44.7522
89.3044,44.7522
89.3044,44.7522
95.2339,44.8533
95.2339,44.8533
95.2339,44.8533
92.8563,45.7043
92.8563,45.7043
92.8563,45.7043
94.3412,45.0096
94.3412,45.0096
94.3412,45.0096
97.5499,45.086
97.5499,45.086
97.5499,45.086
88.5231,44.8118
88.5231,44.8118
88.5231,44.8118
81.0955,45.7066
81.0955,45.7066
81.0955,45.7066
88.6048,44.931
88.6048,44.931
88.6048,44.931
94.1543,43.5071
94.1543,43.5071
94.1543,43.5071
87.79,44.0307
87.79,44.0307
87.79,44.0307
87.4496,44.45
87.4496,44.45
87.4496,44.45
91.6531,43.9743
91.6531,43.9743
91.6531,43.9743
88.3037,45.8542
88.3037,45.8542
88.3037,45.8542
97.1021,44.3053
97.1021,44.3053
97.1021,44.3053
81.4846,43.6136
81.4846,43.6136
81.4846,43.6136
89.1819,44.0859
89.1819,44.0859
89.1819,44.0859
90.1821,45.0972
90.1821,45.0972
90.1821,45.0972
84.7867,44.2369
84.7867,44.2369
84.7867,44.2369
93.153,45.3186
93.153,45.3186
93.153,45.3186
98.0543,46.2685
98.0543,46.2685
98.0543,46.2685
84.3669,45.6309
84.3669,45.6309
84.3669,45.6309
97.9362,44.0278
97.9362,44.0278
97.9362,44.0278
87.6279,45.208
87.6279,45.208
87.6279,45.208
89.5573,45.3751
89.5573,45.3751
89.5573,45.3751
92.4149,44.1977
92.4149,44.1977
92.4149,44.1977
88.2385,45.2692
88.2385,45.2692
88.2385,45.2692
87.4939,45.1134
87.4939,45.1134
87.4939,45.1134
91.1824,44.891
91.1824,44.891
91.1824,44.891
100.2015,44.7127
100.2015,44.7127
100.2015,44.7127
84.7192,44.8732
84.7192,44.8732
84.7192,44.8732
83.3091,43.9263
83.3091,43.9263
83.3091,43.9263
94.3854,45.693
94.3854,45.693
94.3854,45.693
84.9514,45.3734
84.9514,45.3734
84.9514,45.3734
91.8011,45.0476
91.8011,45.0476
91.8011,45.0476
93.608,45.3327
93.608,45.3327
93.608,45.3327
88.4629,44.9895
88.4629,44.9895
88.4629,44.9895
86.435,44.8712
86.435,44.8712
86.435,44.8712
96.0268,45.1966
96.0268,45.1966
96.0268,45.1966
86.7121,44.6467
86.7121,44.6467
86.7121,44.6467
93.6624,45.0103
93.6624,45.0103
93.6624,45.0103
86.0137,44.4492
86.0137,44.4492
86.0137,44.4492
94.6332,45.2251
94.6332,45.2251
94.6332,45.2251
88.5691,44.3453
88.5691,44.3453
88.5691,44.3453
94.0212,45.2924
94.0212,45.2924
94.0212,45.2924
94.4808,45.3595
94.4808,45.3595
94.4808,45.3595
93.1824,44.3635
93.1824,44.3635
93.1824,44.3635
79.7919,44.5829
79.7919,44.5829
79.7919,44.5829
91.0173,44.4331
91.0173,44.4331
91.0173,44.4331
89.4878,44.5691
89.4878,44.5691
89.4878,44.5691
90.081,45.9898
90.081,45.9898
90.081,45.9898
90.9734,44.7146
90.9734,44.7146
90.9734,44.7146
85.8561,45.0959
85.8561,45.0959
85.8561,45.0959
91.2254,45.6995
91.2254,45.6995
91.2254,45.6995
89.6566,44.8213
89.6566,44.8213
89.6566,44.8213
87.0655,44.1006
87.0655,44.1006
87.0655,44.1006
86.0247,45.2035
86.0247,45.2035
86.0247,45.2035
98.7422,45.3507
98.7422,45.3507
98.7422,45.3507
96.1474,44.6902
96.1474,44.6902
96.1474,44.6902
99.3486,44.802
99.3486,44.802
99.3486,44.802
83.3277,44.7366
83.3277,44.7366
83.3277,44.7366
87.2575,44.6114
87.2575,44.6114
87.2575,44.6114
89.9777,44.727
89.9777,44.727
89.9777,44.727
90.3522,44.172
90.3522,44.172
90.3522,44.172
80.6015,45.1197
80.6015,45.1197
80.6015,45.1197
86.1399,44.7664
86.1399,44.7664
86.1399,44.7664
95.6553,43.8967
95.6553,43.8967
95.6553,43.8967
87.1138,44.4219
87.1138,44.4219
87.1138,44.4219
93.073,44.4114
93.073,44.4114
93.073,44.4114
81.1926,44.7334
81.1926,44.7334
81.1926,44.7334
100.052,44.2757
100.052,44.2757
100.052,44.2757
89.4544,44.9353
89.4544,44.9353
89.4544,44.9353
93.9382,45.1215
93.9382,45.1215
93.9382,45.1215
89.3167,44.9394
89.3167,44.9394
89.3167,44.9394
97.0496,45.6844
97.0496,45.6844
97.0496,45.6844
100.4261,45.8566
100.4261,45.8566
100.4261,45.8566
92.0413,45.0556
92.0413,45.0556
92.0413,45.0556
83.5264,45.1408
83.5264,45.1408
83.5264,45.1408
94.6108,44.0536
94.6108,44.0536
94.6108,44.0536
84.8711,45.2779
84.8711,45.2779
84.8711,45.2779
91.2451,44.1342
91.2451,44.1342
91.2451,44.1342
98.6716,45.1927
98.6716,45.1927
98.6716,45.1927
88.1117,45.4809
88.1117,45.4809
88.1117,45.4809
86.9297,44.3837
86.9297,44.3837
86.9297,44.3837
105.1793,45.4838
105.1793,45.4838
105.1793,45.4838
91.403,45.0346
91.403,45.0346
91.403,45.0346
84.8842,43.9461
84.8842,43.9461
84.8842,43.9461
97.9803,44.9599
97.9803,44.9599
97.9803,44.9599
88.5427,45.4614
88.5427,45.4614
88.5427,45.4614
86.9991,44.3696
86.9991,44.3696
86.9991,44.3696
87.8551,45.0413
87.8551,45.0413
87.8551,45.0413
91.3062,44.5244
91.3062,44.5244
91.3062,44.5244
93.0759,45.3664
93.0759,45.3664
93.0759,45.3664
83.2143,45.264
83.2143,45.264
83.2143,45.264
81.2521,45.5654
81.2521,45.5654
81.2521,45.5654
99.1268,44.1151
99.1268,44.1151
99.1268,44.1151
93.8211,44.9611
93.8211,44.9611
93.8211,44.9611
100.7635,45.1355
100.7635,45.1355
100.7635,45.1355
91.6215,46.3006
91.6215,46.3006
91.6215,46.3006
88.363,45.2273
88.363,45.2273
88.363,45.2273
93.9159,44.2193
93.9159,44.2193
93.9159,44.2193
92.4379,45.084
92.4379,45.084
92.4379,45.084
92.4601,45.9213
92.4601,45.9213
92.4601,45.9213
83.1485,45.3631
83.1485,45.3631
83.1485,45.3631
91.2095,45.2334
91.2095,45.2334
91.2095,45.2334
86.7698,43.9398
86.7698,43.9398
86.7698,43.9398
96.2394,44.6036
96.2394,44.6036
96.2394,44.6036
84.7696,44.1415
84.7696,44.1415
84.7696,44.1415
88.9026,43.7533
88.9026,43.7533
88.9026,43.7533
79.4331,45.8885
79.4331,45.8885
79.4331,45.8885
87.5443,45.2405
87.5443,45.2405
87.5443,45.2405
96.8266,44.449
96.8266,44.449
96.8266,44.449
97.2268,45.1072
97.2268,45.1072
97.2268,45.1072
95.4112,43.8618
95.4112,43.8618
95.4112,43.8618
91.8365,45.1624
91.8365,45.1624
91.8365,45.1624
89.0449,44.7807
89.0449,44.7807
89.0449,44.7807
81.1512,45.0968
81.1512,45.0968
81.1512,45.0968
82.7816,45.2349
82.7816,45.2349
82.7816,45.2349
98.9658,43.7212
98.9658,43.7212
98.9658,43.7212
87.277,44.4301
87.277,44.4301
87.277,44.4301
89.0204,45.9783
89.0204,45.9783
89.0204,45.9783
89.0706,45.4001
89.0706,45.4001
89.0706,45.4001
100.2987,44.8023
100.2987,44.8023
100.2987,44.8023
86.1513,44.7971
86.1513,44.7971
86.1513,44.7971
94.5141,44.6443
94.5141,44.6443
94.5141,44.6443
84.6452,46.1689
84.6452,46.1689
84.6452,46.1689
89.1487,45.3776
89.1487,45.3776
89.1487,45.3776
95.5927,44.9721
95.5927,44.9721
95.5927,44.9721
95.6717,45.0137
95.6717,45.0137
95.6717,45.0137
97.4338,44.6645
97.4338,44.6645
97.4338,44.6645
86.9025,44.6773
86.9025,44.6773
86.9025,44.6773
94.8269,45.0746
94.8269,45.0746
94.8269,45.0746
90.5078,44.1511
90.5078,44.1511
90.5078,44.1511
92.3419,45.2825
92.3419,45.2825
92.3419,45.2825
93.0469,45.0809
93.0469,45.0809
93.0469,45.0809
88.3013,44.6325
88.3013,44.6325
88.3013,44.6325
85.915,44.2718
85.915,44.2718
85.915,44.2718
80.3606,45.3387
80.3606,45.3387
80.3606,45.3387
93.1799,44.5172
93.1799,44.5172
93.1799,44.5172
97.8335,44.7215
97.8335,44.7215
97.8335,44.7215
90.4953,43.4761
90.4953,43.4761
90.4953,43.4761
95.9327,45.107
95.9327,45.107
95.9327,45.107
92.0946,44.6885
92.0946,44.6885
92.0946,44.6885
90.8887,44.6036
90.8887,44.6036
90.8887,44.6036
93.8387,45.33
93.8387,45.33
93.8387,45.33
95.003,44.3701
95.003,44.3701
95.003,44.3701
96.9817,46.9374
96.9817,46.9374
96.9817,46.9374
91.2289,44.3684
91.2289,44.3684
91.2289,44.3684
84.39,45.0702
84.39,45.0702
84.39,45.0702
90.4473,44.5661
90.4473,44.5661
90.4473,44.5661
95.9016,44.786
95.9016,44.786
95.9016,44.786
92.8311,44.9663
92.8311,44.9663
92.8311,44.9663
90.9756,43.4373
90.9756,43.4373
90.9756,43.4373
90.5224,44.4973
90.5224,44.4973
90.5224,44.4973
94.6651,45.0722
94.6651,45.0722
94.6651,45.0722
91.0172,44.3344
91.0172,44.3344
91.0172,44.3344
86.6693,44.5299
86.6693,44.5299
86.6693,44.5299
97.8665,45.1797
97.8665,45.1797
97.8665,45.1797
78.5529,45.2023
78.5529,45.2023
78.5529,45.2023
96.0142,44.8698
96.0142,44.8698
96.0142,44.8698
82.9301,45.3251
82.9301,45.3251
82.9301,45.3251
95.3541,43.9229
95.3541,43.9229
95.3541,43.9229
88.168,44.8585
88.168,44.8585
88.168,44.8585
98.5824,46.0306
98.5824,46.0306
98.5824,46.0306
84.7019,45.5742
84.7019,45.5742
84.7019,45.5742
94.0764,44.5341
94.0764,44.5341
94.0764,44.5341
93.2214,45.0713
93.2214,45.0713
93.2214,45.0713
86.7498,43.7276
86.7498,43.7276
86.7498,43.7276
92.1209,45.5581
92.1209,45.5581
92.1209,45.5581
85.5253,44.2535
85.5253,44.2535
85.5253,44.2535
89.4875,45.2961
89.4875,45.2961
89.4875,45.2961
87.5906,46.2655
87.5906,46.2655
87.5906,46.2655
87.1396,45.4492
87.1396,45.4492
87.1396,45.4492
90.4923,44.3143
90.4923,44.3143
90.4923,44.3143
84.7176,45.6323
84.7176,45.6323
84.7176,45.6323
96.3629,45.8959
96.3629,45.8959
96.3629,45.8959
95.7644,44.6091
95.7644,44.6091
95.7644,44.6091
92.3815,44.3267
92.3815,44.3267
92.3815,44.3267
97.7015,44.6134
97.7015,44.6134
97.7015,44.6134
93.0861,45.519
93.0861,45.519
93.0861,45.519
93.1745,45.4367
93.1745,45.4367
93.1745,45.4367
92.6058,44.983
92.6058,44.983
92.6058,44.983
90.7285,43.9588
90.7285,43.9588
90.7285,43.9588
84.8022,45.2937
84.8022,45.2937
84.8022,45.2937
87.1449,44.9329
87.1449,44.9329
87.1449,44.9329
87.7315,45.7239
87.7315,45.7239
87.7315,45.7239
89.3048,45.6997
89.3048,45.6997
89.3048,45.6997
92.9792,44.7412
92.9792,44.7412
92.9792,44.7412
87.8766,44.2414
87.8766,44.2414
87.8766,44.2414
100.0239,44.065
100.0239,44.065
100.0239,44.065
99.0369,45.7373
99.0369,45.7373
99.0369,45.7373
97.5643,45.6647
97.5643,45.6647
97.5643,45.6647
85.4554,44.1953
85.4554,44.1953
85.4554,44.1953
84.892,44.6536
84.892,44.6536
84.892,44.6536
89.1224,45.5073
89.1224,45.5073
89.1224,45.5073
87.3915,44.4828
87.3915,44.4828
87.3915,44.4828
88.1203,45.2701
88.1203,45.2701
88.1203,45.2701
95.726,44.4162
95.726,44.4162
95.726,44.4162
93.2407,44.523
93.2407,44.523
93.2407,44.523
90.9911,43.6946
90.9911,43.6946
90.9911,43.6946
89.5167,44.918
89.5167,44.918
89.5167,44.918
93.0248,44.2382
93.0248,44.2382
93.0248,44.2382
90.5866,45.0792
90.5866,45.0792
90.5866,45.0792
98.3249,45.0839
98.3249,45.0839
98.3249,45.0839
96.5464,44.1556
96.5464,44.1556
96.5464,44.1556
86.4226,45.8433
86.4226,45.8433
86.4226,45.8433
87.135,45.1664
87.135,45.1664
87.135,45.1664
94.9761,44.8857
94.9761,44.8857
94.9761,44.8857
82.5569,44.7596
82.5569,44.7596
82.5569,44.7596
84.0934,44.847
84.0934,44.847
84.0934,44.847
81.0168,44.8212
81.0168,44.8212
81.0168,44.8212
87.5421,45.2458
87.5421,45.2458
87.5421,45.2458
95.8609,44.7098
95.8609,44.7098
95.8609,44.7098
92.3946,44.7578
92.3946,44.7578
92.3946,44.7578
93.449,43.9438
93.449,43.9438
93.449,43.9438
88.7908,43.4832
88.7908,43.4832
88.7908,43.4832
91.1036,45.3006
91.1036,45.3006
91.1036,45.3006
87.003,43.805
87.003,43.805
87.003,43.805
87.439,46.0368
87.439,46.0368
87.439,46.0368
80.8875,45.5079
80.8875,45.5079
80.8875,45.5079
85.8752,44.9853
85.8752,44.9853
85.8752,44.9853
96.9952,44.212
96.9952,44.212
96.9952,44.212
96.2071,44.2799
96.2071,44.2799
96.2071,44.2799
85.1915,43.924
85.1915,43.924
85.1915,43.924
81.9102,44.4859
81.9102,44.4859
81.9102,44.4859
92.135,45.0137
92.135,45.0137
92.135,45.0137
91.8846,45.3055
91.8846,45.3055
91.8846,45.3055
85.833,45.417
85.833,45.417
85.833,45.417
83.5823,43.5988
83.5823,43.5988
83.5823,43.5988
92.2309,44.0241
92.2309,44.0241
92.2309,44.0241
87.3078,45.184
87.3078,45.184
87.3078,45.184
94.4935,44.1536
94.4935,44.1536
94.4935,44.1536
96.9653,44.9241
96.9653,44.9241
96.9653,44.9241
94.0131,43.7601
94.0131,43.7601
94.0131,43.7601
87.6401,45.7513
87.6401,45.7513
87.6401,45.7513
99.4384,45.3601
99.4384,45.3601
99.4384,45.3601
92.0857,46.1245
92.0857,46.1245
92.0857,46.1245
95.603,45.2593
95.603,45.2593
95.603,45.2593
98.7702,45.7483
98.7702,45.7483
98.7702,45.7483
95.0179,45.8922
95.0179,45.8922
95.0179,45.8922
99.9858,45.7213
99.9858,45.7213
99.9858,45.7213
93.6618,45.9861
93.6618,45.9861
93.6618,45.9861
89.261,46.1996
89.261,46.1996
89.261,46.1996
89.4542,44.1064
89.4542,44.1064
89.4542,44.1064
85.6954,45.234
85.6954,45.234
85.6954,45.234
84.4375,46.6278
84.4375,46.6278
84.4375,46.6278
85.5081,44.4181
85.5081,44.4181
85.5081,44.4181
96.6591,44.9027
96.6591,44.9027
96.6591,44.9027
87.6718,45.0146
87.6718,45.0146
87.6718,45.0146
86.2158,44.6271
86.2158,44.6271
86.2158,44.6271
87.6249,45.2131
87.6249,45.2131
87.6249,45.2131
85.6224,45.3268
85.6224,45.3268
85.6224,45.3268
77.2772,45.1681
77.2772,45.1681
77.2772,45.1681
84.6951,44.7922
84.6951,44.7922
84.6951,44.7922
88.867,43.7335
88.867,43.7335
88.867,43.7335
96.9998,44.6326
96.9998,44.6326
96.9998,44.6326
93.9143,46.0606
93.9143,46.0606
93.9143,46.0606
83.5664,45.1348
83.5664,45.1348
83.5664,45.1348
81.6702,43.8578
81.6702,43.8578
81.6702,43.8578
87.006,44.9498
87.006,44.9498
87.006,44.9498
91.9066,43.4753
91.9066,43.4753
91.9066,43.4753
94.2099,45.1431
94.2099,45.1431
94.2099,45.1431
95.6011,45.5286
95.6011,45.5286
95.6011,45.5286
85.1731,45.5616
85.1731,45.5616
85.1731,45.5616
87.4923,45.88
87.4923,45.88
87.4923,45.88
82.6186,46.5443
82.6186,46.5443
82.6186,46.5443
100.8481,45.7708
100.8481,45.7708
100.8481,45.7708
87.1559,44.0192
87.1559,44.0192
87.1559,44.0192
86.0137,45.0761
86.0137,45.0761
86.0137,45.0761
88.4175,45.111
88.4175,45.111
88.4175,45.111
92.7695,45.8911
92.7695,45.8911
92.7695,45.8911
105.383,45.3066
105.383,45.3066
105.383,45.3066
82.6899,45.6754
82.6899,45.6754
82.6899,45.6754
87.9894,44.4853
87.9894,44.4853
87.9894,44.4853
97.6997,44.7614
97.6997,44.7614
97.6997,44.7614
90.4041,44.651
90.4041,44.651
90.4041,44.651
87.7734,45.4472
87.7734,45.4472
87.7734,45.4472
95.0581,45.6984
95.0581,45.6984
95.0581,45.6984
89.4214,44.8831
89.4214,44.8831
89.4214,44.8831
90.8475,46.3749
90.8475,46.3749
90.8475,46.3749
87.2773,45.2861
87.2773,45.2861
87.2773,45.2861
96.0181,44.0178
96.0181,44.0178
96.0181,44.0178
88.9866,46.0883
88.9866,46.0883
88.9866,46.0883
95.2319,44.6978
95.2319,44.6978
95.2319,44.6978
89.7097,44.7523
89.7097,44.7523
89.7097,44.7523
88.393,45.1111
88.393,45.1111
88.393,45.1111
96.3852,45.2541
96.3852,45.2541
96.3852,45.2541
89.2451,45.3561
89.2451,45.3561
89.2451,45.3561
88.5982,44.8424
88.5982,44.8424
88.5982,44.8424
92.1576,45.0691
92.1576,45.0691
92.1576,45.0691
80.8745,45.5398
80.8745,45.5398
80.8745,45.5398
81.1848,43.3142
81.1848,43.3142
81.1848,43.3142
87.6941,44.3061
87.6941,44.3061
87.6941,44.3061
85.6299,45.1502
85.6299,45.1502
85.6299,45.1502
98.7717,44.768
98.7717,44.768
98.7717,44.768
87.6449,44.7558
87.6449,44.7558
87.6449,44.7558
94.797,45.4029
94.797,45.4029
94.797,45.4029
91.2324,45.2221
91.2324,45.2221
91.2324,45.2221
95.0383,45.3376
95.0383,45.3376
95.0383,45.3376
94.3274,45.9858
94.3274,45.9858
94.3274,45.9858
81.3326,44.8133
81.3326,44.8133
81.3326,44.8133
91.3276,45.0601
91.3276,45.0601
91.3276,45.0601
92.7349,43.9916
92.7349,43.9916
92.7349,43.9916
91.5074,45.6936
91.5074,45.6936
91.5074,45.6936
85.2226,45.3356
85.2226,45.3356
85.2226,45.3356
97.3201,44.2388
97.3201,44.2388
97.3201,44.2388
83.4839,44.9035
83.4839,44.9035
83.4839,44.9035
93.7267,44.9353
93.7267,44.9353
93.7267,44.9353
93.9684,45.0259
93.9684,45.0259
93.9684,45.0259
100.2892,45.5143
100.2892,45.5143
100.2892,45.5143
80.6895,45.3742
80.6895,45.3742
80.6895,45.3742
89.9229,43.9605
89.9229,43.9605
89.9229,43.9605
90.0718,46.3148
90.0718,46.3148
90.0718,46.3148
84.3582,44.7289
84.3582,44.7289
84.3582,44.7289
92.6459,44.7466
92.6459,44.7466
92.6459,44.7466
85.3975,45.2401
85.3975,45.2401
85.3975,45.2401
93.4486,44.8149
93.4486,44.8149
93.4486,44.8149
82.7514,44.4515
82.7514,44.4515
82.7514,44.4515
87.5291,44.9894
87.5291,44.9894
87.5291,44.9894
93.887,44.4237
93.887,44.4237
93.887,44.4237
89.1433,44.1764
89.1433,44.1764
89.1433,44.1764
80.5339,44.421
80.5339,44.421
80.5339,44.421
92.2515,43.7582
92.2515,43.7582
92.2515,43.7582
87.2289,44.727
87.2289,44.727
87.2289,44.727
87.2605,44.7131
87.2605,44.7131
87.2605,44.7131
92.8484,46.2841
92.8484,46.2841
92.8484,46.2841
90.8831,46.068
90.8831,46.068
90.8831,46.068
92.6567,45.8432
92.6567,45.8432
92.6567,45.8432
100.1164,44.9972
100.1164,44.9972
100.1164,44.9972
87.9879,45.1994
87.9879,45.1994
87.9879,45.1994
97.5213,44.6698
97.5213,44.6698
97.5213,44.6698
92.8995,44.6165
92.8995,44.6165
92.8995,44.6165
89.2306,44.8558
89.2306,44.8558
89.2306,44.8558
91.7001,44.7101
91.7001,44.7101
91.7001,44.7101
98.4895,45.4934
98.4895,45.4934
98.4895,45.4934
96.4385,44.8021
96.4385,44.8021
96.4385,44.8021
96.5345,44.0768
96.5345,44.0768
96.5345,44.0768
78.7297,45.2183
78.7297,45.2183
78.7297,45.2183
91.162,44.4676
91.162,44.4676
91.162,44.4676
90.6961,45.5181
90.6961,45.5181
90.6961,45.5181
93.0972,45.1816
93.0972,45.1816
93.0972,45.1816
83.9993,44.411
83.9993,44.411
83.9993,44.411
97.6945,44.442
97.6945,44.442
97.6945,44.442
87.5442,44.7484
87.5442,44.7484
87.5442,44.7484
87.528,44.3112
87.528,44.3112
87.528,44.3112
91.6951,43.8466
91.6951,43.8466
91.6951,43.8466
85.3441,45.9413
85.3441,45.9413
85.3441,45.9413
93.8201,45.3817
93.8201,45.3817
93.8201,45.3817
94.7014,45.6536
94.7014,45.6536
94.7014,45.6536
92.9824,45.2868
92.9824,45.2868
92.9824,45.2868
105.3461,45.5113
105.3461,45.5113
105.3461,45.5113
89.0057,44.4134
89.0057,44.4134
89.0057,44.4134
94.9947,45.6704
94.9947,45.6704
94.9947,45.6704
88.0531,44.3062
88.0531,44.3062
88.0531,44.3062
92.4066,44.6447
92.4066,44.6447
92.4066,44.6447
99.9354,45.0545
99.9354,45.0545
99.9354,45.0545
93.6865,45.3204
93.6865,45.3204
93.6865,45.3204
86.6358,44.8129
86.6358,44.8129
86.6358,44.8129
96.6276,44.9634
96.6276,44.9634
96.6276,44.9634
90.1212,44.6898
90.1212,44.6898
90.1212,44.6898
88.492,44.5299
88.492,44.5299
88.492,44.5299
98.1415,45.3836
98.1415,45.3836
98.1415,45.3836
87.0502,45.5343
87.0502,45.5343
87.0502,45.5343
85.4429,45.2438
85.4429,45.2438
85.4429,45.2438
87.4264,45.3164
87.4264,45.3164
87.4264,45.3164
95.2555,44.8441
95.2555,44.8441
95.2555,44.8441
83.7614,45.5118
83.7614,45.5118
83.7614,45.5118
92.2231,45.7331
92.2231,45.7331
92.2231,45.7331
91.4132,46.1016
91.4132,46.1016
91.4132,46.1016
88.0543,44.1773
88.0543,44.1773
88.0543,44.1773
85.0159,45.3166
85.0159,45.3166
85.0159,45.3166
91.7663,44.175
91.7663,44.175
91.7663,44.175
85.0732,43.8434
85.0732,43.8434
85.0732,43.8434
87.3976,45.1618
87.3976,45.1618
87.3976,45.1618
84.8475,45.3353
84.8475,45.3353
84.8475,45.3353
94.228,44.2296
94.228,44.2296
94.228,44.2296
102.0787,45.1062
102.0787,45.1062
102.0787,45.1062
94.3776,44.3914
94.3776,44.3914
94.3776,44.3914
90.34,44.7532
90.34,44.7532
90.34,44.7532
98.2657,43.7636
98.2657,43.7636
98.2657,43.7636
82.3106,44.7031
82.3106,44.7031
82.3106,44.7031
98.5742,45.371
98.5742,45.371
98.5742,45.371
94.8522,43.5618
94.8522,43.5618
94.8522,43.5618
95.2926,45.1732
95.2926,45.1732
95.2926,45.1732
92.6398,44.2426
92.6398,44.2426
92.6398,44.2426
95.7694,44.8306
95.7694,44.8306
95.7694,44.8306
75.0215,44.6161
75.0215,44.6161
75.0215,44.6161
85.2898,45.2934
85.2898,45.2934
85.2898,45.2934
91.6925,44.8021
91.6925,44.8021
91.6925,44.8021
90.2174,43.3539
90.2174,43.3539
90.2174,43.3539
87.2516,45.9593
87.2516,45.9593
87.2516,45.9593
93.0952,45.1079
93.0952,45.1079
93.0952,45.1079
87.3492,44.8387
87.3492,44.8387
87.3492,44.8387
95.9319,44.5356
95.9319,44.5356
95.9319,44.5356
87.7934,44.5208
87.7934,44.5208
87.7934,44.5208
96.1641,45.1067
96.1641,45.1067
96.1641,45.1067
93.8598,45.2095
93.8598,45.2095
93.8598,45.2095
94.1601,45.2365
94.1601,45.2365
94.1601,45.2365
81.7324,45.5494
81.7324,45.5494
81.7324,45.5494
89.8097,45.1408
89.8097,45.1408
89.8097,45.1408
92.3687,46.3329
92.3687,46.3329
92.3687,46.3329
90.9811,43.8239
90.9811,43.8239
90.9811,43.8239
92.3784,44.9395
92.3784,44.9395
92.3784,44.9395
99.2023,45.2865
99.2023,45.2865
99.2023,45.2865
92.0605,45.0127
92.0605,45.0127
92.0605,45.0127
95.6146,44.2512
95.6146,44.2512
95.6146,44.2512
90.6634,44.9073
90.6634,44.9073
90.6634,44.9073
94.4396,44.6256
94.4396,44.6256
94.4396,44.6256
88.3027,43.8057
88.3027,43.8057
88.3027,43.8057
90.4951,45.544
90.4951,45.544
90.4951,45.544
96.7262,45.4571
96.7262,45.4571
96.7262,45.4571
87.3068,44.9921
87.3068,44.9921
87.3068,44.9921
93.2377,44.8708
93.2377,44.8708
93.2377,44.8708
94.6806,45.0308
94.6806,45.0308
94.6806,45.0308
94.2885,43.9738
94.2885,43.9738
94.2885,43.9738
90.4561,44.4257
90.4561,44.4257
90.4561,44.4257
81.2395,45.9309
81.2395,45.9309
81.2395,45.9309
93.4383,44.9562
93.4383,44.9562
93.4383,44.9562
95.4252,44.6774
95.4252,44.6774
95.4252,44.6774
86.6554,45.2224
86.6554,45.2224
86.6554,45.2224
99.3509,45.9238
99.3509,45.9238
99.3509,45.9238
88.4706,45.7095
88.4706,45.7095
88.4706,45.7095
88.6102,45.1438
88.6102,45.1438
88.6102,45.1438
82.5313,45.0558
82.5313,45.0558
82.5313,45.0558
90.0167,46.0367
90.0167,46.0367
90.0167,46.0367
90.2091,45.694
90.2091,45.694
90.2091,45.694
86.142,44.5039
86.142,44.5039
86.142,44.5039
93.2817,44.9283
93.2817,44.9283
93.2817,44.9283
95.7024,44.5722
95.7024,44.5722
95.7024,44.5722
91.2358,45.518
91.2358,45.518
91.2358,45.518
95.0028,45.3918
95.0028,45.3918
95.0028,45.3918
86.9622,44.9616
86.9622,44.9616
86.9622,44.9616
86.3596,45.5671
86.3596,45.5671
86.3596,45.5671
86.5674,44.6594
86.5674,44.6594
86.5674,44.6594
87.3009,43.6364
87.3009,43.6364
87.3009,43.6364
90.5159,44.7022
90.5159,44.7022
90.5159,44.7022
89.8716,46.0838
89.8716,46.0838
89.8716,46.0838
87.6153,45.4103
87.6153,45.4103
87.6153,45.4103
99.5164,45.8086
99.5164,45.8086
99.5164,45.8086
84.339,43.8237
84.339,43.8237
84.339,43.8237
86.114,45.7462
86.114,45.7462
86.114,45.7462
96.8811,45.8788
96.8811,45.8788
96.8811,45.8788
91.205,45.6657
91.205,45.6657
91.205,45.6657
88.8255,45.3354
88.8255,45.3354
88.8255,45.3354
86.0766,44.5261
86.0766,44.5261
86.0766,44.5261
94.9662,45.9799
94.9662,45.9799
94.9662,45.9799
86.4488,45.2681
86.4488,45.2681
86.4488,45.2681
89.0102,45.0195
89.0102,45.0195
89.0102,45.0195
94.9443,44.3428
94.9443,44.3428
94.9443,44.3428
84.8517,44.2493
84.8517,44.2493
84.8517,44.2493
83.8691,45.6625
83.8691,45.6625
83.8691,45.6625
90.0012,46.3851
90.0012,46.3851
90.0012,46.3851
84.7498,45.1803
84.7498,45.1803
84.7498,45.1803
90.7104,45.1204
90.7104,45.1204
90.7104,45.1204
97.0584,45.5045
97.0584,45.5045
97.0584,45.5045
87.3928,45.6358
87.3928,45.6358
87.3928,45.6358
84.9917,44.7611
84.9917,44.7611
84.9917,44.7611
88.7812,45.8281
88.7812,45.8281
88.7812,45.8281
89.3806,45.0314
89.3806,45.0314
89.3806,45.0314
86.8428,43.7818
86.8428,43.7818
86.8428,43.7818
89.9767,44.4783
89.9767,44.4783
89.9767,44.4783
84.0351,44.6728
84.0351,44.6728
84.0351,44.6728
89.5574,45.8654
89.5574,45.8654
89.5574,45.8654
94.7377,45.5193
94.7377,45.5193
94.7377,45.5193
100.3034,44.9884
100.3034,44.9884
100.3034,44.9884
96.5453,45.568
96.5453,45.568
96.5453,45.568
99.9535,44.6724
99.9535,44.6724
99.9535,44.6724
98.6456,45.1913
98.6456,45.1913
98.6456,45.1913
91.2077,44.7025
91.2077,44.7025
91.2077,44.7025
94.6902,45.5026
94.6902,45.5026
94.6902,45.5026
93.6192,43.7014
93.6192,43.7014
93.6192,43.7014
98.6008,44.0323
98.6008,44.0323
98.6008,44.0323
84.6707,45.0857
84.6707,45.0857
84.6707,45.0857
79.9122,45.023
79.9122,45.023
79.9122,45.023
86.9608,44.7597
86.9608,44.7597
86.9608,44.7597
83.2572,43.451
83.2572,43.451
83.2572,43.451
88.1739,44.9447
88.1739,44.9447
88.1739,44.9447
84.353,45.284
84.353,45.284
84.353,45.284
101.1302,45.1822
101.1302,45.1822
101.1302,45.1822
97.5791,45.0027
97.5791,45.0027
97.5791,45.0027
101.3574,44.8765
101.3574,44.8765
101.3574,44.8765
97.3819,45.7671
97.3819,45.7671
97.3819,45.7671
91.0434,45.0036
91.0434,45.0036
91.0434,45.0036
92.2977,44.891
92.2977,44.891
92.2977,44.891
90.1094,44.5568
90.1094,44.5568
90.1094,44.5568
91.3724,44.2024
91.3724,44.2024
91.3724,44.2024
92.8824,44.3922
92.8824,44.3922
92.8824,44.3922
90.1635,43.8753
90.1635,43.8753
90.1635,43.8753
89.0287,45.9287
89.0287,45.9287
89.0287,45.9287
90.5966,47.3799
90.5966,47.3799
90.5966,47.3799
82.8748,44.4503
82.8748,44.4503
82.8748,44.4503
86.4065,44.9836
86.4065,44.9836
86.4065,44.9836
81.1887,44.9346
81.1887,44.9346
81.1887,44.9346
89.2878,45.9378
89.2878,45.9378
89.2878,45.9378
92.0287,44.0393
92.0287,44.0393
92.0287,44.0393
91.3007,44.7288
91.3007,44.7288
91.3007,44.7288
93.1852,45.2624
93.1852,45.2624
93.1852,45.2624
86.3788,45.1865
86.3788,45.1865
86.3788,45.1865
90.9103,44.2858
90.9103,44.2858
90.9103,44.2858
94.6108,46.2217
94.6108,46.2217
94.6108,46.2217
91.4879,44.515
91.4879,44.515
91.4879,44.515
94.8624,44.6558
94.8624,44.6558
94.8624,44.6558
87.6319,45.4795
87.6319,45.4795
87.6319,45.4795
95.8796,44.4474
95.8796,44.4474
95.8796,44.4474
94.7645,43.681
94.7645,43.681
94.7645,43.681
90.609,45.6723
90.609,45.6723
90.609,45.6723
90.4137,44.7612
90.4137,44.7612
90.4137,44.7612
87.699,44.3956
87.699,44.3956
87.699,44.3956
96.7338,45.4974
96.7338,45.4974
96.7338,45.4974
84.6072,45.2126
84.6072,45.2126
84.6072,45.2126
97.9844,44.9386
97.9844,44.9386
97.9844,44.9386
95.1049,44.4976
95.1049,44.4976
95.1049,44.4976
95.5437,44.9502
95.5437,44.9502
95.5437,44.9502
87.5141,45.1483
87.5141,45.1483
87.5141,45.1483
86.8114,44.3441
86.8114,44.3441
86.8114,44.3441
79.8552,45.7653
79.8552,45.7653
79.8552,45.7653
87.8427,45.1126
87.8427,45.1126
87.8427,45.1126
93.6302,44.8609
93.6302,44.8609
93.6302,44.8609
90.8905,44.4601
90.8905,44.4601
90.8905,44.4601
86.7115,44.181
86.7115,44.181
86.7115,44.181
87.884,45.6832
87.884,45.6832
87.884,45.6832
90.3942,45.6617
90.3942,45.6617
90.3942,45.6617
93.6669,45.0992
93.6669,45.0992
93.6669,45.0992
91.2249,44.5241
91.2249,44.5241
91.2249,44.5241
89.5001,44.8512
89.5001,44.8512
89.5001,44.8512
86.6911,44.3638
86.6911,44.3638
86.6911,44.3638
88.337,45.3682
88.337,45.3682
88.337,45.3682
89.505,44.8943
89.505,44.8943
89.505,44.8943
94.9282,44.139
94.9282,44.139
94.9282,44.139
88.0058,45.0741
88.0058,45.0741
88.0058,45.0741
84.5785,45.2239
84.5785,45.2239
84.5785,45.2239
95.925,44.4675
95.925,44.4675
95.925,44.4675
101.9457,45.3426
101.9457,45.3426
101.9457,45.3426
89.0011,45.4455
89.0011,45.4455
89.0011,45.4455
102.7656,45.4596
102.7656,45.4596
102.7656,45.4596
93.0265,43.578
93.0265,43.578
93.0265,43.578
91.8106,44.206
91.8106,44.206
91.8106,44.206
84.6861,43.7639
84.6861,43.7639
84.6861,43.7639
78.6393,44.9362
78.6393,44.9362
78.6393,44.9362
84.2837,45.6046
84.2837,45.6046
84.2837,45.6046
85.3126,45.6641
85.3126,45.6641
85.3126,45.6641
89.6091,44.9983
89.6091,44.9983
89.6091,44.9983
81.2294,44.7364
81.2294,44.7364
81.2294,44.7364
97.1952,44.4079
97.1952,44.4079
97.1952,44.4079
89.5308,45.9711
89.5308,45.9711
89.5308,45.9711
96.5623,45.2443
96.5623,45.2443
96.5623,45.2443
99.7026,44.8587
99.7026,44.8587
99.7026,44.8587
84.9568,44.6627
84.9568,44.6627
84.9568,44.6627
85.8439,44.4505
85.8439,44.4505
85.8439,44.4505
92.8716,44.7915
92.8716,44.7915
92.8716,44.7915
90.1034,45.7227
90.1034,45.7227
90.1034,45.7227
87.8756,44.1901
87.8756,44.1901
87.8756,44.1901
85.6014,44.658
85.6014,44.658
85.6014,44.658
90.1754,45.1751
90.1754,45.1751
90.1754,45.1751
96.6406,44.7295
96.6406,44.7295
96.6406,44.7295
90.7895,45.6402
90.7895,45.6402
90.7895,45.6402
92.8316,46.2474
92.8316,46.2474
92.8316,46.2474
91.4503,44.7789
91.4503,44.7789
91.4503,44.7789
85.598,43.806
85.598,43.806
85.598,43.806
88.6842,45.6161
88.6842,45.6161
88.6842,45.6161
100.3389,45.1499
100.3389,45.1499
100.3389,45.1499
91.1867,45.6289
91.1867,45.6289
91.1867,45.6289
92.6868,45.0816
92.6868,45.0816
92.6868,45.0816
90.6101,44.2868
90.6101,44.2868
90.6101,44.2868
90.1693,45.1363
90.1693,45.1363
90.1693,45.1363
86.5783,45.3061
86.5783,45.3061
86.5783,45.3061
86.018,45.0959
86.018,45.0959
86.018,45.0959
98.69,45.0352
98.69,45.0352
98.69,45.0352
97.5922,45.541
97.5922,45.541
97.5922,45.541
99.1699,44.9025
99.1699,44.9025
99.1699,44.9025
90.1488,45.7124
90.1488,45.7124
90.1488,45.7124
105.4127,44.6575
105.4127,44.6575
105.4127,44.6575
85.7517,43.4211
85.7517,43.4211
85.7517,43.4211
86.1651,44.8947
86.1651,44.8947
86.1651,44.8947
84.9306,45.5892
84.9306,45.5892
84.9306,45.5892
93.7912,45.1268
93.7912,45.1268
93.7912,45.1268
88.857,44.5937
88.857,44.5937
88.857,44.5937
99.6237,44.6272
99.6237,44.6272
99.6237,44.6272
90.2875,45.5587
90.2875,45.5587
90.2875,45.5587
89.3307,45.5667
89.3307,45.5667
89.3307,45.5667
96.3569,44.7125
96.3569,44.7125
96.3569,44.7125
88.9538,45.3907
88.9538,45.3907
88.9538,45.3907
90.2018,44.6071
90.2018,44.6071
90.2018,44.6071
96.196,46.4178
96.196,46.4178
96.196,46.4178
86.5051,44.1938
86.5051,44.1938
86.5051,44.1938
91.7449,45.0218
91.7449,45.0218
91.7449,45.0218
95.0201,44.7588
95.0201,44.7588
95.0201,44.7588
100.5057,45.4613
100.5057,45.4613
100.5057,45.4613
98.3238,43.4829
98.3238,43.4829
98.3238,43.4829
93.4178,44.5087
93.4178,44.5087
93.4178,44.5087
89.8659,45.0286
89.8659,45.0286
89.8659,45.0286
89.7561,44.5805
89.7561,44.5805
89.7561,44.5805
93.2877,45.5353
93.2877,45.5353
93.2877,45.5353
85.8409,44.9233
85.8409,44.9233
85.8409,44.9233
85.7442,44.2978
85.7442,44.2978
85.7442,44.2978
94.7795,43.9005
94.7795,43.9005
94.7795,43.9005
86.0407,44.0734
86.0407,44.0734
86.0407,44.0734
98.4865,46.7019
98.4865,46.7019
98.4865,46.7019
91.9145,44.9801
91.9145,44.9801
91.9145,44.9801
88.1124,45.936
88.1124,45.936
88.1124,45.936
91.7707,45.2666
91.7707,45.2666
91.7707,45.2666
94.459,45.432
94.459,45.432
94.459,45.432
94.4962,44.7054
94.4962,44.7054
94.4962,44.7054
96.8165,44.8505
96.8165,44.8505
96.8165,44.8505
91.2607,43.8351
91.2607,43.8351
91.2607,43.8351
85.5273,45.831
85.5273,45.831
85.5273,45.831
86.4785,45.453
86.4785,45.453
86.4785,45.453
95.5987,44.1373
95.5987,44.1373
95.5987,44.1373
95.0958,45.3172
95.0958,45.3172
95.0958,45.3172
101.1992,44.6992
101.1992,44.6992
101.1992,44.6992
96.8964,46.0195
96.8964,46.0195
96.8964,46.0195
81.0126,45.1737
81.0126,45.1737
81.0126,45.1737
91.2807,44.8271
91.2807,44.8271
91.2807,44.8271
93.8221,45.4195
93.8221,45.4195
93.8221,45.4195
93.5649,45.4896
93.5649,45.4896
93.5649,45.4896
93.7041,45.3634
93.7041,45.3634
93.7041,45.3634
86.8732,45.8372
86.8732,45.8372
86.8732,45.8372
92.2409,45.8883
92.2409,45.8883
92.2409,45.8883
85.0075,46.2657
85.0075,46.2657
85.0075,46.2657
86.0557,45.4264
86.0557,45.4264
86.0557,45.4264
96.9763,45.0775
96.9763,45.0775
96.9763,45.0775
96.1932,44.6848
96.1932,44.6848
96.1932,44.6848
90.7443,44.6118
90.7443,44.6118
90.7443,44.6118
88.5361,45.0902
88.5361,45.0902
88.5361,45.0902
88.2729,45.5603
88.2729,45.5603
88.2729,45.5603
79.9112,44.5471
79.9112,44.5471
79.9112,44.5471
92.6874,44.0058
92.6874,44.0058
92.6874,44.0058
82.7383,43.993
82.7383,43.993
82.7383,43.993
92.5967,45.3215
92.5967,45.3215
92.5967,45.3215
96.7297,44.5921
96.7297,44.5921
96.7297,44.5921
97.4743,45.5738
97.4743,45.5738
97.4743,45.5738
92.6321,44.837
92.6321,44.837
92.6321,44.837
89.5164,45.1214
89.5164,45.1214
89.5164,45.1214
89.3759,46.1875
89.3759,46.1875
89.3759,46.1875
88.6574,44.2888
88.6574,44.2888
88.6574,44.2888
84.6289,45.1167
84.6289,45.1167
84.6289,45.1167
83.1399,44.8434
83.1399,44.8434
83.1399,44.8434
95.132,47.1833
95.132,47.1833
95.132,47.1833
86.7803,44.449
86.7803,44.449
86.7803,44.449
86.4968,46.1032
86.4968,46.1032
86.4968,46.1032
79.9838,45.1551
79.9838,45.1551
79.9838,45.1551
80.2637,44.7499
80.2637,44.7499
80.2637,44.7499
90.1825,43.9719
90.1825,43.9719
90.1825,43.9719
92.4461,45.0179
92.4461,45.0179
92.4461,45.0179
86.2742,45.0795
86.2742,45.0795
86.2742,45.0795
93.3913,45.6306
93.3913,45.6306
93.3913,45.6306
97.154,44.5689
97.154,44.5689
97.154,44.5689
91.1644,44.9054
91.1644,44.9054
91.1644,44.9054
87.437,44.6533
87.437,44.6533
87.437,44.6533
82.3159,45.7742
82.3159,45.7742
82.3159,45.7742
92.2796,44.6356
92.2796,44.6356
92.2796,44.6356
91.5065,46.2355
91.5065,46.2355
91.5065,46.2355
88.0761,46.2194
88.0761,46.2194
88.0761,46.2194
89.0296,45.8637
89.0296,45.8637
89.0296,45.8637
90.1669,45.6666
90.1669,45.6666
90.1669,45.6666
96.3918,43.4317
96.3918,43.4317
96.3918,43.4317
86.8539,44.5738
86.8539,44.5738
86.8539,44.5738
93.1371,45.1521
93.1371,45.1521
93.1371,45.1521
91.6869,44.5914
91.6869,44.5914
91.6869,44.5914
93.4915,45.0719
93.4915,45.0719
93.4915,45.0719
90.9211,44.6147
90.9211,44.6147
90.9211,44.6147
98.3199,45.565
98.3199,45.565
98.3199,45.565
96.1656,45.0245
96.1656,45.0245
96.1656,45.0245
92.0496,45.5896
92.0496,45.5896
92.0496,45.5896
93.1186,44.5631
93.1186,44.5631
93.1186,44.5631
87.7916,45.5986
87.7916,45.5986
87.7916,45.5986
86.1216,43.7806
86.1216,43.7806
86.1216,43.7806
91.3202,45.2523
91.3202,45.2523
91.3202,45.2523
93.1622,45.2457
93.1622,45.2457
93.1622,45.2457
88.8005,44.116
88.8005,44.116
88.8005,44.116
86.8374,45.1188
86.8374,45.1188
86.8374,45.1188
88.45,44.4093
88.45,44.4093
88.45,44.4093
88.6305,45.1168
88.6305,45.1168
88.6305,45.1168
88.6434,44.6647
88.6434,44.6647
88.6434,44.6647
91.9144,45.6039
91.9144,45.6039
91.9144,45.6039
97.0763,45.265
97.0763,45.265
97.0763,45.265
94.6461,45.7837
94.6461,45.7837
94.6461,45.7837
90.4503,44.283
90.4503,44.283
90.4503,44.283
88.7207,44.1518
88.7207,44.1518
88.7207,44.1518
83.2749,44.1904
83.2749,44.1904
83.2749,44.1904
88.3761,43.9745
88.3761,43.9745
88.3761,43.9745
100.7372,44.9688
100.7372,44.9688
100.7372,44.9688
93.201,44.0453
93.201,44.0453
93.201,44.0453
86.4885,44.3312
86.4885,44.3312
86.4885,44.3312
91.0824,44.978
91.0824,44.978
91.0824,44.978
93.5115,45.1114
93.5115,45.1114
93.5115,45.1114
91.6791,44.0392
91.6791,44.0392
91.6791,44.0392
91.3536,45.9965
91.3536,45.9965
91.3536,45.9965
94.5006,45.9287
94.5006,45.9287
94.5006,45.9287
90.6908,45.1303
90.6908,45.1303
90.6908,45.1303
92.5389,45.1924
92.5389,45.1924
92.5389,45.1924
85.745,45.5324
85.745,45.5324
85.745,45.5324
95.8032,45.4262
95.8032,45.4262
95.8032,45.4262
94.825,45.5916
94.825,45.5916
94.825,45.5916
92.5727,44.8382
92.5727,44.8382
92.5727,44.8382
90.8329,45.6259
90.8329,45.6259
90.8329,45.6259
91.6423,44.0271
91.6423,44.0271
91.6423,44.0271
91.7756,44.6654
91.7756,44.6654
91.7756,44.6654
89.3519,45.0206
89.3519,45.0206
89.3519,45.0206
89.633,45.1912
89.633,45.1912
89.633,45.1912
86.948,44.6083
86.948,44.6083
86.948,44.6083
84.7596,44.8949
84.7596,44.8949
84.7596,44.8949
101.8343,45.5779
101.8343,45.5779
101.8343,45.5779
92.0784,44.6652
92.0784,44.6652
92.0784,44.6652
97.3687,45.036
97.3687,45.036
97.3687,45.036
81.1652,44.7284
81.1652,44.7284
81.1652,44.7284
92.7865,44.7274
92.7865,44.7274
92.7865,44.7274
89.3504,45.4786
89.3504,45.4786
89.3504,45.4786
89.6225,45.1611
89.6225,45.1611
89.6225,45.1611
87.2442,45.3434
87.2442,45.3434
87.2442,45.3434
89.8293,44.8355
89.8293,44.8355
89.8293,44.8355
88.4858,45.6336
88.4858,45.6336
88.4858,45.6336
96.2729,43.9644
96.2729,43.9644
96.2729,43.9644
79.0976,44.2637
79.0976,44.2637
79.0976,44.2637
97.2269,44.6022
97.2269,44.6022
97.2269,44.6022
88.7941,44.3308
88.7941,44.3308
88.7941,44.3308
91.8741,44.4008
91.8741,44.4008
91.8741,44.4008
95.8993,45.3578
95.8993,45.3578
95.8993,45.3578
81.3556,45.2012
81.3556,45.2012
81.3556,45.2012
90.0923,45.2583
90.0923,45.2583
90.0923,45.2583
93.0035,45.0541
93.0035,45.0541
93.0035,45.0541
90.1556,45.2495
90.1556,45.2495
90.1556,45.2495
86.2995,45.3346
86.2995,45.3346
86.2995,45.3346
96.3581,44.9944
96.3581,44.9944
96.3581,44.9944
83.7044,44.2103
83.7044,44.2103
83.7044,44.2103
91.6963,45.1723
91.6963,45.1723
91.6963,45.1723
90.7906,44.3223
90.7906,44.3223
90.7906,44.3223
83.6072,44.9909
83.6072,44.9909
83.6072,44.9909
98.4878,45.9598
98.4878,45.9598
98.4878,45.9598
96.82,45.0654
96.82,45.0654
96.82,45.0654
85.8106,44.1334
85.8106,44.1334
85.8106,44.1334
93.8444,45.1407
93.8444,45.1407
93.8444,45.1407
94.7062,44.5266
94.7062,44.5266
94.7062,44.5266
84.5436,44.769
84.5436,44.769
84.5436,44.769
102.3328,45.3047
102.3328,45.3047
102.3328,45.3047
100.5753,44.626
100.5753,44.626
100.5753,44.626
98.172,45.7089
98.172,45.7089
98.172,45.7089
87.6128,44.7567
87.6128,44.7567
87.6128,44.7567
94.074,44.5262
94.074,44.5262
94.074,44.5262
104.6821,46.1542
104.6821,46.1542
104.6821,46.1542
89.1941,43.9969
89.1941,43.9969
89.1941,43.9969
89.1875,44.5461
89.1875,44.5461
89.1875,44.5461
91.8133,44.9275
91.8133,44.9275
91.8133,44.9275
98.9674,45.7911
98.9674,45.7911
98.9674,45.7911
95.9847,46.0116
95.9847,46.0116
95.9847,46.0116
97.9262,44.8699
97.9262,44.8699
97.9262,44.8699
91.4573,43.9521
91.4573,43.9521
91.4573,43.9521
100.6722,45.1907
100.6722,45.1907
100.6722,45.1907
99.5528,45.1724
99.5528,45.1724
99.5528,45.1724
88.9795,44.7475
88.9795,44.7475
88.9795,44.7475
96.5441,45.0894
96.5441,45.0894
96.5441,45.0894
83.8011,43.9295
83.8011,43.9295
83.8011,43.9295
84.3094,45.4637
84.3094,45.4637
84.3094,45.4637
88.6742,44.0611
88.6742,44.0611
88.6742,44.0611
95.8317,45.4971
95.8317,45.4971
95.8317,45.4971
87.6186,43.276
87.6186,43.276
87.6186,43.276
90.0852,44.1616
90.0852,44.1616
90.0852,44.1616
92.2183,44.8024
92.2183,44.8024
92.2183,44.8024
92.7489,45.3021
92.7489,45.3021
92.7489,45.3021
85.8429,45.1511
85.8429,45.1511
85.8429,45.1511
93.2085,43.8314
93.2085,43.8314
93.2085,43.8314
89.5675,45.1429
89.5675,45.1429
89.5675,45.1429
91.3578,44.5087
91.3578,44.5087
91.3578,44.5087
96.1038,45.7913
96.1038,45.7913
96.1038,45.7913
87.6515,46.4271
87.6515,46.4271
87.6515,46.4271
92.1487,45.4646
92.1487,45.4646
92.1487,45.4646
92.8717,45.6424
92.8717,45.6424
92.8717,45.6424
88.921,45.3284
88.921,45.3284
88.921,45.3284
99.2598,45.2168
99.2598,45.2168
99.2598,45.2168
86.0201,43.8349
86.0201,43.8349
86.0201,43.8349
90.3532,45.5456
90.3532,45.5456
90.3532,45.5456
94.0101,44.806
94.0101,44.806
94.0101,44.806
90.0703,45.1168
90.0703,45.1168
90.0703,45.1168
85.4558,43.9008
85.4558,43.9008
85.4558,43.9008
87.1024,45.2919
87.1024,45.2919
87.1024,45.2919
97.0789,44.9488
97.0789,44.9488
97.0789,44.9488
95.5915,44.8969
95.5915,44.8969
95.5915,44.8969
91.8678,45.0065
91.8678,45.0065
91.8678,45.0065
85.2808,45.1331
85.2808,45.1331
85.2808,45.1331
84.8702,44.6559
84.8702,44.6559
84.8702,44.6559
88.9994,44.9955
88.9994,44.9955
88.9994,44.9955
82.8927,43.5759
82.8927,43.5759
82.8927,43.5759
94.6156,44.6724
94.6156,44.6724
94.6156,44.6724
85.71,44.2884
85.71,44.2884
85.71,44.2884
88.8752,44.8872
88.8752,44.8872
88.8752,44.8872
97.2152,45.4055
97.2152,45.4055
97.2152,45.4055
88.7391,46.0576
88.7391,46.0576
88.7391,46.0576
87.7397,44.9782
87.7397,44.9782
87.7397,44.9782
91.6816,44.8379
91.6816,44.8379
91.6816,44.8379
91.2912,45.2232
91.2912,45.2232
91.2912,45.2232
96.3853,44.6918
96.3853,44.6918
96.3853,44.6918
88.3963,44.1773
88.3963,44.1773
88.3963,44.1773
83.4218,45.7091
83.4218,45.7091
83.4218,45.7091
85.4992,43.5322
85.4992,43.5322
85.4992,43.5322
79.1168,44.5683
79.1168,44.5683
79.1168,44.5683
87.3938,45.7265
87.3938,45.7265
87.3938,45.7265
77.9718,44.142
77.9718,44.142
77.9718,44.142
93.4305,45.8121
93.4305,45.8121
93.4305,45.8121
86.8195,45.2296
86.8195,45.2296
86.8195,45.2296
83.0316,45.7883
83.0316,45.7883
83.0316,45.7883
98.3141,45.6295
98.3141,45.6295
98.3141,45.6295
86.6316,44.7265
86.6316,44.7265
86.6316,44.7265
85.4772,44.3324
85.4772,44.3324
85.4772,44.3324
92.2018,44.962
92.2018,44.962
92.2018,44.962
81.4447,44.4967
81.4447,44.4967
81.4447,44.4967
103.1637,45.3849
103.1637,45.3849
103.1637,45.3849
91.8868,45.5318
91.8868,45.5318
91.8868,45.5318
92.2577,44.6555
92.2577,44.6555
92.2577,44.6555
88.5556,44.6102
88.5556,44.6102
88.5556,44.6102
93.0453,45.8644
93.0453,45.8644
93.0453,45.8644
91.1795,45.1578
91.1795,45.1578
91.1795,45.1578
89.2747,44.7692
89.2747,44.7692
89.2747,44.7692
87.1541,44.9881
87.1541,44.9881
87.1541,44.9881
96.1865,45.5252
96.1865,45.5252
96.1865,45.5252
92.5808,44.555
92.5808,44.555
92.5808,44.555
91.3491,45.8016
91.3491,45.8016
91.3491,45.8016
85.2404,45.303
85.2404,45.303
85.2404,45.303
91.6723,45.0273
91.6723,45.0273
91.6723,45.0273
89.5644,45.3489
89.5644,45.3489
89.5644,45.3489
97.2633,45.5468
97.2633,45.5468
97.2633,45.5468
87.5618,45.5716
87.5618,45.5716
87.5618,45.5716
94.0866,44.9806
94.0866,44.9806
94.0866,44.9806
92.2563,45.3847
92.2563,45.3847
92.2563,45.3847
89.1386,45.0744
89.1386,45.0744
89.1386,45.0744
88.6223,45.4741
88.6223,45.4741
88.6223,45.4741
91.1184,44.9971
91.1184,44.9971
91.1184,44.9971
88.2181,45.1748
88.2181,45.1748
88.2181,45.1748
88.2046,44.7716
88.2046,44.7716
88.2046,44.7716
87.6131,45.0236
87.6131,45.0236
87.6131,45.0236
87.2764,45.0572
87.2764,45.0572
87.2764,45.0572
94.943,45.4787
94.943,45.4787
94.943,45.4787
90.6039,44.8971
90.6039,44.8971
90.6039,44.8971
84.6082,45.136
84.6082,45.136
84.6082,45.136
90.5333,45.1879
90.5333,45.1879
90.5333,45.1879
90.5984,44.4888
90.5984,44.4888
90.5984,44.4888
91.8293,45.6512
91.8293,45.6512
91.8293,45.6512
94.0236,44.6243
94.0236,44.6243
94.0236,44.6243
93.3139,45.1087
93.3139,45.1087
93.3139,45.1087
95.3001,46.6088
95.3001,46.6088
95.3001,46.6088
84.5811,45.5449
84.5811,45.5449
84.5811,45.5449
96.6967,45.2116
96.6967,45.2116
96.6967,45.2116
97.7664,45.4668
97.7664,45.4668
97.7664,45.4668
101.2467,45.7154
101.2467,45.7154
101.2467,45.7154
92.9682,45.0909
92.9682,45.0909
92.9682,45.0909
84.6617,45.6225
84.6617,45.6225
84.6617,45.6225
89.0906,46.3153
89.0906,46.3153
89.0906,46.3153
89.3737,45.0557
89.3737,45.0557
89.3737,45.0557
85.7341,45.4084
85.7341,45.4084
85.7341,45.4084
92.6286,43.8987
92.6286,43.8987
92.6286,43.8987
94.439,45.6136
94.439,45.6136
94.439,45.6136
91.1906,45.8376
91.1906,45.8376
91.1906,45.8376
92.1736,44.7772
92.1736,44.7772
92.1736,44.7772
90.0314,44.7022
90.0314,44.7022
90.0314,44.7022
88.1553,44.6342
88.1553,44.6342
88.1553,44.6342
86.6084,45.1404
86.6084,45.1404
86.6084,45.1404
95.1238,45.8386
95.1238,45.8386
95.1238,45.8386
89.1817,45.4951
89.1817,45.4951
89.1817,45.4951
82.6322,45.2503
82.6322,45.2503
82.6322,45.2503
85.8431,43.9845
85.8431,43.9845
85.8431,43.9845
89.0372,44.4523
89.0372,44.4523
89.0372,44.4523
86.1849,45.7325
86.1849,45.7325
86.1849,45.7325
82.4706,45.8896
82.4706,45.8896
82.4706,45.8896
94.6807,45.4514
94.6807,45.4514
94.6807,45.4514
90.1201,45.4495
90.1201,45.4495
90.1201,45.4495
88.2884,44.5721
88.2884,44.5721
88.2884,44.5721
83.4276,45.078
83.4276,45.078
83.4276,45.078
89.974,45.0847
89.974,45.0847
89.974,45.0847
86.4371,44.9064
86.4371,44.9064
86.4371,44.9064
96.6503,44.1457
96.6503,44.1457
96.6503,44.1457
95.6141,45.9744
95.6141,45.9744
95.6141,45.9744
87.7575,45.393
87.7575,45.393
87.7575,45.393
84.5354,46.3186
84.5354,46.3186
84.5354,46.3186
85.129,44.8132
85.129,44.8132
85.129,44.8132
93.7739,45.2202
93.7739,45.2202
93.7739,45.2202
101.2376,44.4661
101.2376,44.4661
101.2376,44.4661
88.0739,44.4017
88.0739,44.4017
88.0739,44.4017
81.9696,44.7259
81.9696,44.7259
81.9696,44.7259
93.3078,44.2724
93.3078,44.2724
93.3078,44.2724
85.5116,45.0463
85.5116,45.0463
85.5116,45.0463
95.846,46.0734
95.846,46.0734
95.846,46.0734
95.6686,45.0787
95.6686,45.0787
95.6686,45.0787
85.6019,44.8188
85.6019,44.8188
85.6019,44.8188
94.7089,45.5625
94.7089,45.5625
94.7089,45.5625
81.1117,44.6664
81.1117,44.6664
81.1117,44.6664
82.7996,45.4295
82.7996,45.4295
82.7996,45.4295
82.6815,44.6696
82.6815,44.6696
82.6815,44.6696
91.3524,45.9153
91.3524,45.9153
91.3524,45.9153
82.9387,44.0817
82.9387,44.0817
82.9387,44.0817
86.4689,45.9808
86.4689,45.9808
86.4689,45.9808
92.5571,44.8067
92.5571,44.8067
92.5571,44.8067
87.9642,45.3716
87.9642,45.3716
87.9642,45.3716
95.0682,45.0281
95.0682,45.0281
95.0682,45.0281
91.5146,43.8484
91.5146,43.8484
91.5146,43.8484
86.2332,46.113
86.2332,46.113
86.2332,46.113
90.7291,44.5046
90.7291,44.5046
90.7291,44.5046
91.344,45.1394
91.344,45.1394
91.344,45.1394
97.811,44.6395
97.811,44.6395
97.811,44.6395
88.2287,45.4994
88.2287,45.4994
88.2287,45.4994
87.9477,45.7358
87.9477,45.7358
87.9477,45.7358
93.1662,44.8495
93.1662,44.8495
93.1662,44.8495
94.8262,45.0877
94.8262,45.0877
94.8262,45.0877
85.2471,44.8179
85.2471,44.8179
85.2471,44.8179
92.5662,46.3041
92.5662,46.3041
92.5662,46.3041
97.119,44.489
97.119,44.489
97.119,44.489
93.2557,44.5844
93.2557,44.5844
93.2557,44.5844
88.8218,45.6266
88.8218,45.6266
88.8218,45.6266
96.5453,45.815
96.5453,45.815
96.5453,45.815
89.9443,45.2175
89.9443,45.2175
89.9443,45.2175
88.9504,44.2804
88.9504,44.2804
88.9504,44.2804
94.1262,45.3191
94.1262,45.3191
94.1262,45.3191
92.0627,44.484
92.0627,44.484
92.0627,44.484
86.5152,45.7122
86.5152,45.7122
86.5152,45.7122
101.9461,45.1898
101.9461,45.1898
101.9461,45.1898
91.1358,44.3145
91.1358,44.3145
91.1358,44.3145
87.8852,45.3129
87.8852,45.3129
87.8852,45.3129
88.9221,44.3031
88.9221,44.3031
88.9221,44.3031
90.2095,44.9576
90.2095,44.9576
90.2095,44.9576
82.5194,45.1125
82.5194,45.1125
82.5194,45.1125
85.3062,44.7552
85.3062,44.7552
85.3062,44.7552
89.3399,45.9488
89.3399,45.9488
89.3399,45.9488
92.3949,45.8788
92.3949,45.8788
92.3949,45.8788
90.0045,47.2765
90.0045,47.2765
90.0045,47.2765
98.384,45.2638
98.384,45.2638
98.384,45.2638
98.9901,45.6954
98.9901,45.6954
98.9901,45.6954
82.2827,44.5393
82.2827,44.5393
82.2827,44.5393
87.2866,45.4343
87.2866,45.4343
87.2866,45.4343
90.9848,45.5008
90.9848,45.5008
90.9848,45.5008
95.0174,44.7155
95.0174,44.7155
95.0174,44.7155
85.6391,44.545
85.6391,44.545
85.6391,44.545
88.1781,43.773
88.1781,43.773
88.1781,43.773
91.4926,44.9174
91.4926,44.9174
91.4926,44.9174
87.2881,44.5305
87.2881,44.5305
87.2881,44.5305
91.6587,44.888
91.6587,44.888
91.6587,44.888
95.338,45.528
95.338,45.528
95.338,45.528
85.7585,45.7342
85.7585,45.7342
85.7585,45.7342
98.8493,44.8165
98.8493,44.8165
98.8493,44.8165
89.2974,43.6985
89.2974,43.6985
89.2974,43.6985
89.8364,44.8234
89.8364,44.8234
89.8364,44.8234
85.9823,46.0306
85.9823,46.0306
85.9823,46.0306
93.1221,45.2769
93.1221,45.2769
93.1221,45.2769
82.2774,46.1177
82.2774,46.1177
82.2774,46.1177
98.7794,45.1599
98.7794,45.1599
98.7794,45.1599
95.3395,45.3642
95.3395,45.3642
95.3395,45.3642
89.0718,44.6603
89.0718,44.6603
89.0718,44.6603
99.0665,44.8016
99.0665,44.8016
99.0665,44.8016
91.1731,45.3207
91.1731,45.3207
91.1731,45.3207
95.4405,45.0907
95.4405,45.0907
95.4405,45.0907
91.5485,45.6058
91.5485,45.6058
91.5485,45.6058
83.9689,44.219
83.9689,44.219
83.9689,44.219
95.7284,45.4409
95.7284,45.4409
95.7284,45.4409
84.1107,45.3499
84.1107,45.3499
84.1107,45.3499
90.7011,44.0463
90.7011,44.0463
90.7011,44.0463
94.0017,45.4461
94.0017,45.4461
94.0017,45.4461
95.0795,44.5682
95.0795,44.5682
95.0795,44.5682
92.23,45.8186
92.23,45.8186
92.23,45.8186
94.6659,45.5449
94.6659,45.5449
94.6659,45.5449
97.9231,44.0806
97.9231,44.0806
97.9231,44.0806
87.5719,45.5393
87.5719,45.5393
87.5719,45.5393
83.6266,43.6763
83.6266,43.6763
83.6266,43.6763
87.9385,45.3528
87.9385,45.3528
87.9385,45.3528
84.003,45.1219
84.003,45.1219
84.003,45.1219
89.4864,44.9389
89.4864,44.9389
89.4864,44.9389
84.7832,45.6351
84.7832,45.6351
84.7832,45.6351
94.4416,43.7858
94.4416,43.7858
94.4416,43.7858
92.3506,45.7226
92.3506,45.7226
92.3506,45.7226
92.3266,45.2339
92.3266,45.2339
92.3266,45.2339
87.0061,45.6469
87.0061,45.6469
87.0061,45.6469
95.1056,44.5827
95.1056,44.5827
95.1056,44.5827
82.3292,45.3693
82.3292,45.3693
82.3292,45.3693
97.3496,43.8621
97.3496,43.8621
97.3496,43.8621
92.7648,44.8426
92.7648,44.8426
92.7648,44.8426
88.5966,45.7726
88.5966,45.7726
88.5966,45.7726
88.1908,45.8353
88.1908,45.8353
88.1908,45.8353
86.0272,44.8242
86.0272,44.8242
86.0272,44.8242
87.5353,45.5687
87.5353,45.5687
87.5353,45.5687
92.8989,45.0647
92.8989,45.0647
92.8989,45.0647
96.9599,44.5077
96.9599,44.5077
96.9599,44.5077
85.5529,46.5632
85.5529,46.5632
85.5529,46.5632
88.0401,45.4631
88.0401,45.4631
88.0401,45.4631
89.7221,45.4211
89.7221,45.4211
89.7221,45.4211
88.0328,44.7672
88.0328,44.7672
88.0328,44.7672
97.4518,45.3199
97.4518,45.3199
97.4518,45.3199
94.1489,45.6515
94.1489,45.6515
94.1489,45.6515
89.9005,46.0306
89.9005,46.0306
89.9005,46.0306
88.6956,45.2675
88.6956,45.2675
88.6956,45.2675
93.2013,45.7434
93.2013,45.7434
93.2013,45.7434
105.5161,45.4586
105.5161,45.4586
105.5161,45.4586
92.963,44.8521
92.963,44.8521
92.963,44.8521
86.0105,45.2812
86.0105,45.2812
86.0105,45.2812
102.2906,45.2478
102.2906,45.2478
102.2906,45.2478
82.7883,44.1748
82.7883,44.1748
82.7883,44.1748
89.3427,45.272
89.3427,45.272
89.3427,45.272
87.9231,45.7387
87.9231,45.7387
87.9231,45.7387
87.8494,44.3697
87.8494,44.3697
87.8494,44.3697
95.4348,46.0189
95.4348,46.0189
95.4348,46.0189
88.6695,44.6912
88.6695,44.6912
88.6695,44.6912
94.6365,45.3829
94.6365,45.3829
94.6365,45.3829
100.37,45.7813
100.37,45.7813
100.37,45.7813
86.2992,44.6678
86.2992,44.6678
86.2992,44.6678
96.6813,45.4766
96.6813,45.4766
96.6813,45.4766
88.256,43.9216
88.256,43.9216
88.256,43.9216
102.2258,45.0009
102.2258,45.0009
102.2258,45.0009
90.7853,46.669
90.7853,46.669
90.7853,46.669
99.5586,45.2525
99.5586,45.2525
99.5586,45.2525
89.523,44.8834
89.523,44.8834
89.523,44.8834
93.6826,45.3952
93.6826,45.3952
93.6826,45.3952
102.1913,45.8701
102.1913,45.8701
102.1913,45.8701
97.9447,44.4416
97.9447,44.4416
97.9447,44.4416
92.1585,45.5521
92.1585,45.5521
92.1585,45.5521
94.605,45.3384
94.605,45.3384
94.605,45.3384
96.0698,46.3386
96.0698,46.3386
96.0698,46.3386
90.2196,44.5993
90.2196,44.5993
90.2196,44.5993
80.4539,45.6649
80.4539,45.6649
80.4539,45.6649
86.9276,43.9291
86.9276,43.9291
86.9276,43.9291
93.0427,43.9281
93.0427,43.9281
93.0427,43.9281
84.6278,44.7491
84.6278,44.7491
84.6278,44.7491
89.1377,44.3777
89.1377,44.3777
89.1377,44.3777
86.9127,43.7672
86.9127,43.7672
86.9127,43.7672
95.0439,44.5142
95.0439,44.5142
95.0439,44.5142
85.9741,44.777
85.9741,44.777
85.9741,44.777
85.7716,45.1183
85.7716,45.1183
85.7716,45.1183
89.4794,44.5401
89.4794,44.5401
89.4794,44.5401
92.1235,44.9955
92.1235,44.9955
92.1235,44.9955
82.7414,45.9964
82.7414,45.9964
82.7414,45.9964
89.6806,45.6852
89.6806,45.6852
89.6806,45.6852
89.7444,45.9603
89.7444,45.9603
89.7444,45.9603
83.3441,45.0386
83.3441,45.0386
83.3441,45.0386
80.8105,45.3093
80.8105,45.3093
80.8105,45.3093
90.3222,45.8802
90.3222,45.8802
90.3222,45.8802
92.8776,45.0604
92.8776,45.0604
92.8776,45.0604
91.0835,44.7667
91.0835,44.7667
91.0835,44.7667
86.3036,45.515
86.3036,45.515
86.3036,45.515
87.9797,45.6603
87.9797,45.6603
87.9797,45.6603
90.9717,44.9764
90.9717,44.9764
90.9717,44.9764
82.2639,44.7748
82.2639,44.7748
82.2639,44.7748
92.8688,43.2132
92.8688,43.2132
92.8688,43.2132
88.6487,44.9832
88.6487,44.9832
88.6487,44.9832
84.8719,44.7379
84.8719,44.7379
84.8719,44.7379
77.5708,44.5089
77.5708,44.5089
77.5708,44.5089
90.6707,45.0995
90.6707,45.0995
90.6707,45.0995
96.4284,45.8356
96.4284,45.8356
96.4284,45.8356
88.8065,44.9304
88.8065,44.9304
88.8065,44.9304
93.8153,45.045
93.8153,45.045
93.8153,45.045
90.179,46.6384
90.179,46.6384
90.179,46.6384
91.9053,45.2735
91.9053,45.2735
91.9053,45.2735
96.7763,45.523
96.7763,45.523
96.7763,45.523
82.8594,45.1709
82.8594,45.1709
82.8594,45.1709
86.7802,45.0487
86.7802,45.0487
86.7802,45.0487
89.0257,45.7725
89.0257,45.7725
89.0257,45.7725
84.6797,44.7587
84.6797,44.7587
84.6797,44.7587
85.0269,44.6287
85.0269,44.6287
85.0269,44.6287
84.5744,44.7637
84.5744,44.7637
84.5744,44.7637
97.9067,46.0098
97.9067,46.0098
97.9067,46.0098
80.8487,43.7747
80.8487,43.7747
80.8487,43.7747
93.4438,44.4133
93.4438,44.4133
93.4438,44.4133
84.5674,45.7109
84.5674,45.7109
84.5674,45.7109
103.9473,44.2061
103.9473,44.2061
103.9473,44.2061
90.055,45.7024
90.055,45.7024
90.055,45.7024
90.8827,45.3614
90.8827,45.3614
90.8827,45.3614
88.0646,45.0006
88.0646,45.0006
88.0646,45.0006
82.0283,44.6794
82.0283,44.6794
82.0283,44.6794
86.8202,45.8709
86.8202,45.8709
86.8202,45.8709
92.0995,44.547
92.0995,44.547
92.0995,44.547
87.4966,44.8085
87.4966,44.8085
87.4966,44.8085
97.4528,45.8275
97.4528,45.8275
97.4528,45.8275
85.1126,45.9114
85.1126,45.9114
85.1126,45.9114
89.8169,43.5164
89.8169,43.5164
89.8169,43.5164
93.0245,44.961
93.0245,44.961
93.0245,44.961
89.0773,45.7206
89.0773,45.7206
89.0773,45.7206
95.4403,44.7506
95.4403,44.7506
95.4403,44.7506
86.5853,44.7716
86.5853,44.7716
86.5853,44.7716
84.4327,44.7637
84.4327,44.7637
84.4327,44.7637
94.8389,45.7672
94.8389,45.7672
94.8389,45.7672
88.7745,43.999
88.7745,43.999
88.7745,43.999
95.7302,46.0971
95.7302,46.0971
95.7302,46.0971
86.2886,45.032
86.2886,45.032
86.2886,45.032
87.6914,43.9061
87.6914,43.9061
87.6914,43.9061
91.6855,44.8874
91.6855,44.8874
91.6855,44.8874
90.496,44.363
90.496,44.363
90.496,44.363
91.8432,45.5712
91.8432,45.5712
91.8432,45.5712
93.2773,45.7853
93.2773,45.7853
93.2773,45.7853
84.5976,44.5931
84.5976,44.5931
84.5976,44.5931
93.4581,45.4304
93.4581,45.4304
93.4581,45.4304
90.129,45.3508
90.129,45.3508
90.129,45.3508
100.8245,44.4997
100.8245,44.4997
100.8245,44.4997
89.9338,44.3127
89.9338,44.3127
89.9338,44.3127
80.6722,45.4901
80.6722,45.4901
80.6722,45.4901
97.4195,46.1842
97.4195,46.1842
97.4195,46.1842
89.2627,44.914
89.2627,44.914
89.2627,44.914
93.0366,47.7003
93.0366,47.7003
93.0366,47.7003
89.7195,44.7321
89.7195,44.7321
89.7195,44.7321
90.1703,44.9949
90.1703,44.9949
90.1703,44.9949
95.6361,44.5473
95.6361,44.5473
95.6361,44.5473
86.6214,44.0221
86.6214,44.0221
86.6214,44.0221
84.2118,44.5476
84.2118,44.5476
84.2118,44.5476
78.1989,45.0325
78.1989,45.0325
78.1989,45.0325
87.6955,45.5363
87.6955,45.5363
87.6955,45.5363
90.2778,43.7161
90.2778,43.7161
90.2778,43.7161
93.8235,45.138
93.8235,45.138
93.8235,45.138
96.9896,45.3572
96.9896,45.3572
96.9896,45.3572
88.5157,45.1386
88.5157,45.1386
88.5157,45.1386
86.0701,45.8036
86.0701,45.8036
86.0701,45.8036
93.1664,44.5401
93.1664,44.5401
93.1664,44.5401
90.2386,44.4936
90.2386,44.4936
90.2386,44.4936
93.2871,44.4113
93.2871,44.4113
93.2871,44.4113
87.3847,46.8246
87.3847,46.8246
87.3847,46.8246
82.0378,45.0226
82.0378,45.0226
82.0378,45.0226
93.9757,45.813
93.9757,45.813
93.9757,45.813
93.8585,44.9489
93.8585,44.9489
93.8585,44.9489
88.2311,44.7831
88.2311,44.7831
88.2311,44.7831
89.4736,45.9205
89.4736,45.9205
89.4736,45.9205
92.0497,44.728
92.0497,44.728
92.0497,44.728
88.8943,45.6624
88.8943,45.6624
88.8943,45.6624
98.9916,43.6246
98.9916,43.6246
98.9916,43.6246
92.1448,44.6557
92.1448,44.6557
92.1448,44.6557
85.643,45.4686
85.643,45.4686
85.643,45.4686
93.2761,46.3651
93.2761,46.3651
93.2761,46.3651
89.7957,44.937
89.7957,44.937
89.7957,44.937
95.1354,43.4051
95.1354,43.4051
95.1354,43.4051
97.786,45.4704
97.786,45.4704
97.786,45.4704
85.5311,44.5322
85.5311,44.5322
85.5311,44.5322
95.5464,44.5184
95.5464,44.5184
95.5464,44.5184
96.3139,45.4613
96.3139,45.4613
96.3139,45.4613
95.1471,46.0883
95.1471,46.0883
95.1471,46.0883
88.4483,45.2823
88.4483,45.2823
88.4483,45.2823
85.5621,46.0592
85.5621,46.0592
85.5621,46.0592
89.5666,45.6115
89.5666,45.6115
89.5666,45.6115
90.6585,45.6067
90.6585,45.6067
90.6585,45.6067
90.4794,45.631
90.4794,45.631
90.4794,45.631
89.9688,44.7818
89.9688,44.7818
89.9688,44.7818
97.8429,45.294
97.8429,45.294
97.8429,45.294
96.5248,45.3276
96.5248,45.3276
96.5248,45.3276
85.8567,44.7012
85.8567,44.7012
85.8567,44.7012
93.7521,44.5808
93.7521,44.5808
93.7521,44.5808
93.7699,44.2817
93.7699,44.2817
93.7699,44.2817
89.6926,44.6975
89.6926,44.6975
89.6926,44.6975
92.9835,44.2354
92.9835,44.2354
92.9835,44.2354
88.4745,45.017
88.4745,45.017
88.4745,45.017
87.5969,45.8582
87.5969,45.8582
87.5969,45.8582
88.7785,44.1949
88.7785,44.1949
88.7785,44.1949
92.5355,45.1759
92.5355,45.1759
92.5355,45.1759
89.8854,45.0672
89.8854,45.0672
89.8854,45.0672
92.1248,44.8767
92.1248,44.8767
92.1248,44.8767
86.4637,45.9677
86.4637,45.9677
86.4637,45.9677
88.7378,44.4057
88.7378,44.4057
88.7378,44.4057
99.009,44.4034
99.009,44.4034
99.009,44.4034
90.2318,45.7701
90.2318,45.7701
90.2318,45.7701
89.5012,45.8271
89.5012,45.8271
89.5012,45.8271
90.3208,45.1932
90.3208,45.1932
90.3208,45.1932
95.9028,44.2772
95.9028,44.2772
95.9028,44.2772
94.4394,46.1483
94.4394,46.1483
94.4394,46.1483
84.2758,45.6858
84.2758,45.6858
84.2758,45.6858
84.2373,45.166
84.2373,45.166
84.2373,45.166
82.0537,44.5848
82.0537,44.5848
82.0537,44.5848
88.4504,44.918
88.4504,44.918
88.4504,44.918
84.858,46.1029
84.858,46.1029
84.858,46.1029
88.8637,44.8503
88.8637,44.8503
88.8637,44.8503
87.5308,44.3997
87.5308,44.3997
87.5308,44.3997
89.4802,45.9414
89.4802,45.9414
89.4802,45.9414
90.725,45.094
90.725,45.094
90.725,45.094
84.3735,44.6436
84.3735,44.6436
84.3735,44.6436
95.1864,45.6265
95.1864,45.6265
95.1864,45.6265
96.8877,44.6962
96.8877,44.6962
96.8877,44.6962
88.5521,44.8162
88.5521,44.8162
88.5521,44.8162
89.5789,45.1797
89.5789,45.1797
89.5789,45.1797
83.1929,45.3566
83.1929,45.3566
83.1929,45.3566
82.873,44.0425
82.873,44.0425
82.873,44.0425
97.7831,44.4249
97.7831,44.4249
97.7831,44.4249
85.3042,45.2056
85.3042,45.2056
85.3042,45.2056
91.4126,45.7061
91.4126,45.7061
91.4126,45.7061
96.5161,45.8651
96.5161,45.8651
96.5161,45.8651
92.9185,45.1843
92.9185,45.1843
92.9185,45.1843
93.0755,45.1483
93.0755,45.1483
93.0755,45.1483
88.9804,44.6168
88.9804,44.6168
88.9804,44.6168
90.2152,45.9169
90.2152,45.9169
90.2152,45.9169
90.0616,44.5266
90.0616,44.5266
90.0616,44.5266
94.4985,44.8757
94.4985,44.8757
94.4985,44.8757
76.3272,45.0216
76.3272,45.0216
76.3272,45.0216
86.0148,45.1467
86.0148,45.1467
86.0148,45.1467
95.9987,44.5194
95.9987,44.5194
95.9987,44.5194
91.4332,44.7174
91.4332,44.7174
91.4332,44.7174
93.1062,45.2452
93.1062,45.2452
93.1062,45.2452
90.5844,44.468
90.5844,44.468
90.5844,44.468
85.2381,44.7625
85.2381,44.7625
85.2381,44.7625
95.2719,44.4332
95.2719,44.4332
95.2719,44.4332
91.1482,45.3665
91.1482,45.3665
91.1482,45.3665
91.2907,44.7713
91.2907,44.7713
91.2907,44.7713
78.9045,45.0898
78.9045,45.0898
78.9045,45.0898
94.3729,45.5886
94.3729,45.5886
94.3729,45.5886
81.1192,45.6553
81.1192,45.6553
81.1192,45.6553
92.4369,46.6944
92.4369,46.6944
92.4369,46.6944
87.7999,45.302
87.7999,45.302
87.7999,45.302
92.6975,44.1435
92.6975,44.1435
92.6975,44.1435
92.9819,45.5009
92.9819,45.5009
92.9819,45.5009
88.5342,45.3308
88.5342,45.3308
88.5342,45.3308
92.7454,45.4299
92.7454,45.4299
92.7454,45.4299
89.7899,45.0113
89.7899,45.0113
89.7899,45.0113
99.8699,45.0782
99.8699,45.0782
99.8699,45.0782
87.7462,45.6641
87.7462,45.6641
87.7462,45.6641
93.1657,44.7534
93.1657,44.7534
93.1657,44.7534
89.9575,43.5564
89.9575,43.5564
89.9575,43.5564
90.4925,44.5474
90.4925,44.5474
90.4925,44.5474
98.5878,44.8362
98.5878,44.8362
98.5878,44.8362
85.3692,45.2396
85.3692,45.2396
85.3692,45.2396
92.5397,44.6862
92.5397,44.6862
92.5397,44.6862
91.6575,45.4986
91.6575,45.4986
91.6575,45.4986
94.1521,46.7726
94.1521,46.7726
94.1521,46.7726
90.008,45.6103
90.008,45.6103
90.008,45.6103
87.2609,44.8337
87.2609,44.8337
87.2609,44.8337
94.0724,44.7359
94.0724,44.7359
94.0724,44.7359
91.8607,45.836
91.8607,45.836
91.8607,45.836
89.4343,44.5793
89.4343,44.5793
89.4343,44.5793
94.4935,46.0656
94.4935,46.0656
94.4935,46.0656
94.1301,45.5555
94.1301,45.5555
94.1301,45.5555
103.8715,45.6974
103.8715,45.6974
103.8715,45.6974
102.1803,45.4929
102.1803,45.4929
102.1803,45.4929
87.8618,45.8402
87.8618,45.8402
87.8618,45.8402
87.9386,45.4059
87.9386,45.4059
87.9386,45.4059
101.6874,43.9257
101.6874,43.9257
101.6874,43.9257
87.6189,44.1666
87.6189,44.1666
87.6189,44.1666
87.1844,44.9513
87.1844,44.9513
87.1844,44.9513
83.7295,44.9222
83.7295,44.9222
83.7295,44.9222
88.738,46.6227
88.738,46.6227
88.738,46.6227
89.7247,44.4796
89.7247,44.4796
89.7247,44.4796
97.7677,45.2575
97.7677,45.2575
97.7677,45.2575
82.0673,44.2906
82.0673,44.2906
82.0673,44.2906
89.512,44.9042
89.512,44.9042
89.512,44.9042
93.8882,44.8953
93.8882,44.8953
93.8882,44.8953
90.8489,45.5081
90.8489,45.5081
90.8489,45.5081
96.3419,46.8265
96.3419,46.8265
96.3419,46.8265
95.6762,43.8835
95.6762,43.8835
95.6762,43.8835
91.514,45.6503
91.514,45.6503
91.514,45.6503
85.218,45.3135
85.218,45.3135
85.218,45.3135
94.95,44.9291
94.95,44.9291
94.95,44.9291
96.4521,44.1761
96.4521,44.1761
96.4521,44.1761
100.9492,44.8446
100.9492,44.8446
100.9492,44.8446
98.1114,45.0391
98.1114,45.0391
98.1114,45.0391
97.8795,44.4987
97.8795,44.4987
97.8795,44.4987
84.3438,45.2221
84.3438,45.2221
84.3438,45.2221
95.0378,45.8398
95.0378,45.8398
95.0378,45.8398
92.3521,45.1825
92.3521,45.1825
92.3521,45.1825
100.5155,45.4068
100.5155,45.4068
100.5155,45.4068
95.8857,45.0812
95.8857,45.0812
95.8857,45.0812
84.077,45.1396
84.077,45.1396
84.077,45.1396
91.5318,43.7925
91.5318,43.7925
91.5318,43.7925
90.8927,44.4497
90.8927,44.4497
90.8927,44.4497
92.3959,45.1842
92.3959,45.1842
92.3959,45.1842
90.1862,45.2064
90.1862,45.2064
90.1862,45.2064
82.9097,44.616
82.9097,44.616
82.9097,44.616
86.4195,44.7113
86.4195,44.7113
86.4195,44.7113
91.8115,44.8129
91.8115,44.8129
91.8115,44.8129
82.3444,45.6085
82.3444,45.6085
82.3444,45.6085
91.8931,45.8021
91.8931,45.8021
91.8931,45.8021
86.5203,44.1586
86.5203,44.1586
86.5203,44.1586
96.9607,46.3749
96.9607,46.3749
96.9607,46.3749
89.1137,45.7502
89.1137,45.7502
89.1137,45.7502
88.2831,45.1103
88.2831,45.1103
88.2831,45.1103
85.9234,43.7828
85.9234,43.7828
85.9234,43.7828
91.3516,44.9266
91.3516,44.9266
91.3516,44.9266
91.2011,45.4052
91.2011,45.4052
91.2011,45.4052
84.941,44.613
84.941,44.613
84.941,44.613
96.205,44.1588
96.205,44.1588
96.205,44.1588
86.447,44.8129
86.447,44.8129
86.447,44.8129
82.7143,45.2074
82.7143,45.2074
82.7143,45.2074
95.1674,45.1429
95.1674,45.1429
95.1674,45.1429
85.3522,43.3925
85.3522,43.3925
85.3522,43.3925
89.1889,45.3455
89.1889,45.3455
89.1889,45.3455
93.128,44.214
93.128,44.214
93.128,44.214
79.18,44.8471
79.18,44.8471
79.18,44.8471
90.0676,45.9085
90.0676,45.9085
90.0676,45.9085
87.681,45.0217
87.681,45.0217
87.681,45.0217
88.7083,44.5096
88.7083,44.5096
88.7083,44.5096
81.3348,45.6955
81.3348,45.6955
81.3348,45.6955
92.5374,44.7549
92.5374,44.7549
92.5374,44.7549
82.9134,45.4241
82.9134,45.4241
82.9134,45.4241
93.8848,45.0058
93.8848,45.0058
93.8848,45.0058
90.6406,44.9579
90.6406,44.9579
90.6406,44.9579
88.7955,44.6472
88.7955,44.6472
88.7955,44.6472
85.9394,44.5404
85.9394,44.5404
85.9394,44.5404
87.5183,44.8868
87.5183,44.8868
87.5183,44.8868
90.402,46.0338
90.402,46.0338
90.402,46.0338
89.6792,45.4316
89.6792,45.4316
89.6792,45.4316
89.0769,44.9783
89.0769,44.9783
89.0769,44.9783
95.93,44.5576
95.93,44.5576
95.93,44.5576
86.7863,45.3233
86.7863,45.3233
86.7863,45.3233
80.5967,44.7134
80.5967,44.7134
80.5967,44.7134
89.8126,44.6666
89.8126,44.6666
89.8126,44.6666
91.5502,45.1302
91.5502,45.1302
91.5502,45.1302
96.7938,44.0988
96.7938,44.0988
96.7938,44.0988
85.9393,44.6739
85.9393,44.6739
85.9393,44.6739
90.7035,45.1483
90.7035,45.1483
90.7035,45.1483
90.6862,44.4844
90.6862,44.4844
90.6862,44.4844
86.8505,44.5786
86.8505,44.5786
86.8505,44.5786
100.3746,45.5607
100.3746,45.5607
100.3746,45.5607
94.2493,45.3545
94.2493,45.3545
94.2493,45.3545
90.261,45.2271
90.261,45.2271
90.261,45.2271
92.055,46.0843
92.055,46.0843
92.055,46.0843
91.7196,45.059
91.7196,45.059
91.7196,45.059
89.2489,45.3499
89.2489,45.3499
89.2489,45.3499
92.5352,44.0376
92.5352,44.0376
92.5352,44.0376
88.3556,44.3449
88.3556,44.3449
88.3556,44.3449
90.7318,45.4305
90.7318,45.4305
90.7318,45.4305
97.1925,45.2207
97.1925,45.2207
97.1925,45.2207
93.0644,43.9837
93.0644,43.9837
93.0644,43.9837
85.6423,45.5102
85.6423,45.5102
85.6423,45.5102
95.1275,43.7873
95.1275,43.7873
95.1275,43.7873
77.5939,45.3361
77.5939,45.3361
77.5939,45.3361
85.511,44.2422
85.511,44.2422
85.511,44.2422
100.2042,44.7406
100.2042,44.7406
100.2042,44.7406
80.5887,44.4683
80.5887,44.4683
80.5887,44.4683
100.2797,45.3095
100.2797,45.3095
100.2797,45.3095
95.4516,46.4718
95.4516,46.4718
95.4516,46.4718
87.542,45.1181
87.542,45.1181
87.542,45.1181
87.5999,44.1179
87.5999,44.1179
87.5999,44.1179
89.2739,44.3058
89.2739,44.3058
89.2739,44.3058
89.0855,45.1438
89.0855,45.1438
89.0855,45.1438
83.9012,44.2856
83.9012,44.2856
83.9012,44.2856
95.9131,44.7639
95.9131,44.7639
95.9131,44.7639
93.4231,43.9771
93.4231,43.9771
93.4231,43.9771
89.2496,44.6023
89.2496,44.6023
89.2496,44.6023
87.4698,43.445
87.4698,43.445
87.4698,43.445
90.386,44.6114
90.386,44.6114
90.386,44.6114
103.507,45.3482
103.507,45.3482
103.507,45.3482
94.1137,44.6852
94.1137,44.6852
94.1137,44.6852
89.0397,45.335
89.0397,45.335
89.0397,45.335
85.7072,44.9313
85.7072,44.9313
85.7072,44.9313
96.6952,45.8035
96.6952,45.8035
96.6952,45.8035
87.7682,45.0928
87.7682,45.0928
87.7682,45.0928
85.5274,46.1119
85.5274,46.1119
85.5274,46.1119
87.6777,44.2012
87.6777,44.2012
87.6777,44.2012
97.7653,45.3003
97.7653,45.3003
97.7653,45.3003
93.5927,44.2061
93.5927,44.2061
93.5927,44.2061
95.8751,44.6913
95.8751,44.6913
95.8751,44.6913
84.3127,45.5257
84.3127,45.5257
84.3127,45.5257
100.8086,45.4208
100.8086,45.4208
100.8086,45.4208
104.2862,45.9425
104.2862,45.9425
104.2862,45.9425
88.2663,45.443
88.2663,45.443
88.2663,45.443
95.6005,45.5133
95.6005,45.5133
95.6005,45.5133
91.3601,44.9585
91.3601,44.9585
91.3601,44.9585
81.0037,45.1273
81.0037,45.1273
81.0037,45.1273
94.9143,45.2449
94.9143,45.2449
94.9143,45.2449
93.2939,45.5572
93.2939,45.5572
93.2939,45.5572
95.3283,45.4504
95.3283,45.4504
95.3283,45.4504
79.6615,44.6995
79.6615,44.6995
79.6615,44.6995
89.8472,44.6201
89.8472,44.6201
89.8472,44.6201
85.8083,45.6882
85.8083,45.6882
85.8083,45.6882
86.0455,44.8426
86.0455,44.8426
86.0455,44.8426
93.1692,45.2669
93.1692,45.2669
93.1692,45.2669
85.1403,44.6826
85.1403,44.6826
85.1403,44.6826
92.4938,44.9759
92.4938,44.9759
92.4938,44.9759
93.6004,44.7068
93.6004,44.7068
93.6004,44.7068
89.3685,43.9805
89.3685,43.9805
89.3685,43.9805
99.1869,45.2847
99.1869,45.2847
99.1869,45.2847
94.317,45.7254
94.317,45.7254
94.317,45.7254
98.8071,44.0719
98.8071,44.0719
98.8071,44.0719
97.4112,44.4661
97.4112,44.4661
97.4112,44.4661
84.5555,45.8284
84.5555,45.8284
84.5555,45.8284
90.922,45.4487
90.922,45.4487
90.922,45.4487
85.6381,44.1012
85.6381,44.1012
85.6381,44.1012
82.2233,44.3589
82.2233,44.3589
82.2233,44.3589
88.2475,45.7297
88.2475,45.7297
88.2475,45.7297
88.4422,45.4503
88.4422,45.4503
88.4422,45.4503
92.6202,45.2733
92.6202,45.2733
92.6202,45.2733
95.6108,44.0722
95.6108,44.0722
95.6108,44.0722
92.2066,44.9631
92.2066,44.9631
92.2066,44.9631
95.7992,44.6628
95.7992,44.6628
95.7992,44.6628
90.2106,45.363
90.2106,45.363
90.2106,45.363
92.0896,45.2146
92.0896,45.2146
92.0896,45.2146
86.4106,44.603
86.4106,44.603
86.4106,44.603
96.7642,44.6406
96.7642,44.6406
96.7642,44.6406
89.5324,46.2741
89.5324,46.2741
89.5324,46.2741
97.5023,45.039
97.5023,45.039
97.5023,45.039
92.9622,45.5822
92.9622,45.5822
92.9622,45.5822
88.4995,44.8386
88.4995,44.8386
88.4995,44.8386
89.888,45.1707
89.888,45.1707
89.888,45.1707
94.4862,45.5008
94.4862,45.5008
94.4862,45.5008
83.8743,45.6752
83.8743,45.6752
83.8743,45.6752
90.5774,45.374
90.5774,45.374
90.5774,45.374
96.6612,45.7927
96.6612,45.7927
96.6612,45.7927
88.6893,45.7922
88.6893,45.7922
88.6893,45.7922
92.5285,44.8014
92.5285,44.8014
92.5285,44.8014
83.7422,45.096
83.7422,45.096
83.7422,45.096
96.7489,45.1236
96.7489,45.1236
96.7489,45.1236
91.3452,44.6013
91.3452,44.6013
91.3452,44.6013
85.9342,44.7381
85.9342,44.7381
85.9342,44.7381
93.4551,45.4407
93.4551,45.4407
93.4551,45.4407
89.5956,45.6622
89.5956,45.6622
89.5956,45.6622
96.0176,46.8022
96.0176,46.8022
96.0176,46.8022
89.3389,45.2885
89.3389,45.2885
89.3389,45.2885
96.5808,45.3969
96.5808,45.3969
96.5808,45.3969
88.3264,44.4215
88.3264,44.4215
88.3264,44.4215
95.0175,45.0565
95.0175,45.0565
95.0175,45.0565
90.3604,45.5885
90.3604,45.5885
90.3604,45.5885
97.445,44.1305
97.445,44.1305
97.445,44.1305
96.4585,45.5199
96.4585,45.5199
96.4585,45.5199
87.5066,44.9616
87.5066,44.9616
87.5066,44.9616
96.5838,44.7668
96.5838,44.7668
96.5838,44.7668
95.8738,45.8789
95.8738,45.8789
95.8738,45.8789
84.5476,45.9892
84.5476,45.9892
84.5476,45.9892
95.6201,45.6321
95.6201,45.6321
95.6201,45.6321
97.3948,45.4398
97.3948,45.4398
97.3948,45.4398
98.0706,45.4747
98.0706,45.4747
98.0706,45.4747
91.6862,45.6514
91.6862,45.6514
91.6862,45.6514
85.2769,44.985
85.2769,44.985
85.2769,44.985
93.3482,44.4494
93.3482,44.4494
93.3482,44.4494
87.8312,44.9534
87.8312,44.9534
87.8312,44.9534
95.6148,44.1598
95.6148,44.1598
95.6148,44.1598
90.6655,44.541
90.6655,44.541
90.6655,44.541
100.4786,45.1096
100.4786,45.1096
100.4786,45.1096
94.7445,45.0587
94.7445,45.0587
94.7445,45.0587
95.5867,44.934
95.5867,44.934
95.5867,44.934
88.6593,45.1049
88.6593,45.1049
88.6593,45.1049
90.2986,45.6081
90.2986,45.6081
90.2986,45.6081
80.2128,44.6695
80.2128,44.6695
80.2128,44.6695
81.4598,43.3124
81.4598,43.3124
81.4598,43.3124
90.7243,44.8383
90.7243,44.8383
90.7243,44.8383
85.232,44.4675
85.232,44.4675
85.232,44.4675
82.4564,46.3933
82.4564,46.3933
82.4564,46.3933
83.7686,44.5962
83.7686,44.5962
83.7686,44.5962
93.8257,45.0807
93.8257,45.0807
93.8257,45.0807
94.3796,44.1827
94.3796,44.1827
94.3796,44.1827
87.3819,44.9761
87.3819,44.9761
87.3819,44.9761
85.1865,44.4426
85.1865,44.4426
85.1865,44.4426
89.8126,46.0178
89.8126,46.0178
89.8126,46.0178
90.9537,44.7855
90.9537,44.7855
90.9537,44.7855
87.5252,45.3199
87.5252,45.3199
87.5252,45.3199
81.8768,45.9411
81.8768,45.9411
81.8768,45.9411
94.492,44.7083
94.492,44.7083
94.492,44.7083
81.271,44.5633
81.271,44.5633
81.271,44.5633
88.8937,44.3321
88.8937,44.3321
88.8937,44.3321
92.4014,43.406
92.4014,43.406
92.4014,43.406
87.1778,44.6931
87.1778,44.6931
87.1778,44.6931
86.583,44.8119
86.583,44.8119
86.583,44.8119
86.1883,45.243
86.1883,45.243
86.1883,45.243
82.903,45.8462
82.903,45.8462
82.903,45.8462
90.6647,45.3004
90.6647,45.3004
90.6647,45.3004
102.1353,45.4546
102.1353,45.4546
102.1353,45.4546
88.3781,44.7452
88.3781,44.7452
88.3781,44.7452
87.1137,45.1451
87.1137,45.1451
87.1137,45.1451
88.7837,44.6064
88.7837,44.6064
88.7837,44.6064
94.3413,43.7009
94.3413,43.7009
94.3413,43.7009
95.4208,44.91
95.4208,44.91
95.4208,44.91
84.5891,45.3767
84.5891,45.3767
84.5891,45.3767
91.2157,45.3745
91.2157,45.3745
91.2157,45.3745
103.0,46.1329
103.0,46.1329
103.0,46.1329
90.0939,44.7219
90.0939,44.7219
90.0939,44.7219
85.9558,43.5626
85.9558,43.5626
85.9558,43.5626
91.3304,44.8144
91.3304,44.8144
91.3304,44.8144
87.6378,43.8672
87.6378,43.8672
87.6378,43.8672
91.3061,45.2112
91.3061,45.2112
91.3061,45.2112
87.5188,44.8937
87.5188,44.8937
87.5188,44.8937
92.083,45.0141
92.083,45.0141
92.083,45.0141
91.1733,46.002
91.1733,46.002
91.1733,46.002
80.6134,45.1287
80.6134,45.1287
80.6134,45.1287
87.4644,45.0966
87.4644,45.0966
87.4644,45.0966
93.1159,45.7388
93.1159,45.7388
93.1159,45.7388
89.323,44.0188
89.323,44.0188
89.323,44.0188
94.3042,44.801
94.3042,44.801
94.3042,44.801
94.2757,45.8039
94.2757,45.8039
94.2757,45.8039
90.2964,45.4213
90.2964,45.4213
90.2964,45.4213
85.4542,45.7614
85.4542,45.7614
85.4542,45.7614
94.6794,45.0335
94.6794,45.0335
94.6794,45.0335
88.8608,45.3706
88.8608,45.3706
88.8608,45.3706
98.9768,43.7777
98.9768,43.7777
98.9768,43.7777
90.0505,44.6817
90.0505,44.6817
90.0505,44.6817
81.4403,44.5536
81.4403,44.5536
81.4403,44.5536
84.723,45.0435
84.723,45.0435
84.723,45.0435
95.582,43.8001
95.582,43.8001
95.582,43.8001
92.8006,45.117
92.8006,45.117
92.8006,45.117
84.5977,44.7828
84.5977,44.7828
84.5977,44.7828
98.0876,45.1757
98.0876,45.1757
98.0876,45.1757
81.8082,45.1374
81.8082,45.1374
81.8082,45.1374
89.7884,44.4518
89.7884,44.4518
89.7884,44.4518
97.0958,44.8135
97.0958,44.8135
97.0958,44.8135
99.5461,45.407
99.5461,45.407
99.5461,45.407
86.4192,44.2774
86.4192,44.2774
86.4192,44.2774
88.6483,44.923
88.6483,44.923
88.6483,44.923
80.8692,45.5684
80.8692,45.5684
80.8692,45.5684
91.9027,45.0341
91.9027,45.0341
91.9027,45.0341
89.996,44.4542
89.996,44.4542
89.996,44.4542
91.6583,44.3073
91.6583,44.3073
91.6583,44.3073
91.5127,44.3326
91.5127,44.3326
91.5127,44.3326
81.7621,45.6792
81.7621,45.6792
81.7621,45.6792
96.5202,45.9063
96.5202,45.9063
96.5202,45.9063
94.3167,45.6518
94.3167,45.6518
94.3167,45.6518
93.39,45.6085
93.39,45.6085
93.39,45.6085
86.649,44.4365
86.649,44.4365
86.649,44.4365
91.6771,45.274
91.6771,45.274
91.6771,45.274
97.2088,45.3009
97.2088,45.3009
97.2088,45.3009
91.9704,44.7144
91.9704,44.7144
91.9704,44.7144
86.6779,45.4325
86.6779,45.4325
86.6779,45.4325
93.0881,45.2042
93.0881,45.2042
93.0881,45.2042
90.9302,45.0901
90.9302,45.0901
90.9302,45.0901
94.5416,45.5297
94.5416,45.5297
94.5416,45.5297
85.0484,45.7812
85.0484,45.7812
85.0484,45.7812
99.3073,45.0292
99.3073,45.0292
99.3073,45.0292
88.307,45.1429
88.307,45.1429
88.307,45.1429
93.0322,44.9887
93.0322,44.9887
93.0322,44.9887
84.6247,45.7002
84.6247,45.7002
84.6247,45.7002
96.1332,43.924
96.1332,43.924
96.1332,43.924
86.652,44.3351
86.652,44.3351
86.652,44.3351
85.3181,44.3391
85.3181,44.3391
85.3181,44.3391
90.5276,46.6182
90.5276,46.6182
90.5276,46.6182
84.6292,45.6361
84.6292,45.6361
84.6292,45.6361
94.3247,45.3529
94.3247,45.3529
94.3247,45.3529
99.4161,44.579
99.4161,44.579
99.4161,44.579
93.203,44.5069
93.203,44.5069
93.203,44.5069
91.4754,44.373
91.4754,44.373
91.4754,44.373
92.1818,44.0242
92.1818,44.0242
92.1818,44.0242
90.8426,44.6054
90.8426,44.6054
90.8426,44.6054
94.1102,44.9405
94.1102,44.9405
94.1102,44.9405
85.5853,46.0185
85.5853,46.0185
85.5853,46.0185
93.3744,44.24
93.3744,44.24
93.3744,44.24
92.037,44.1055
92.037,44.1055
92.037,44.1055
91.8984,46.0204
91.8984,46.0204
91.8984,46.0204
85.641,45.7337
85.641,45.7337
85.641,45.7337
90.6772,45.1566
90.6772,45.1566
90.6772,45.1566
91.0208,43.3424
91.0208,43.3424
91.0208,43.3424
98.1726,44.7363
98.1726,44.7363
98.1726,44.7363
85.428,44.9004
85.428,44.9004
85.428,44.9004
88.9424,44.2278
88.9424,44.2278
88.9424,44.2278
90.6937,45.2747
90.6937,45.2747
90.6937,45.2747
94.0499,44.5652
94.0499,44.5652
94.0499,44.5652
98.3251,45.1717
98.3251,45.1717
98.3251,45.1717
94.1611,45.1141
94.1611,45.1141
94.1611,45.1141
92.8544,45.0503
92.8544,45.0503
92.8544,45.0503
93.5407,45.4962
93.5407,45.4962
93.5407,45.4962
84.2286,45.2099
84.2286,45.2099
84.2286,45.2099
97.2474,44.918
97.2474,44.918
97.2474,44.918
90.3662,44.7889
90.3662,44.7889
90.3662,44.7889
87.7805,45.3197
87.7805,45.3197
87.7805,45.3197
88.3562,44.1525
88.3562,44.1525
88.3562,44.1525
89.7552,45.4418
89.7552,45.4418
89.7552,45.4418
80.9672,45.2107
80.9672,45.2107
80.9672,45.2107
89.4174,44.3637
89.4174,44.3637
89.4174,44.3637
95.4331,45.5869
95.4331,45.5869
95.4331,45.5869
97.6215,45.1064
97.6215,45.1064
97.6215,45.1064
86.582,43.6626
86.582,43.6626
86.582,43.6626
86.1994,44.8971
86.1994,44.8971
86.1994,44.8971
92.4781,45.4732
92.4781,45.4732
92.4781,45.4732
95.4103,44.5493
95.4103,44.5493
95.4103,44.5493
84.0846,45.135
84.0846,45.135
84.0846,45.135
93.7338,44.9717
93.7338,44.9717
93.7338,44.9717
86.4344,45.6384
86.4344,45.6384
86.4344,45.6384
98.2398,44.7109
98.2398,44.7109
98.2398,44.7109
85.9381,44.9083
85.9381,44.9083
85.9381,44.9083
84.5396,45.0712
84.5396,45.0712
84.5396,45.0712
89.6795,45.3643
89.6795,45.3643
89.6795,45.3643
85.0639,45.2356
85.0639,45.2356
85.0639,45.2356
90.0596,46.1283
90.0596,46.1283
90.0596,46.1283
94.8581,44.4656
94.8581,44.4656
94.8581,44.4656
86.5187,44.5195
86.5187,44.5195
86.5187,44.5195
94.2267,45.1673
94.2267,45.1673
94.2267,45.1673
87.0462,46.6332
87.0462,46.6332
87.0462,46.6332
77.4075,44.6641
77.4075,44.6641
77.4075,44.6641
89.3292,44.5025
89.3292,44.5025
89.3292,44.5025
92.0048,44.9892
92.0048,44.9892
92.0048,44.9892
89.7113,44.5618
89.7113,44.5618
89.7113,44.5618
100.0696,45.8463
100.0696,45.8463
100.0696,45.8463
98.4173,44.9074
98.4173,44.9074
98.4173,44.9074
97.5697,44.6885
97.5697,44.6885
97.5697,44.6885
89.5503,44.8505
89.5503,44.8505
89.5503,44.8505
91.7581,45.0323
91.7581,45.0323
91.7581,45.0323
84.7739,44.7562
84.7739,44.7562
84.7739,44.7562
87.1105,44.557
87.1105,44.557
87.1105,44.557
89.2983,46.0222
89.2983,46.0222
89.2983,46.0222
87.485,44.3058
87.485,44.3058
87.485,44.3058
84.7312,44.6557
84.7312,44.6557
84.7312,44.6557
86.0629,44.9818
86.0629,44.9818
86.0629,44.9818
93.2007,45.9974
93.2007,45.9974
93.2007,45.9974
96.2671,45.2763
96.2671,45.2763
96.2671,45.2763
87.9066,45.3021
87.9066,45.3021
87.9066,45.3021
96.9154,44.8401
96.9154,44.8401
96.9154,44.8401
92.7673,45.2909
92.7673,45.2909
92.7673,45.2909
81.4531,45.9955
81.4531,45.9955
81.4531,45.9955
96.1903,45.3527
96.1903,45.3527
96.1903,45.3527
78.6768,45.3088
78.6768,45.3088
78.6768,45.3088
96.6378,46.0228
96.6378,46.0228
96.6378,46.0228
86.8742,44.6956
86.8742,44.6956
86.8742,44.6956
87.9485,43.8246
87.9485,43.8246
87.9485,43.8246
96.607,44.8986
96.607,44.8986
96.607,44.8986
91.0776,45.3905
91.0776,45.3905
91.0776,45.3905
94.0805,46.16
94.0805,46.16
94.0805,46.16
94.2983,46.106
94.2983,46.106
94.2983,46.106
93.8539,45.3859
93.8539,45.3859
93.8539,45.3859
84.6287,44.9497
84.6287,44.9497
84.6287,44.9497
95.1121,45.2171
95.1121,45.2171
95.1121,45.2171
86.7665,45.2422
86.7665,45.2422
86.7665,45.2422
89.801,45.351
89.801,45.351
89.801,45.351
87.2447,46.158
87.2447,46.158
87.2447,46.158
90.3323,45.4986
90.3323,45.4986
90.3323,45.4986
91.9137,44.8352
91.9137,44.8352
91.9137,44.8352
84.7431,44.8353
84.7431,44.8353
84.7431,44.8353
102.3547,46.2637
102.3547,46.2637
102.3547,46.2637
94.1218,45.8591
94.1218,45.8591
94.1218,45.8591
85.8837,45.3875
85.8837,45.3875
85.8837,45.3875
82.342,45.1889
82.342,45.1889
82.342,45.1889
86.4506,45.2115
86.4506,45.2115
86.4506,45.2115
87.8778,45.7311
87.8778,45.7311
87.8778,45.7311
91.0162,44.8817
91.0162,44.8817
91.0162,44.8817
93.4941,45.6132
93.4941,45.6132
93.4941,45.6132
86.9533,44.3733
86.9533,44.3733
86.9533,44.3733
94.1032,44.7552
94.1032,44.7552
94.1032,44.7552
89.7962,44.069
89.7962,44.069
89.7962,44.069
87.8386,44.7466
87.8386,44.7466
87.8386,44.7466
95.2364,44.6518
95.2364,44.6518
95.2364,44.6518
85.6892,45.2539
85.6892,45.2539
85.6892,45.2539
91.5734,44.7406
91.5734,44.7406
91.5734,44.7406
86.3294,45.4251
86.3294,45.4251
86.3294,45.4251
93.9599,44.6786
93.9599,44.6786
93.9599,44.6786
89.7084,44.0306
89.7084,44.0306
89.7084,44.0306
89.4523,44.8411
89.4523,44.8411
89.4523,44.8411
93.702,44.2139
93.702,44.2139
93.702,44.2139
94.5872,45.1724
94.5872,45.1724
94.5872,45.1724
88.34,44.9359
88.34,44.9359
88.34,44.9359
94.4615,45.2351
94.4615,45.2351
94.4615,45.2351
85.0437,44.5359
85.0437,44.5359
85.0437,44.5359
96.1437,45.2667
96.1437,45.2667
96.1437,45.2667
86.9647,45.9058
86.9647,45.9058
86.9647,45.9058
97.7969,45.0274
97.7969,45.0274
97.7969,45.0274
92.5221,45.0966
92.5221,45.0966
92.5221,45.0966
87.4107,45.7017
87.4107,45.7017
87.4107,45.7017
91.6459,44.3327
91.6459,44.3327
91.6459,44.3327
91.361,44.7137
91.361,44.7137
91.361,44.7137
92.8066,44.8468
92.8066,44.8468
92.8066,44.8468
91.593,45.3403
91.593,45.3403
91.593,45.3403
88.062,44.1037
88.062,44.1037
88.062,44.1037
85.0117,45.2487
85.0117,45.2487
85.0117,45.2487
92.9549,45.9705
92.9549,45.9705
92.9549,45.9705
84.9354,44.6922
84.9354,44.6922
84.9354,44.6922
88.8859,45.2535
88.8859,45.2535
88.8859,45.2535
90.917,44.2131
90.917,44.2131
90.917,44.2131
92.9518,45.6206
92.9518,45.6206
92.9518,45.6206
87.552,45.5608
87.552,45.5608
87.552,45.5608
89.5063,45.4878
89.5063,45.4878
89.5063,45.4878
89.8496,45.3447
89.8496,45.3447
89.8496,45.3447
95.4535,44.7294
95.4535,44.7294
95.4535,44.7294
92.8977,45.9104
92.8977,45.9104
92.8977,45.9104
88.4075,43.9594
88.4075,43.9594
88.4075,43.9594
95.2941,45.7241
95.2941,45.7241
95.2941,45.7241
94.0065,44.2796
94.0065,44.2796
94.0065,44.2796
91.4973,45.403
91.4973,45.403
91.4973,45.403
90.9927,44.7585
90.9927,44.7585
90.9927,44.7585
86.8594,45.6183
86.8594,45.6183
86.8594,45.6183
86.1391,44.0842
86.1391,44.0842
86.1391,44.0842
90.4289,45.4389
90.4289,45.4389
90.4289,45.4389
90.0572,45.6369
90.0572,45.6369
90.0572,45.6369
85.7772,45.9149
85.7772,45.9149
85.7772,45.9149
87.9617,46.2656
87.9617,46.2656
87.9617,46.2656
94.6253,46.8472
94.6253,46.8472
94.6253,46.8472
88.5958,44.9837
88.5958,44.9837
88.5958,44.9837
89.8964,44.8049
89.8964,44.8049
89.8964,44.8049
88.4843,45.3915
88.4843,45.3915
88.4843,45.3915
87.4513,44.7695
87.4513,44.7695
87.4513,44.7695
99.5669,43.8384
99.5669,43.8384
99.5669,43.8384
85.858,46.03
85.858,46.03
85.858,46.03
81.4463,45.7698
81.4463,45.7698
81.4463,45.7698
83.2015,45.1847
83.2015,45.1847
83.2015,45.1847
92.2195,45.6418
92.2195,45.6418
92.2195,45.6418
86.5857,44.8718
86.5857,44.8718
86.5857,44.8718
92.8896,44.5633
92.8896,44.5633
92.8896,44.5633
89.7151,44.5941
89.7151,44.5941
89.7151,44.5941
89.6319,44.573
89.6319,44.573
89.6319,44.573
93.2259,45.3332
93.2259,45.3332
93.2259,45.3332
77.3074,44.5801
77.3074,44.5801
77.3074,44.5801
84.7394,44.3607
84.7394,44.3607
84.7394,44.3607
95.2587,46.2359
95.2587,46.2359
95.2587,46.2359
96.0899,44.7592
96.0899,44.7592
96.0899,44.7592
90.9167,44.0369
90.9167,44.0369
90.9167,44.0369
87.2027,44.7569
87.2027,44.7569
87.2027,44.7569
87.5198,43.3232
87.5198,43.3232
87.5198,43.3232
87.0448,44.7801
87.0448,44.7801
87.0448,44.7801
78.7181,45.4398
78.7181,45.4398
78.7181,45.4398
90.6477,46.826
90.6477,46.826
90.6477,46.826
87.1553,44.3886
87.1553,44.3886
87.1553,44.3886
80.4892,45.2135
80.4892,45.2135
80.4892,45.2135
86.5797,44.9552
86.5797,44.9552
86.5797,44.9552
94.7786,45.2887
94.7786,45.2887
94.7786,45.2887
89.077,45.4172
89.077,45.4172
89.077,45.4172
82.8261,44.7475
82.8261,44.7475
82.8261,44.7475
87.593,45.9759
87.593,45.9759
87.593,45.9759
94.6999,45.0225
94.6999,45.0225
94.6999,45.0225
96.4487,44.5896
96.4487,44.5896
96.4487,44.5896
89.0246,44.7308
89.0246,44.7308
89.0246,44.7308
92.0436,44.5346
92.0436,44.5346
92.0436,44.5346
85.686,44.7326
85.686,44.7326
85.686,44.7326
86.5704,45.1695
86.5704,45.1695
86.5704,45.1695
87.3831,44.4547
87.3831,44.4547
87.3831,44.4547
92.3981,46.2077
92.3981,46.2077
92.3981,46.2077
96.9384,44.4085
96.9384,44.4085
96.9384,44.4085
86.1312,45.4399
86.1312,45.4399
86.1312,45.4399
80.7749,45.31
80.7749,45.31
80.7749,45.31
83.9551,44.2507
83.9551,44.2507
83.9551,44.2507
81.4726,43.9449
81.4726,43.9449
81.4726,43.9449
89.5929,44.8599
89.5929,44.8599
89.5929,44.8599
93.8412,44.513
93.8412,44.513
93.8412,44.513
92.3705,45.4301
92.3705,45.4301
92.3705,45.4301
93.699,44.7175
93.699,44.7175
93.699,44.7175
91.0543,45.0178
91.0543,45.0178
91.0543,45.0178
92.7403,43.6948
92.7403,43.6948
92.7403,43.6948
91.5565,44.1841
91.5565,44.1841
91.5565,44.1841
94.0476,44.4569
94.0476,44.4569
94.0476,44.4569
93.0004,44.703
93.0004,44.703
93.0004,44.703
85.7284,45.8505
85.7284,45.8505
85.7284,45.8505
90.0721,45.5361
90.0721,45.5361
90.0721,45.5361
97.576,45.956
97.576,45.956
97.576,45.956
91.1589,44.8158
91.1589,44.8158
91.1589,44.8158
91.7252,44.9884
91.7252,44.9884
91.7252,44.9884
90.9761,45.0085
90.9761,45.0085
90.9761,45.0085
89.3463,45.5821
89.3463,45.5821
89.3463,45.5821
95.2499,44.1949
95.2499,44.1949
95.2499,44.1949
87.685,45.3942
87.685,45.3942
87.685,45.3942
90.8385,44.7425
90.8385,44.7425
90.8385,44.7425
102.0675,44.6454
102.0675,44.6454
102.0675,44.6454
89.4185,45.3133
89.4185,45.3133
89.4185,45.3133
86.7717,45.1962
86.7717,45.1962
86.7717,45.1962
92.5955,44.5885
92.5955,44.5885
92.5955,44.5885
88.3949,44.3736
88.3949,44.3736
88.3949,44.3736
88.6524,45.4544
88.6524,45.4544
88.6524,45.4544
90.3419,44.2868
90.3419,44.2868
90.3419,44.2868
91.6315,45.1646
91.6315,45.1646
91.6315,45.1646
92.2127,45.088
92.2127,45.088
92.2127,45.088
91.299,45.2495
91.299,45.2495
91.299,45.2495
92.4139,45.1621
92.4139,45.1621
92.4139,45.1621
87.112,45.5317
87.112,45.5317
87.112,45.5317
86.575,45.6936
86.575,45.6936
86.575,45.6936
94.0018,44.184
94.0018,44.184
94.0018,44.184
90.3968,45.3055
90.3968,45.3055
90.3968,45.3055
93.6486,45.2145
93.6486,45.2145
93.6486,45.2145
84.2237,45.7062
84.2237,45.7062
84.2237,45.7062
89.9263,45.1091
89.9263,45.1091
89.9263,45.1091
96.5838,46.0174
96.5838,46.0174
96.5838,46.0174
91.9031,46.0953
91.9031,46.0953
91.9031,46.0953
96.9992,44.4667
96.9992,44.4667
96.9992,44.4667
94.8787,44.95
94.8787,44.95
94.8787,44.95
96.9357,44.8565
96.9357,44.8565
96.9357,44.8565
95.7158,44.6366
95.7158,44.6366
95.7158,44.6366
95.8429,44.1247
95.8429,44.1247
95.8429,44.1247
90.4897,45.0045
90.4897,45.0045
90.4897,45.0045
83.3816,45.7008
83.3816,45.7008
83.3816,45.7008
84.8462,45.0765
84.8462,45.0765
84.8462,45.0765
80.2593,45.3001
80.2593,45.3001
80.2593,45.3001
85.6534,44.194
85.6534,44.194
85.6534,44.194
91.8607,45.1506
91.8607,45.1506
91.8607,45.1506
88.9657,45.4334
88.9657,45.4334
88.9657,45.4334
84.8083,45.3984
84.8083,45.3984
84.8083,45.3984
96.5526,43.8643
96.5526,43.8643
96.5526,43.8643
93.8435,46.1424
93.8435,46.1424
93.8435,46.1424
97.1477,44.9458
97.1477,44.9458
97.1477,44.9458
91.7145,44.6429
91.7145,44.6429
91.7145,44.6429
84.401,44.6145
84.401,44.6145
84.401,44.6145
88.6211,45.5896
88.6211,45.5896
88.6211,45.5896
98.129,44.7162
98.129,44.7162
98.129,44.7162
94.8274,45.2843
94.8274,45.2843
94.8274,45.2843
91.928,44.797
91.928,44.797
91.928,44.797
82.8995,45.4816
82.8995,45.4816
82.8995,45.4816
91.1997,44.5281
91.1997,44.5281
91.1997,44.5281
96.8849,45.1957
96.8849,45.1957
96.8849,45.1957
89.4388,44.5941
89.4388,44.5941
89.4388,44.5941
84.427,45.7537
84.427,45.7537
84.427,45.7537
84.3787,45.3155
84.3787,45.3155
84.3787,45.3155
81.6175,44.8275
81.6175,44.8275
81.6175,44.8275
94.8851,44.2686
94.8851,44.2686
94.8851,44.2686
83.175,43.9463
83.175,43.9463
83.175,43.9463
82.4071,45.4265
82.4071,45.4265
82.4071,45.4265
85.3325,45.2332
85.3325,45.2332
85.3325,45.2332
88.7543,45.8203
88.7543,45.8203
88.7543,45.8203
84.7151,45.5467
84.7151,45.5467
84.7151,45.5467
90.5766,45.2589
90.5766,45.2589
90.5766,45.2589
93.7902,44.9806
93.7902,44.9806
93.7902,44.9806
88.7834,45.6059
88.7834,45.6059
88.7834,45.6059
85.4855,44.2921
85.4855,44.2921
85.4855,44.2921
90.95,44.7669
90.95,44.7669
90.95,44.7669
94.2337,45.3637
94.2337,45.3637
94.2337,45.3637
81.7742,45.482
81.7742,45.482
81.7742,45.482
88.2356,45.2344
88.2356,45.2344
88.2356,45.2344
95.81,45.209
95.81,45.209
95.81,45.209
94.2127,44.6735
94.2127,44.6735
94.2127,44.6735
80.8817,45.0871
80.8817,45.0871
80.8817,45.0871
96.4456,44.7143
96.4456,44.7143
96.4456,44.7143
95.5541,45.6301
95.5541,45.6301
95.5541,45.6301
84.3997,44.9928
84.3997,44.9928
84.3997,44.9928
91.31,45.2801
91.31,45.2801
91.31,45.2801
82.7802,45.4886
82.7802,45.4886
82.7802,45.4886
102.5203,44.865
102.5203,44.865
102.5203,44.865
80.4533,45.1086
80.4533,45.1086
80.4533,45.1086
89.9158,44.94
89.9158,44.94
89.9158,44.94
86.4418,44.756
86.4418,44.756
86.4418,44.756
87.7514,45.3274
87.7514,45.3274
87.7514,45.3274
97.458,45.6454
97.458,45.6454
97.458,45.6454
85.6917,43.8349
85.6917,43.8349
85.6917,43.8349
89.2545,44.8374
89.2545,44.8374
89.2545,44.8374
102.4402,45.9216
102.4402,45.9216
102.4402,45.9216
88.2888,44.7538
88.2888,44.7538
88.2888,44.7538
92.8207,43.5933
92.8207,43.5933
92.8207,43.5933
85.5237,45.0978
85.5237,45.0978
85.5237,45.0978
90.905,45.8708
90.905,45.8708
90.905,45.8708
99.412,44.7761
99.412,44.7761
99.412,44.7761
89.4911,45.5512
89.4911,45.5512
89.4911,45.5512
88.5181,44.421
88.5181,44.421
88.5181,44.421
84.6954,44.8131
84.6954,44.8131
84.6954,44.8131
85.9001,44.2739
85.9001,44.2739
85.9001,44.2739
85.0159,44.6798
85.0159,44.6798
85.0159,44.6798
93.5484,45.3505
93.5484,45.3505
93.5484,45.3505
87.7546,45.4326
87.7546,45.4326
87.7546,45.4326
101.0038,44.726
101.0038,44.726
101.0038,44.726
80.0484,44.8816
80.0484,44.8816
80.0484,44.8816
89.1213,44.8033
89.1213,44.8033
89.1213,44.8033
94.6734,44.7437
94.6734,44.7437
94.6734,44.7437
89.8295,45.6516
89.8295,45.6516
89.8295,45.6516
92.8426,45.3244
92.8426,45.3244
92.8426,45.3244
88.0498,46.0051
88.0498,46.0051
88.0498,46.0051
87.6214,44.9543
87.6214,44.9543
87.6214,44.9543
87.0498,43.5903
87.0498,43.5903
87.0498,43.5903
91.0647,45.3934
91.0647,45.3934
91.0647,45.3934
93.078,44.4172
93.078,44.4172
93.078,44.4172
92.2607,44.0947
92.2607,44.0947
92.2607,44.0947
99.562,44.6159
99.562,44.6159
99.562,44.6159
100.7482,43.9053
100.7482,43.9053
100.7482,43.9053
98.088,44.7561
98.088,44.7561
98.088,44.7561
90.6908,45.5057
90.6908,45.5057
90.6908,45.5057
87.2177,44.771
87.2177,44.771
87.2177,44.771
94.9008,44.4687
94.9008,44.4687
94.9008,44.4687
74.7563,45.3288
74.7563,45.3288
74.7563,45.3288
97.6419,45.6522
97.6419,45.6522
97.6419,45.6522
88.7405,44.3991
88.7405,44.3991
88.7405,44.3991
85.3643,43.4342
85.3643,43.4342
85.3643,43.4342
78.0717,44.9742
78.0717,44.9742
78.0717,44.9742
87.3161,44.8658
87.3161,44.8658
87.3161,44.8658
91.5679,44.9351
91.5679,44.9351
91.5679,44.9351
86.0725,44.7647
86.0725,44.7647
86.0725,44.7647
86.1805,44.3295
86.1805,44.3295
86.1805,44.3295
82.6118,45.3543
82.6118,45.3543
82.6118,45.3543
88.693,44.9593
88.693,44.9593
88.693,44.9593
88.1105,45.1905
88.1105,45.1905
88.1105,45.1905
96.5037,44.936
96.5037,44.936
96.5037,44.936
91.9167,43.7772
91.9167,43.7772
91.9167,43.7772
87.6958,44.9303
87.6958,44.9303
87.6958,44.9303
85.5184,44.9766
85.5184,44.9766
85.5184,44.9766
92.4411,45.0228
92.4411,45.0228
92.4411,45.0228
87.5168,45.4834
87.5168,45.4834
87.5168,45.4834
80.048,45.452
80.048,45.452
80.048,45.452
84.3088,45.4941
84.3088,45.4941
84.3088,45.4941
89.9865,46.5825
89.9865,46.5825
89.9865,46.5825
82.4876,45.5554
82.4876,45.5554
82.4876,45.5554
91.5188,44.827
91.5188,44.827
91.5188,44.827
82.1135,45.9412
82.1135,45.9412
82.1135,45.9412
91.6659,45.1454
91.6659,45.1454
91.6659,45.1454
90.9793,45.7492
90.9793,45.7492
90.9793,45.7492
86.4978,46.052
86.4978,46.052
86.4978,46.052
92.0293,44.176
92.0293,44.176
92.0293,44.176
92.9839,45.6409
92.9839,45.6409
92.9839,45.6409
89.3384,45.5533
89.3384,45.5533
89.3384,45.5533
90.721,45.4406
90.721,45.4406
90.721,45.4406
89.8353,43.9682
89.8353,43.9682
89.8353,43.9682
91.5593,45.6622
91.5593,45.6622
91.5593,45.6622
91.8303,44.3172
91.8303,44.3172
91.8303,44.3172
95.6444,44.3624
95.6444,44.3624
95.6444,44.3624
95.7514,44.2772
95.7514,44.2772
95.7514,44.2772
90.6253,44.2828
90.6253,44.2828
90.6253,44.2828
93.6576,46.278
93.6576,46.278
93.6576,46.278
94.7163,44.9896
94.7163,44.9896
94.7163,44.9896
94.7966,43.958
94.7966,43.958
94.7966,43.958
95.2291,45.2163
95.2291,45.2163
95.2291,45.2163
86.256,45.9256
86.256,45.9256
86.256,45.9256
97.7807,44.9161
97.7807,44.9161
97.7807,44.9161
94.6693,45.0042
94.6693,45.0042
94.6693,45.0042
88.4471,45.2856
88.4471,45.2856
88.4471,45.2856
93.0067,45.2207
93.0067,45.2207
93.0067,45.2207
95.0404,45.1318
95.0404,45.1318
95.0404,45.1318
73.6026,44.663
73.6026,44.663
73.6026,44.663
89.8991,44.1077
89.8991,44.1077
89.8991,44.1077
88.8351,45.2127
88.8351,45.2127
88.8351,45.2127
94.3181,45.0009
94.3181,45.0009
94.3181,45.0009
87.1486,44.1901
87.1486,44.1901
87.1486,44.1901
91.7526,44.8268
91.7526,44.8268
91.7526,44.8268
85.4075,44.9878
85.4075,44.9878
85.4075,44.9878
90.475,44.472
90.475,44.472
90.475,44.472
90.6604,44.2832
90.6604,44.2832
90.6604,44.2832
83.6652,45.0093
83.6652,45.0093
83.6652,45.0093
96.0082,45.6774
96.0082,45.6774
96.0082,45.6774
90.8658,44.9948
90.8658,44.9948
90.8658,44.9948
85.1124,46.0277
85.1124,46.0277
85.1124,46.0277
89.8981,44.9769
89.8981,44.9769
89.8981,44.9769
81.8772,45.8225
81.8772,45.8225
81.8772,45.8225
87.6314,44.7569
87.6314,44.7569
87.6314,44.7569
89.4219,45.4518
89.4219,45.4518
89.4219,45.4518
94.4241,44.3609
94.4241,44.3609
94.4241,44.3609
89.7455,44.868
89.7455,44.868
89.7455,44.868
92.9289,45.3063
92.9289,45.3063
92.9289,45.3063
102.2288,44.661
102.2288,44.661
102.2288,44.661
81.8872,44.3744
81.8872,44.3744
81.8872,44.3744
96.3877,44.5907
96.3877,44.5907
96.3877,44.5907
79.1963,44.9824
79.1963,44.9824
79.1963,44.9824
86.6715,44.9168
86.6715,44.9168
86.6715,44.9168
91.961,43.5521
91.961,43.5521
91.961,43.5521
89.7998,44.9852
89.7998,44.9852
89.7998,44.9852
89.9694,46.3615
89.9694,46.3615
89.9694,46.3615
87.7087,45.3596
87.7087,45.3596
87.7087,45.3596
93.8738,44.2388
93.8738,44.2388
93.8738,44.2388
80.504,45.1148
80.504,45.1148
80.504,45.1148
92.0836,45.1394
92.0836,45.1394
92.0836,45.1394
90.614,44.9154
90.614,44.9154
90.614,44.9154
88.0086,46.112
88.0086,46.112
88.0086,46.112
89.2607,44.3694
89.2607,44.3694
89.2607,44.3694
91.6562,44.7225
91.6562,44.7225
91.6562,44.7225
88.031,45.5285
88.031,45.5285
88.031,45.5285
83.6301,44.4011
83.6301,44.4011
83.6301,44.4011
86.8013,45.2337
86.8013,45.2337
86.8013,45.2337
89.1106,43.7398
89.1106,43.7398
89.1106,43.7398
86.5221,45.4066
86.5221,45.4066
86.5221,45.4066
87.1875,44.7544
87.1875,44.7544
87.1875,44.7544
90.7282,45.2218
90.7282,45.2218
90.7282,45.2218
86.5937,45.1794
86.5937,45.1794
86.5937,45.1794
89.9343,45.8762
89.9343,45.8762
89.9343,45.8762
92.3547,44.3671
92.3547,44.3671
92.3547,44.3671
90.8595,44.4239
90.8595,44.4239
90.8595,44.4239
103.5925,45.0294
103.5925,45.0294
103.5925,45.0294
89.5091,46.272
89.5091,46.272
89.5091,46.272
90.7839,45.4638
90.7839,45.4638
90.7839,45.4638
89.9947,44.8525
89.9947,44.8525
89.9947,44.8525
90.3268,44.0671
90.3268,44.0671
90.3268,44.0671
94.1448,45.2078
94.1448,45.2078
94.1448,45.2078
96.3947,44.1467
96.3947,44.1467
96.3947,44.1467
97.6636,44.5153
97.6636,44.5153
97.6636,44.5153
101.7936,45.2613
101.7936,45.2613
101.7936,45.2613
90.1837,43.8583
90.1837,43.8583
90.1837,43.8583
82.3755,46.1211
82.3755,46.1211
82.3755,46.1211
86.2214,45.8356
86.2214,45.8356
86.2214,45.8356
89.3951,45.2099
89.3951,45.2099
89.3951,45.2099
89.2523,46.0544
89.2523,46.0544
89.2523,46.0544
94.7191,44.6682
94.7191,44.6682
94.7191,44.6682
88.8552,44.7504
88.8552,44.7504
88.8552,44.7504
90.8518,44.2371
90.8518,44.2371
90.8518,44.2371
89.7035,44.8228
89.7035,44.8228
89.7035,44.8228
88.5127,44.0961
88.5127,44.0961
88.5127,44.0961
83.1899,45.5354
83.1899,45.5354
83.1899,45.5354
89.7399,44.6914
89.7399,44.6914
89.7399,44.6914
86.0101,44.4872
86.0101,44.4872
86.0101,44.4872
84.0939,45.2073
84.0939,45.2073
84.0939,45.2073
88.4853,43.4192
88.4853,43.4192
88.4853,43.4192
85.753,44.5579
85.753,44.5579
85.753,44.5579
96.5845,44.4524
96.5845,44.4524
96.5845,44.4524
88.6647,44.3922
88.6647,44.3922
88.6647,44.3922
85.8635,44.3029
85.8635,44.3029
85.8635,44.3029
99.2846,46.123
99.2846,46.123
99.2846,46.123
85.0203,43.9406
85.0203,43.9406
85.0203,43.9406
88.5421,43.6903
88.5421,43.6903
88.5421,43.6903
87.425,44.5138
87.425,44.5138
87.425,44.5138
84.4159,45.5534
84.4159,45.5534
84.4159,45.5534
92.4439,45.7266
92.4439,45.7266
92.4439,45.7266
96.4904,45.3162
96.4904,45.3162
96.4904,45.3162
80.9461,46.3526
80.9461,46.3526
80.9461,46.3526
99.4612,46.2057
99.4612,46.2057
99.4612,46.2057
86.038,45.4752
86.038,45.4752
86.038,45.4752
78.4464,44.001
78.4464,44.001
78.4464,44.001
89.3562,45.0506
89.3562,45.0506
89.3562,45.0506
90.9798,44.031
90.9798,44.031
90.9798,44.031
101.7456,44.923
101.7456,44.923
101.7456,44.923
87.3563,46.4335
87.3563,46.4335
87.3563,46.4335
96.5134,45.7036
96.5134,45.7036
96.5134,45.7036
95.8678,45.4889
95.8678,45.4889
95.8678,45.4889
90.0214,43.9234
90.0214,43.9234
90.0214,43.9234
94.3202,45.9814
94.3202,45.9814
94.3202,45.9814
94.593,45.3753
94.593,45.3753
94.593,45.3753
95.111,46.0806
95.111,46.0806
95.111,46.0806
91.5929,46.6696
91.5929,46.6696
91.5929,46.6696
87.7273,44.8139
87.7273,44.8139
87.7273,44.8139
96.2688,44.5664
96.2688,44.5664
96.2688,44.5664
100.4238,45.0448
100.4238,45.0448
100.4238,45.0448
79.171,45.7071
79.171,45.7071
79.171,45.7071
87.0628,45.4516
87.0628,45.4516
87.0628,45.4516
92.6659,45.1624
92.6659,45.1624
92.6659,45.1624
90.9754,45.4569
90.9754,45.4569
90.9754,45.4569
85.1447,45.2547
85.1447,45.2547
85.1447,45.2547
83.5706,44.873
83.5706,44.873
83.5706,44.873
98.3002,44.623
98.3002,44.623
98.3002,44.623
93.3182,45.035
93.3182,45.035
93.3182,45.035
92.8294,44.1761
92.8294,44.1761
92.8294,44.1761
95.6251,44.5054
95.6251,44.5054
95.6251,44.5054
88.2338,45.3413
88.2338,45.3413
88.2338,45.3413
95.3531,46.3204
95.3531,46.3204
95.3531,46.3204
88.6343,45.8546
88.6343,45.8546
88.6343,45.8546
93.5269,44.9097
93.5269,44.9097
93.5269,44.9097
86.9759,44.749
86.9759,44.749
86.9759,44.749
94.2755,46.3874
94.2755,46.3874
94.2755,46.3874
77.8025,44.5659
77.8025,44.5659
77.8025,44.5659
86.0174,44.6127
86.0174,44.6127
86.0174,44.6127
86.3457,44.2987
86.3457,44.2987
86.3457,44.2987
82.8319,46.3635
82.8319,46.3635
82.8319,46.3635
94.6685,44.6316
94.6685,44.6316
94.6685,44.6316
89.3018,45.0645
89.3018,45.0645
89.3018,45.0645
89.2379,44.9402
89.2379,44.9402
89.2379,44.9402
90.9467,44.7579
90.9467,44.7579
90.9467,44.7579
86.2486,45.6008
86.2486,45.6008
86.2486,45.6008
85.2694,45.6322
85.2694,45.6322
85.2694,45.6322
87.3174,44.0937
87.3174,44.0937
87.3174,44.0937
93.4719,45.1912
93.4719,45.1912
93.4719,45.1912
82.886,45.0024
82.886,45.0024
82.886,45.0024
88.901,44.6921
88.901,44.6921
88.901,44.6921
91.3857,46.3847
91.3857,46.3847
91.3857,46.3847
82.8021,45.0767
82.8021,45.0767
82.8021,45.0767
93.2044,46.0918
93.2044,46.0918
93.2044,46.0918
91.6884,45.7162
91.6884,45.7162
91.6884,45.7162
92.2733,45.6602
92.2733,45.6602
92.2733,45.6602
96.3106,44.7033
96.3106,44.7033
96.3106,44.7033
90.5866,45.785
90.5866,45.785
90.5866,45.785
86.5914,45.6418
86.5914,45.6418
86.5914,45.6418
90.9241,44.8699
90.9241,44.8699
90.9241,44.8699
92.9309,46.5952
92.9309,46.5952
92.9309,46.5952
86.1636,44.6656
86.1636,44.6656
86.1636,44.6656
88.3749,45.1742
88.3749,45.1742
88.3749,45.1742
90.7564,45.8452
90.7564,45.8452
90.7564,45.8452
89.9783,45.0817
89.9783,45.0817
89.9783,45.0817
93.9543,45.2396
93.9543,45.2396
93.9543,45.2396
94.342,45.6603
94.342,45.6603
94.342,45.6603
88.0557,45.2217
88.0557,45.2217
88.0557,45.2217
99.0871,45.0483
99.0871,45.0483
99.0871,45.0483
88.1832,45.1747
88.1832,45.1747
88.1832,45.1747
92.9741,46.1919
92.9741,46.1919
92.9741,46.1919
89.8553,44.8694
89.8553,44.8694
89.8553,44.8694
79.8524,46.8973
79.8524,46.8973
79.8524,46.8973
87.924,45.7728
87.924,45.7728
87.924,45.7728
85.877,45.0611
85.877,45.0611
85.877,45.0611
87.7269,45.0389
87.7269,45.0389
87.7269,45.0389
89.713,44.4309
89.713,44.4309
89.713,44.4309
90.9798,45.1023
90.9798,45.1023
90.9798,45.1023
88.1223,44.1516
88.1223,44.1516
88.1223,44.1516
80.7088,46.2672
80.7088,46.2672
80.7088,46.2672
90.0212,46.21
90.0212,46.21
90.0212,46.21
92.2619,45.2402
92.2619,45.2402
92.2619,45.2402
94.3602,45.1067
94.3602,45.1067
94.3602,45.1067
83.195,45.4725
83.195,45.4725
83.195,45.4725
95.0196,45.3951
95.0196,45.3951
95.0196,45.3951
94.6465,44.8701
94.6465,44.8701
94.6465,44.8701
85.7023,45.2585
85.7023,45.2585
85.7023,45.2585
93.8145,45.3439
93.8145,45.3439
93.8145,45.3439
89.7126,45.2361
89.7126,45.2361
89.7126,45.2361
84.5743,45.0213
84.5743,45.0213
84.5743,45.0213
85.0486,46.1372
85.0486,46.1372
85.0486,46.1372
87.315,45.5675
87.315,45.5675
87.315,45.5675
98.781,44.1987
98.781,44.1987
98.781,44.1987
95.2585,43.9596
95.2585,43.9596
95.2585,43.9596
87.1395,44.9677
87.1395,44.9677
87.1395,44.9677
98.2627,44.0092
98.2627,44.0092
98.2627,44.0092
86.5705,45.0967
86.5705,45.0967
86.5705,45.0967
96.8988,46.301
96.8988,46.301
96.8988,46.301
100.159,44.4726
100.159,44.4726
100.159,44.4726
86.0608,44.5029
86.0608,44.5029
86.0608,44.5029
91.1005,45.5645
91.1005,45.5645
91.1005,45.5645
97.3137,44.8633
97.3137,44.8633
97.3137,44.8633
95.453,45.9438
95.453,45.9438
95.453,45.9438
87.0166,44.8683
87.0166,44.8683
87.0166,44.8683
85.5077,43.4998
85.5077,43.4998
85.5077,43.4998
88.85,44.411
88.85,44.411
88.85,44.411
94.2679,44.7123
94.2679,44.7123
94.2679,44.7123
81.7756,43.7983
81.7756,43.7983
81.7756,43.7983
91.7295,45.8432
91.7295,45.8432
91.7295,45.8432
88.8755,44.7387
88.8755,44.7387
88.8755,44.7387
85.0058,44.8679
85.0058,44.8679
85.0058,44.8679
86.5802,45.325
86.5802,45.325
86.5802,45.325
97.3035,44.179
97.3035,44.179
97.3035,44.179
102.1892,45.1941
102.1892,45.1941
102.1892,45.1941
94.5559,45.5239
94.5559,45.5239
94.5559,45.5239
98.89,44.163
98.89,44.163
98.89,44.163
88.9787,45.547
88.9787,45.547
88.9787,45.547
86.3465,44.9444
86.3465,44.9444
86.3465,44.9444
104.256,45.0284
104.256,45.0284
104.256,45.0284
91.3545,44.7164
91.3545,44.7164
91.3545,44.7164
90.2143,45.1489
90.2143,45.1489
90.2143,45.1489
86.2174,44.9546
86.2174,44.9546
86.2174,44.9546
93.8189,46.1382
93.8189,46.1382
93.8189,46.1382
93.9441,45.1839
93.9441,45.1839
93.9441,45.1839
90.4081,44.3003
90.4081,44.3003
90.4081,44.3003
92.8776,44.0348
92.8776,44.0348
92.8776,44.0348
93.6618,45.7949
93.6618,45.7949
93.6618,45.7949
92.6229,44.9261
92.6229,44.9261
92.6229,44.9261
90.9508,45.3721
90.9508,45.3721
90.9508,45.3721
84.4783,44.714
84.4783,44.714
84.4783,44.714
94.8234,44.7715
94.8234,44.7715
94.8234,44.7715
85.5729,44.5238
85.5729,44.5238
85.5729,44.5238
91.4277,45.454
91.4277,45.454
91.4277,45.454
81.4378,45.2479
81.4378,45.2479
81.4378,45.2479
88.1227,44.3001
88.1227,44.3001
88.1227,44.3001
89.37,45.772
89.37,45.772
89.37,45.772
87.4739,45.4589
87.4739,45.4589
87.4739,45.4589
90.1748,45.1651
90.1748,45.1651
90.1748,45.1651
81.0337,45.5369
81.0337,45.5369
81.0337,45.5369
93.3705,44.65
93.3705,44.65
93.3705,44.65
82.5865,45.1694
82.5865,45.1694
82.5865,45.1694
88.8688,44.6769
88.8688,44.6769
88.8688,44.6769
96.6058,45.6944
96.6058,45.6944
96.6058,45.6944
83.6913,44.3422
83.6913,44.3422
83.6913,44.3422
91.1514,45.2738
91.1514,45.2738
91.1514,45.2738
94.1403,44.6933
94.1403,44.6933
94.1403,44.6933
91.8274,44.7353
91.8274,44.7353
91.8274,44.7353
87.8745,45.3621
87.8745,45.3621
87.8745,45.3621
81.9833,44.4842
81.9833,44.4842
81.9833,44.4842
88.2386,45.7765
88.2386,45.7765
88.2386,45.7765
90.3934,44.5756
90.3934,44.5756
90.3934,44.5756
93.6335,45.638
93.6335,45.638
93.6335,45.638
87.951,45.2436
87.951,45.2436
87.951,45.2436
90.75,44.9421
90.75,44.9421
90.75,44.9421
84.934,45.2834
84.934,45.2834
84.934,45.2834
92.2373,44.3418
92.2373,44.3418
92.2373,44.3418
85.181,44.4465
85.181,44.4465
85.181,44.4465
90.7736,45.0437
90.7736,45.0437
90.7736,45.0437
89.4675,46.4255
89.4675,46.4255
89.4675,46.4255
96.7137,45.5028
96.7137,45.5028
96.7137,45.5028
84.3719,45.3537
84.3719,45.3537
84.3719,45.3537
99.1777,46.3064
99.1777,46.3064
99.1777,46.3064
89.4091,44.9819
89.4091,44.9819
89.4091,44.9819
92.6976,44.2179
92.6976,44.2179
92.6976,44.2179
94.1316,46.5169
94.1316,46.5169
94.1316,46.5169
93.8678,45.2281
93.8678,45.2281
93.8678,45.2281
82.5657,45.4054
82.5657,45.4054
82.5657,45.4054
90.6605,45.8174
90.6605,45.8174
90.6605,45.8174
93.076,44.6045
93.076,44.6045
93.076,44.6045
83.7684,45.8888
83.7684,45.8888
83.7684,45.8888
92.651,44.5548
92.651,44.5548
92.651,44.5548
86.5162,45.5405
86.5162,45.5405
86.5162,45.5405
84.5623,46.331
84.5623,46.331
84.5623,46.331
96.061,44.5969
96.061,44.5969
96.061,44.5969
85.883,45.0289
85.883,45.0289
85.883,45.0289
96.202,44.5534
96.202,44.5534
96.202,44.5534
97.9912,45.1939
97.9912,45.1939
97.9912,45.1939
91.9301,44.9111
91.9301,44.9111
91.9301,44.9111
80.439,45.3026
80.439,45.3026
80.439,45.3026
95.1102,44.8843
95.1102,44.8843
95.1102,44.8843
96.4024,44.9669
96.4024,44.9669
96.4024,44.9669
92.2416,44.8316
92.2416,44.8316
92.2416,44.8316
97.9881,45.1309
97.9881,45.1309
97.9881,45.1309
85.8007,45.4967
85.8007,45.4967
85.8007,45.4967
88.4528,45.0408
88.4528,45.0408
88.4528,45.0408
92.4705,45.1289
92.4705,45.1289
92.4705,45.1289
94.2962,45.9739
94.2962,45.9739
94.2962,45.9739
91.4189,45.3435
91.4189,45.3435
91.4189,45.3435
98.8925,46.494
98.8925,46.494
98.8925,46.494
84.4918,45.6221
84.4918,45.6221
84.4918,45.6221
89.009,45.5607
89.009,45.5607
89.009,45.5607
98.9991,44.2159
98.9991,44.2159
98.9991,44.2159
78.0345,43.6967
78.0345,43.6967
78.0345,43.6967
84.5227,45.5188
84.5227,45.5188
84.5227,45.5188
91.512,46.3698
91.512,46.3698
91.512,46.3698
86.1636,44.3763
86.1636,44.3763
86.1636,44.3763
82.3394,45.0846
82.3394,45.0846
82.3394,45.0846
90.753,45.4291
90.753,45.4291
90.753,45.4291
96.385,45.1006
96.385,45.1006
96.385,45.1006
100.0031,44.8162
100.0031,44.8162
100.0031,44.8162
87.6715,45.6512
87.6715,45.6512
87.6715,45.6512
90.8832,44.0451
90.8832,44.0451
90.8832,44.0451
87.5194,45.6943
87.5194,45.6943
87.5194,45.6943
89.8493,45.2566
89.8493,45.2566
89.8493,45.2566
82.7668,45.2402
82.7668,45.2402
82.7668,45.2402
89.6835,44.6146
89.6835,44.6146
89.6835,44.6146
93.0549,45.0264
93.0549,45.0264
93.0549,45.0264
90.0383,44.6751
90.0383,44.6751
90.0383,44.6751
90.4954,44.8106
90.4954,44.8106
90.4954,44.8106
90.0148,46.4837
90.0148,46.4837
90.0148,46.4837
94.114,44.6352
94.114,44.6352
94.114,44.6352
94.3359,44.6016
94.3359,44.6016
94.3359,44.6016
84.5049,45.54
84.5049,45.54
84.5049,45.54
84.2734,46.5699
84.2734,46.5699
84.2734,46.5699
92.3049,44.6528
92.3049,44.6528
92.3049,44.6528
88.7237,44.8762
88.7237,44.8762
88.7237,44.8762
86.2596,45.0851
86.2596,45.0851
86.2596,45.0851
92.8287,44.2518
92.8287,44.2518
92.8287,44.2518
88.4577,43.814
88.4577,43.814
88.4577,43.814
81.9037,44.8961
81.9037,44.8961
81.9037,44.8961
93.2535,44.9156
93.2535,44.9156
93.2535,44.9156
95.3959,45.2468
95.3959,45.2468
95.3959,45.2468
92.3845,45.8018
92.3845,45.8018
92.3845,45.8018
91.8545,45.2834
91.8545,45.2834
91.8545,45.2834
88.2234,44.5444
88.2234,44.5444
88.2234,44.5444
93.4043,45.8133
93.4043,45.8133
93.4043,45.8133
91.4237,44.2898
91.4237,44.2898
91.4237,44.2898
78.986,45.2693
78.986,45.2693
78.986,45.2693
83.0357,46.0087
83.0357,46.0087
83.0357,46.0087
98.7524,46.1721
98.7524,46.1721
98.7524,46.1721
89.0725,43.9641
89.0725,43.9641
89.0725,43.9641
85.4942,44.4809
85.4942,44.4809
85.4942,44.4809
98.4786,43.659
98.4786,43.659
98.4786,43.659
88.4925,44.8512
88.4925,44.8512
88.4925,44.8512
89.0283,44.3996
89.0283,44.3996
89.0283,44.3996
95.4706,44.1592
95.4706,44.1592
95.4706,44.1592
84.2403,44.435
84.2403,44.435
84.2403,44.435
93.7039,45.8191
93.7039,45.8191
93.7039,45.8191
83.2011,45.7866
83.2011,45.7866
83.2011,45.7866
89.3465,45.0761
89.3465,45.0761
89.3465,45.0761
92.0359,45.3047
92.0359,45.3047
92.0359,45.3047
89.2707,44.6932
89.2707,44.6932
89.2707,44.6932
90.4497,45.534
90.4497,45.534
90.4497,45.534
85.0573,45.131
85.0573,45.131
85.0573,45.131
87.0416,45.1382
87.0416,45.1382
87.0416,45.1382
96.5534,44.4146
96.5534,44.4146
96.5534,44.4146
94.5597,44.4657
94.5597,44.4657
94.5597,44.4657
89.6395,45.2196
89.6395,45.2196
89.6395,45.2196
88.1111,45.2321
88.1111,45.2321
88.1111,45.2321
89.9987,43.7038
89.9987,43.7038
89.9987,43.7038
99.4146,44.5032
99.4146,44.5032
99.4146,44.5032
84.2333,44.0536
84.2333,44.0536
84.2333,44.0536
98.3518,45.1719
98.3518,45.1719
98.3518,45.1719
88.5635,45.1951
88.5635,45.1951
88.5635,45.1951
97.3412,45.1215
97.3412,45.1215
97.3412,45.1215
86.4828,45.6681
86.4828,45.6681
86.4828,45.6681
82.7845,43.9358
82.7845,43.9358
82.7845,43.9358
85.4468,46.4118
85.4468,46.4118
85.4468,46.4118
93.3409,44.2199
93.3409,44.2199
93.3409,44.2199
87.3582,45.252
87.3582,45.252
87.3582,45.252
87.8417,44.1854
87.8417,44.1854
87.8417,44.1854
88.6385,44.6317
88.6385,44.6317
88.6385,44.6317
93.6236,45.2921
93.6236,45.2921
93.6236,45.2921
84.9203,43.6193
84.9203,43.6193
84.9203,43.6193
87.9592,44.9273
87.9592,44.9273
87.9592,44.9273
77.8807,45.6126
77.8807,45.6126
77.8807,45.6126
87.4744,44.6497
87.4744,44.6497
87.4744,44.6497
86.6363,44.9478
86.6363,44.9478
86.6363,44.9478
86.9552,44.2696
86.9552,44.2696
86.9552,44.2696
96.1645,44.8981
96.1645,44.8981
96.1645,44.8981
89.7249,46.0785
89.7249,46.0785
89.7249,46.0785
93.9889,45.8403
93.9889,45.8403
93.9889,45.8403
86.0553,45.6257
86.0553,45.6257
86.0553,45.6257
85.0306,45.1195
85.0306,45.1195
85.0306,45.1195
102.0215,45.4193
102.0215,45.4193
102.0215,45.4193
94.6167,45.251
94.6167,45.251
94.6167,45.251
91.6444,45.2528
91.6444,45.2528
91.6444,45.2528
94.0622,44.9984
94.0622,44.9984
94.0622,44.9984
86.3309,43.3521
86.3309,43.3521
86.3309,43.3521
90.7098,45.2056
90.7098,45.2056
90.7098,45.2056
86.0029,44.8434
86.0029,44.8434
86.0029,44.8434
91.5651,45.0555
91.5651,45.0555
91.5651,45.0555
83.0396,44.5823
83.0396,44.5823
83.0396,44.5823
86.8451,45.1712
86.8451,45.1712
86.8451,45.1712
85.8274,44.139
85.8274,44.139
85.8274,44.139
91.2586,46.2477
91.2586,46.2477
91.2586,46.2477
84.1038,46.1595
84.1038,46.1595
84.1038,46.1595
84.0497,44.8631
84.0497,44.8631
84.0497,44.8631
89.9765,45.2416
89.9765,45.2416
89.9765,45.2416
97.237,45.169
97.237,45.169
97.237,45.169
92.1661,44.9748
92.1661,44.9748
92.1661,44.9748
94.1428,45.3846
94.1428,45.3846
94.1428,45.3846
90.3968,45.6119
90.3968,45.6119
90.3968,45.6119
94.4749,45.4185
94.4749,45.4185
94.4749,45.4185
88.9525,45.1754
88.9525,45.1754
88.9525,45.1754
80.0448,43.5119
80.0448,43.5119
80.0448,43.5119
98.4291,44.3477
98.4291,44.3477
98.4291,44.3477
93.6479,45.035
93.6479,45.035
93.6479,45.035
89.8508,44.9152
89.8508,44.9152
89.8508,44.9152
83.0607,45.2947
83.0607,45.2947
83.0607,45.2947
87.8229,45.4208
87.8229,45.4208
87.8229,45.4208
93.9571,45.6627
93.9571,45.6627
93.9571,45.6627
95.8618,44.6549
95.8618,44.6549
95.8618,44.6549
95.727,43.5999
95.727,43.5999
95.727,43.5999
92.8376,44.9978
92.8376,44.9978
92.8376,44.9978
85.1602,44.6738
85.1602,44.6738
85.1602,44.6738
87.2236,45.6652
87.2236,45.6652
87.2236,45.6652
88.8384,45.7027
88.8384,45.7027
88.8384,45.7027
94.1765,45.2739
94.1765,45.2739
94.1765,45.2739
88.7934,44.8489
88.7934,44.8489
88.7934,44.8489
90.4552,45.1578
90.4552,45.1578
90.4552,45.1578
95.1611,44.992
95.1611,44.992
95.1611,44.992
94.402,45.6429
94.402,45.6429
94.402,45.6429
92.2145,44.2695
92.2145,44.2695
92.2145,44.2695
81.2263,45.5359
81.2263,45.5359
81.2263,45.5359
93.1305,45.4168
93.1305,45.4168
93.1305,45.4168
80.1542,45.9111
80.1542,45.9111
80.1542,45.9111
83.7315,45.8705
83.7315,45.8705
83.7315,45.8705
92.4881,44.8544
92.4881,44.8544
92.4881,44.8544
89.6137,43.8824
89.6137,43.8824
89.6137,43.8824
94.1328,44.9228
94.1328,44.9228
94.1328,44.9228
78.0168,45.2853
78.0168,45.2853
78.0168,45.2853
92.5794,44.633
92.5794,44.633
92.5794,44.633
86.7975,45.2312
86.7975,45.2312
86.7975,45.2312
85.31,45.1787
85.31,45.1787
85.31,45.1787
96.2865,43.7229
96.2865,43.7229
96.2865,43.7229
91.5322,45.6299
91.5322,45.6299
91.5322,45.6299
87.4693,44.9843
87.4693,44.9843
87.4693,44.9843
90.8354,45.0175
90.8354,45.0175
90.8354,45.0175
88.828,45.066
88.828,45.066
88.828,45.066
91.2342,45.0943
91.2342,45.0943
91.2342,45.0943
90.0322,44.4434
90.0322,44.4434
90.0322,44.4434
84.3232,45.225
84.3232,45.225
84.3232,45.225
84.2535,44.1865
84.2535,44.1865
84.2535,44.1865
87.8668,44.8091
87.8668,44.8091
87.8668,44.8091
93.2282,45.3486
93.2282,45.3486
93.2282,45.3486
95.5554,44.6806
95.5554,44.6806
95.5554,44.6806
91.1709,45.2533
91.1709,45.2533
91.1709,45.2533
100.8386,44.5768
100.8386,44.5768
100.8386,44.5768
95.3023,44.952
95.3023,44.952
95.3023,44.952
92.7907,44.6238
92.7907,44.6238
92.7907,44.6238
86.2595,44.9799
86.2595,44.9799
86.2595,44.9799
86.0843,44.5258
86.0843,44.5258
86.0843,44.5258
90.4227,44.5703
90.4227,44.5703
90.4227,44.5703
92.3704,44.6352
92.3704,44.6352
92.3704,44.6352
91.1021,45.4467
91.1021,45.4467
91.1021,45.4467
87.0047,45.1618
87.0047,45.1618
87.0047,45.1618
92.5506,46.0396
92.5506,46.0396
92.5506,46.0396
86.6255,45.0853
86.6255,45.0853
86.6255,45.0853
82.448,45.433
82.448,45.433
82.448,45.433
89.6355,45.3662
89.6355,45.3662
89.6355,45.3662
95.7138,45.387
95.7138,45.387
95.7138,45.387
90.7957,44.8904
90.7957,44.8904
90.7957,44.8904
97.3955,44.3613
97.3955,44.3613
97.3955,44.3613
89.8318,44.7543
89.8318,44.7543
89.8318,44.7543
88.5173,45.3967
88.5173,45.3967
88.5173,45.3967
88.792,44.5605
88.792,44.5605
88.792,44.5605
94.6403,45.2387
94.6403,45.2387
94.6403,45.2387
81.5666,45.1916
81.5666,45.1916
81.5666,45.1916
81.9815,45.3512
81.9815,45.3512
81.9815,45.3512
90.5912,44.6812
90.5912,44.6812
90.5912,44.6812
87.5624,44.5405
87.5624,44.5405
87.5624,44.5405
92.2407,45.3365
92.2407,45.3365
92.2407,45.3365
94.525,45.5336
94.525,45.5336
94.525,45.5336
86.7989,44.2483
86.7989,44.2483
86.7989,44.2483
89.9204,44.8831
89.9204,44.8831
89.9204,44.8831
86.9361,46.2387
86.9361,46.2387
86.9361,46.2387
96.3996,45.5465
96.3996,45.5465
96.3996,45.5465
87.1404,45.4893
87.1404,45.4893
87.1404,45.4893
90.7959,45.1021
90.7959,45.1021
90.7959,45.1021
92.4924,45.3032
92.4924,45.3032
92.4924,45.3032
78.7739,43.7923
78.7739,43.7923
78.7739,43.7923
90.9163,45.1274
90.9163,45.1274
90.9163,45.1274
91.2255,44.8009
91.2255,44.8009
91.2255,44.8009
89.2063,45.3963
89.2063,45.3963
89.2063,45.3963
98.012,45.8507
98.012,45.8507
98.012,45.8507
90.0812,45.3538
90.0812,45.3538
90.0812,45.3538
94.3236,45.8137
94.3236,45.8137
94.3236,45.8137
87.4847,45.9482
87.4847,45.9482
87.4847,45.9482
94.4338,45.9008
94.4338,45.9008
94.4338,45.9008
91.032,44.261
91.032,44.261
91.032,44.261
92.1418,45.4598
92.1418,45.4598
92.1418,45.4598
90.6499,46.1139
90.6499,46.1139
90.6499,46.1139
95.6602,44.4783
95.6602,44.4783
95.6602,44.4783
83.5808,44.8824
83.5808,44.8824
83.5808,44.8824
83.3467,44.5088
83.3467,44.5088
83.3467,44.5088
93.177,45.3139
93.177,45.3139
93.177,45.3139
85.4013,45.1685
85.4013,45.1685
85.4013,45.1685
94.1905,44.9884
94.1905,44.9884
94.1905,44.9884
90.3918,43.8377
90.3918,43.8377
90.3918,43.8377
93.7209,45.106
93.7209,45.106
93.7209,45.106
89.2374,45.1674
89.2374,45.1674
89.2374,45.1674
93.2365,46.1391
93.2365,46.1391
93.2365,46.1391
80.7505,46.0287
80.7505,46.0287
80.7505,46.0287
83.2883,44.7556
83.2883,44.7556
83.2883,44.7556
87.1866,46.3792
87.1866,46.3792
87.1866,46.3792
85.7908,44.8493
85.7908,44.8493
85.7908,44.8493
81.5417,44.8128
81.5417,44.8128
81.5417,44.8128
97.7125,44.0968
97.7125,44.0968
97.7125,44.0968
97.2951,45.4747
97.2951,45.4747
97.2951,45.4747
90.4073,44.3947
90.4073,44.3947
90.4073,44.3947
