Loss_im,psnr
4763.4525,1.1559
4763.4525,1.1559
4763.4525,1.1559
18178.1901,13.5448
18178.1901,13.5448
18178.1901,13.5448
4621.0078,19.4584
4621.0078,19.4584
4621.0078,19.4584
2616.7271,19.6262
2616.7271,19.6262
2616.7271,19.6262
2140.5003,20.7561
2140.5003,20.7561
2140.5003,20.7561
1796.7523,21.9495
1796.7523,21.9495
1796.7523,21.9495
1613.7856,22.9562
1613.7856,22.9562
1613.7856,22.9562
1285.4484,24.0974
1285.4484,24.0974
1285.4484,24.0974
1414.1932,22.6394
1414.1932,22.6394
1414.1932,22.6394
1391.4302,23.1796
1391.4302,23.1796
1391.4302,23.1796
1234.8772,25.3907
1234.8772,25.3907
1234.8772,25.3907
971.865,24.8563
971.865,24.8563
971.865,24.8563
966.2831,25.2272
966.2831,25.2272
966.2831,25.2272
892.77,26.2774
892.77,26.2774
892.77,26.2774
809.8288,26.7653
809.8288,26.7653
809.8288,26.7653
905.1413,28.7726
905.1413,28.7726
905.1413,28.7726
788.7445,27.2033
788.7445,27.2033
788.7445,27.2033
739.3179,28.712
739.3179,28.712
739.3179,28.712
619.6523,29.2046
619.6523,29.2046
619.6523,29.2046
626.5702,29.258
626.5702,29.258
626.5702,29.258
661.2805,28.828
661.2805,28.828
661.2805,28.828
661.5127,28.8306
661.5127,28.8306
661.5127,28.8306
566.2044,29.6467
566.2044,29.6467
566.2044,29.6467
518.3735,29.9364
518.3735,29.9364
518.3735,29.9364
573.0094,28.5232
573.0094,28.5232
573.0094,28.5232
569.0251,29.3365
569.0251,29.3365
569.0251,29.3365
499.9644,28.9841
499.9644,28.9841
499.9644,28.9841
512.4126,29.8902
512.4126,29.8902
512.4126,29.8902
531.3568,30.9181
531.3568,30.9181
531.3568,30.9181
475.3157,29.4145
475.3157,29.4145
475.3157,29.4145
473.2001,30.9291
473.2001,30.9291
473.2001,30.9291
507.5892,30.2643
507.5892,30.2643
507.5892,30.2643
525.4722,30.4757
525.4722,30.4757
525.4722,30.4757
403.3306,30.538
403.3306,30.538
403.3306,30.538
471.1205,30.8025
471.1205,30.8025
471.1205,30.8025
421.5347,31.0018
421.5347,31.0018
421.5347,31.0018
472.9823,31.0952
472.9823,31.0952
472.9823,31.0952
423.5699,30.6835
423.5699,30.6835
423.5699,30.6835
437.3834,30.704
437.3834,30.704
437.3834,30.704
386.1519,30.7701
386.1519,30.7701
386.1519,30.7701
425.5024,30.4796
425.5024,30.4796
425.5024,30.4796
411.4431,30.4834
411.4431,30.4834
411.4431,30.4834
382.616,31.1673
382.616,31.1673
382.616,31.1673
409.519,31.2293
409.519,31.2293
409.519,31.2293
386.4356,30.3277
386.4356,30.3277
386.4356,30.3277
391.0247,30.4338
391.0247,30.4338
391.0247,30.4338
420.4956,31.4916
420.4956,31.4916
420.4956,31.4916
384.7037,32.2549
384.7037,32.2549
384.7037,32.2549
433.3232,31.7798
433.3232,31.7798
433.3232,31.7798
395.9702,31.8025
395.9702,31.8025
395.9702,31.8025
382.4014,31.9976
382.4014,31.9976
382.4014,31.9976
398.4894,31.1897
398.4894,31.1897
398.4894,31.1897
393.7993,32.1696
393.7993,32.1696
393.7993,32.1696
382.4615,30.3694
382.4615,30.3694
382.4615,30.3694
329.0201,32.8849
329.0201,32.8849
329.0201,32.8849
412.6382,31.4967
412.6382,31.4967
412.6382,31.4967
372.8795,31.71
372.8795,31.71
372.8795,31.71
383.3328,32.3025
383.3328,32.3025
383.3328,32.3025
393.4109,31.3854
393.4109,31.3854
393.4109,31.3854
396.8763,31.4848
396.8763,31.4848
396.8763,31.4848
411.2769,31.2387
411.2769,31.2387
411.2769,31.2387
424.7434,31.4548
424.7434,31.4548
424.7434,31.4548
414.468,31.5783
414.468,31.5783
414.468,31.5783
393.7227,32.3759
393.7227,32.3759
393.7227,32.3759
487.9519,31.0631
487.9519,31.0631
487.9519,31.0631
411.5137,31.1873
411.5137,31.1873
411.5137,31.1873
456.2335,30.9784
456.2335,30.9784
456.2335,30.9784
405.9551,32.2617
405.9551,32.2617
405.9551,32.2617
400.5764,30.9944
400.5764,30.9944
400.5764,30.9944
386.7025,32.3651
386.7025,32.3651
386.7025,32.3651
343.4043,32.1702
343.4043,32.1702
343.4043,32.1702
388.2015,32.7438
388.2015,32.7438
388.2015,32.7438
308.7834,31.5942
308.7834,31.5942
308.7834,31.5942
363.3031,32.0752
363.3031,32.0752
363.3031,32.0752
359.8588,32.9544
359.8588,32.9544
359.8588,32.9544
340.9101,32.6282
340.9101,32.6282
340.9101,32.6282
370.8127,32.4082
370.8127,32.4082
370.8127,32.4082
376.6951,31.4062
376.6951,31.4062
376.6951,31.4062
371.7731,31.5877
371.7731,31.5877
371.7731,31.5877
363.8871,32.0318
363.8871,32.0318
363.8871,32.0318
363.2255,32.6509
363.2255,32.6509
363.2255,32.6509
382.6276,32.5726
382.6276,32.5726
382.6276,32.5726
361.2607,32.184
361.2607,32.184
361.2607,32.184
390.2275,31.607
390.2275,31.607
390.2275,31.607
391.6346,32.1378
391.6346,32.1378
391.6346,32.1378
399.1206,31.9684
399.1206,31.9684
399.1206,31.9684
377.3813,32.8359
377.3813,32.8359
377.3813,32.8359
410.0011,31.9774
410.0011,31.9774
410.0011,31.9774
373.5073,32.7322
373.5073,32.7322
373.5073,32.7322
391.3228,32.7759
391.3228,32.7759
391.3228,32.7759
389.1504,33.1331
389.1504,33.1331
389.1504,33.1331
362.6213,32.3383
362.6213,32.3383
362.6213,32.3383
376.4202,31.9448
376.4202,31.9448
376.4202,31.9448
365.1867,33.0719
365.1867,33.0719
365.1867,33.0719
363.9987,31.4879
363.9987,31.4879
363.9987,31.4879
374.84,32.6278
374.84,32.6278
374.84,32.6278
383.3714,33.3489
383.3714,33.3489
383.3714,33.3489
345.802,32.1688
345.802,32.1688
345.802,32.1688
393.9137,31.5693
393.9137,31.5693
393.9137,31.5693
335.2102,32.3228
335.2102,32.3228
335.2102,32.3228
437.3155,32.2654
437.3155,32.2654
437.3155,32.2654
320.8344,31.8819
320.8344,31.8819
320.8344,31.8819
353.7024,32.4798
353.7024,32.4798
353.7024,32.4798
369.278,33.8015
369.278,33.8015
369.278,33.8015
351.0555,31.9038
351.0555,31.9038
351.0555,31.9038
411.0412,32.438
411.0412,32.438
411.0412,32.438
326.8334,32.3931
326.8334,32.3931
326.8334,32.3931
359.3891,32.7232
359.3891,32.7232
359.3891,32.7232
407.7194,33.7007
407.7194,33.7007
407.7194,33.7007
358.8432,33.09
358.8432,33.09
358.8432,33.09
341.8371,33.5651
341.8371,33.5651
341.8371,33.5651
375.0539,32.4681
375.0539,32.4681
375.0539,32.4681
369.3046,33.1552
369.3046,33.1552
369.3046,33.1552
389.9717,32.3451
389.9717,32.3451
389.9717,32.3451
342.2166,32.5686
342.2166,32.5686
342.2166,32.5686
391.2983,32.609
391.2983,32.609
391.2983,32.609
398.8441,32.092
398.8441,32.092
398.8441,32.092
353.0068,32.605
353.0068,32.605
353.0068,32.605
361.6983,32.7765
361.6983,32.7765
361.6983,32.7765
340.8356,34.0789
340.8356,34.0789
340.8356,34.0789
345.4584,32.225
345.4584,32.225
345.4584,32.225
352.6214,31.9026
352.6214,31.9026
352.6214,31.9026
307.6446,33.5502
307.6446,33.5502
307.6446,33.5502
360.5413,33.5608
360.5413,33.5608
360.5413,33.5608
370.7465,33.8593
370.7465,33.8593
370.7465,33.8593
367.8823,33.6614
367.8823,33.6614
367.8823,33.6614
345.4212,33.1687
345.4212,33.1687
345.4212,33.1687
332.413,32.5738
332.413,32.5738
332.413,32.5738
391.9002,31.6856
391.9002,31.6856
391.9002,31.6856
372.3169,32.6161
372.3169,32.6161
372.3169,32.6161
419.2428,32.4208
419.2428,32.4208
419.2428,32.4208
443.6934,32.9618
443.6934,32.9618
443.6934,32.9618
365.1763,32.4244
365.1763,32.4244
365.1763,32.4244
399.3204,33.1809
399.3204,33.1809
399.3204,33.1809
379.4536,32.5135
379.4536,32.5135
379.4536,32.5135
429.7063,32.5242
429.7063,32.5242
429.7063,32.5242
372.5909,32.5287
372.5909,32.5287
372.5909,32.5287
378.2543,32.7729
378.2543,32.7729
378.2543,32.7729
362.5372,32.3043
362.5372,32.3043
362.5372,32.3043
396.8006,31.1053
396.8006,31.1053
396.8006,31.1053
411.066,32.0255
411.066,32.0255
411.066,32.0255
397.488,33.2222
397.488,33.2222
397.488,33.2222
384.7214,33.2926
384.7214,33.2926
384.7214,33.2926
430.9954,31.8794
430.9954,31.8794
430.9954,31.8794
419.8882,33.4913
419.8882,33.4913
419.8882,33.4913
348.1696,33.4062
348.1696,33.4062
348.1696,33.4062
404.2925,32.9417
404.2925,32.9417
404.2925,32.9417
380.4144,33.1573
380.4144,33.1573
380.4144,33.1573
394.9362,32.9118
394.9362,32.9118
394.9362,32.9118
348.5384,32.0958
348.5384,32.0958
348.5384,32.0958
366.678,32.8289
366.678,32.8289
366.678,32.8289
377.2344,34.0963
377.2344,34.0963
377.2344,34.0963
328.3435,33.3346
328.3435,33.3346
328.3435,33.3346
407.3479,33.3215
407.3479,33.3215
407.3479,33.3215
352.7614,33.2616
352.7614,33.2616
352.7614,33.2616
379.9714,33.4022
379.9714,33.4022
379.9714,33.4022
324.7499,33.0483
324.7499,33.0483
324.7499,33.0483
406.7384,33.6335
406.7384,33.6335
406.7384,33.6335
329.0512,33.4245
329.0512,33.4245
329.0512,33.4245
355.8379,34.0348
355.8379,34.0348
355.8379,34.0348
339.7319,34.1146
339.7319,34.1146
339.7319,34.1146
355.9253,32.8782
355.9253,32.8782
355.9253,32.8782
426.4303,32.4144
426.4303,32.4144
426.4303,32.4144
346.5121,32.2273
346.5121,32.2273
346.5121,32.2273
421.3351,34.7201
421.3351,34.7201
421.3351,34.7201
368.9782,32.5217
368.9782,32.5217
368.9782,32.5217
379.9248,33.5657
379.9248,33.5657
379.9248,33.5657
321.6004,32.7265
321.6004,32.7265
321.6004,32.7265
388.2643,33.7195
388.2643,33.7195
388.2643,33.7195
341.745,33.2093
341.745,33.2093
341.745,33.2093
400.9945,32.3768
400.9945,32.3768
400.9945,32.3768
369.6507,33.2079
369.6507,33.2079
369.6507,33.2079
347.4178,32.7559
347.4178,32.7559
347.4178,32.7559
386.9129,33.114
386.9129,33.114
386.9129,33.114
396.91,33.4703
396.91,33.4703
396.91,33.4703
349.1176,31.2731
349.1176,31.2731
349.1176,31.2731
446.4539,33.5555
446.4539,33.5555
446.4539,33.5555
354.0043,34.0581
354.0043,34.0581
354.0043,34.0581
458.3415,33.8967
458.3415,33.8967
458.3415,33.8967
355.4549,32.8121
355.4549,32.8121
355.4549,32.8121
410.364,32.6718
410.364,32.6718
410.364,32.6718
394.222,33.6748
394.222,33.6748
394.222,33.6748
327.3458,32.7542
327.3458,32.7542
327.3458,32.7542
375.3169,34.5008
375.3169,34.5008
375.3169,34.5008
347.6927,33.6878
347.6927,33.6878
347.6927,33.6878
387.1542,34.4568
387.1542,34.4568
387.1542,34.4568
389.1799,34.062
389.1799,34.062
389.1799,34.062
348.2354,33.0665
348.2354,33.0665
348.2354,33.0665
366.1344,34.3851
366.1344,34.3851
366.1344,34.3851
304.3106,32.447
304.3106,32.447
304.3106,32.447
370.8118,34.5756
370.8118,34.5756
370.8118,34.5756
353.8067,34.3985
353.8067,34.3985
353.8067,34.3985
362.2959,33.1786
362.2959,33.1786
362.2959,33.1786
357.6551,34.5847
357.6551,34.5847
357.6551,34.5847
323.0352,33.3662
323.0352,33.3662
323.0352,33.3662
357.8854,32.6641
357.8854,32.6641
357.8854,32.6641
313.9077,33.5446
313.9077,33.5446
313.9077,33.5446
348.6671,33.9741
348.6671,33.9741
348.6671,33.9741
310.4678,33.3412
310.4678,33.3412
310.4678,33.3412
365.9065,33.4401
365.9065,33.4401
365.9065,33.4401
340.3861,32.8749
340.3861,32.8749
340.3861,32.8749
344.148,34.1332
344.148,34.1332
344.148,34.1332
370.2263,34.1931
370.2263,34.1931
370.2263,34.1931
317.6668,35.0103
317.6668,35.0103
317.6668,35.0103
291.8035,34.3681
291.8035,34.3681
291.8035,34.3681
319.2769,35.5718
319.2769,35.5718
319.2769,35.5718
277.2059,33.5158
277.2059,33.5158
277.2059,33.5158
339.9399,33.8091
339.9399,33.8091
339.9399,33.8091
308.6199,35.7202
308.6199,35.7202
308.6199,35.7202
332.3931,33.8703
332.3931,33.8703
332.3931,33.8703
336.9696,33.6175
336.9696,33.6175
336.9696,33.6175
315.0119,33.9696
315.0119,33.9696
315.0119,33.9696
382.0647,34.4867
382.0647,34.4867
382.0647,34.4867
333.0039,33.1505
333.0039,33.1505
333.0039,33.1505
358.6623,33.9389
358.6623,33.9389
358.6623,33.9389
283.0813,34.3806
283.0813,34.3806
283.0813,34.3806
316.9231,33.555
316.9231,33.555
316.9231,33.555
325.9598,33.967
325.9598,33.967
325.9598,33.967
345.3167,34.1127
345.3167,34.1127
345.3167,34.1127
350.8514,34.2843
350.8514,34.2843
350.8514,34.2843
287.4859,34.3211
287.4859,34.3211
287.4859,34.3211
316.8967,33.4054
316.8967,33.4054
316.8967,33.4054
295.8457,34.1003
295.8457,34.1003
295.8457,34.1003
307.0815,34.5404
307.0815,34.5404
307.0815,34.5404
299.9505,34.3925
299.9505,34.3925
299.9505,34.3925
330.276,33.1627
330.276,33.1627
330.276,33.1627
312.0581,34.1499
312.0581,34.1499
312.0581,34.1499
328.9169,35.1112
328.9169,35.1112
328.9169,35.1112
275.0859,35.5606
275.0859,35.5606
275.0859,35.5606
323.034,34.0648
323.034,34.0648
323.034,34.0648
297.2615,33.8081
297.2615,33.8081
297.2615,33.8081
311.1778,34.3336
311.1778,34.3336
311.1778,34.3336
300.1531,34.5876
300.1531,34.5876
300.1531,34.5876
351.4076,34.7256
351.4076,34.7256
351.4076,34.7256
298.2769,33.9878
298.2769,33.9878
298.2769,33.9878
279.9338,34.2128
279.9338,34.2128
279.9338,34.2128
281.1655,34.3344
281.1655,34.3344
281.1655,34.3344
283.4771,33.6913
283.4771,33.6913
283.4771,33.6913
323.4535,33.6624
323.4535,33.6624
323.4535,33.6624
346.2402,34.6376
346.2402,34.6376
346.2402,34.6376
287.9564,34.6828
287.9564,34.6828
287.9564,34.6828
350.7917,34.3478
350.7917,34.3478
350.7917,34.3478
289.3858,34.0914
289.3858,34.0914
289.3858,34.0914
324.7999,34.1756
324.7999,34.1756
324.7999,34.1756
306.9064,34.8002
306.9064,34.8002
306.9064,34.8002
317.2365,34.2078
317.2365,34.2078
317.2365,34.2078
351.0824,34.4308
351.0824,34.4308
351.0824,34.4308
353.4926,34.0231
353.4926,34.0231
353.4926,34.0231
369.4605,35.5654
369.4605,35.5654
369.4605,35.5654
286.3647,33.7079
286.3647,33.7079
286.3647,33.7079
347.8321,35.0315
347.8321,35.0315
347.8321,35.0315
318.6773,32.5972
318.6773,32.5972
318.6773,32.5972
344.6366,33.9833
344.6366,33.9833
344.6366,33.9833
308.726,34.1936
308.726,34.1936
308.726,34.1936
308.8404,34.2007
308.8404,34.2007
308.8404,34.2007
310.4123,34.3549
310.4123,34.3549
310.4123,34.3549
309.0233,34.1871
309.0233,34.1871
309.0233,34.1871
304.7094,33.7671
304.7094,33.7671
304.7094,33.7671
318.0997,35.2419
318.0997,35.2419
318.0997,35.2419
351.1894,35.7514
351.1894,35.7514
351.1894,35.7514
317.7832,34.1923
317.7832,34.1923
317.7832,34.1923
344.2502,33.9375
344.2502,33.9375
344.2502,33.9375
306.8418,33.5958
306.8418,33.5958
306.8418,33.5958
336.7874,33.9846
336.7874,33.9846
336.7874,33.9846
310.0725,33.3221
310.0725,33.3221
310.0725,33.3221
330.0494,35.5059
330.0494,35.5059
330.0494,35.5059
303.3647,34.4109
303.3647,34.4109
303.3647,34.4109
352.9431,35.0765
352.9431,35.0765
352.9431,35.0765
269.8824,33.5754
269.8824,33.5754
269.8824,33.5754
367.8226,34.9005
367.8226,34.9005
367.8226,34.9005
297.1748,34.4776
297.1748,34.4776
297.1748,34.4776
343.7006,35.6426
343.7006,35.6426
343.7006,35.6426
338.3871,33.4097
338.3871,33.4097
338.3871,33.4097
321.981,34.4274
321.981,34.4274
321.981,34.4274
307.5674,34.4125
307.5674,34.4125
307.5674,34.4125
298.9123,35.031
298.9123,35.031
298.9123,35.031
320.1453,34.5959
320.1453,34.5959
320.1453,34.5959
296.4428,34.543
296.4428,34.543
296.4428,34.543
322.7153,34.5498
322.7153,34.5498
322.7153,34.5498
330.1192,35.812
330.1192,35.812
330.1192,35.812
273.1423,33.9384
273.1423,33.9384
273.1423,33.9384
359.7388,34.7892
359.7388,34.7892
359.7388,34.7892
287.2863,34.3633
287.2863,34.3633
287.2863,34.3633
311.2477,35.0506
311.2477,35.0506
311.2477,35.0506
289.5903,34.6925
289.5903,34.6925
289.5903,34.6925
293.9845,34.9872
293.9845,34.9872
293.9845,34.9872
283.8659,36.1785
283.8659,36.1785
283.8659,36.1785
278.88,35.7373
278.88,35.7373
278.88,35.7373
273.4465,34.3208
273.4465,34.3208
273.4465,34.3208
339.5965,33.8789
339.5965,33.8789
339.5965,33.8789
259.1519,34.5509
259.1519,34.5509
259.1519,34.5509
331.9682,34.0608
331.9682,34.0608
331.9682,34.0608
352.0022,34.3267
352.0022,34.3267
352.0022,34.3267
266.9701,33.0295
266.9701,33.0295
266.9701,33.0295
349.533,35.1945
349.533,35.1945
349.533,35.1945
323.7539,33.5397
323.7539,33.5397
323.7539,33.5397
373.761,33.359
373.761,33.359
373.761,33.359
286.7582,34.1743
286.7582,34.1743
286.7582,34.1743
378.9413,34.6492
378.9413,34.6492
378.9413,34.6492
315.515,33.6687
315.515,33.6687
315.515,33.6687
318.4148,33.3749
318.4148,33.3749
318.4148,33.3749
294.1188,35.614
294.1188,35.614
294.1188,35.614
322.8787,34.9939
322.8787,34.9939
322.8787,34.9939
303.3838,34.7404
303.3838,34.7404
303.3838,34.7404
282.4207,34.0185
282.4207,34.0185
282.4207,34.0185
297.3028,34.4297
297.3028,34.4297
297.3028,34.4297
282.512,34.6345
282.512,34.6345
282.512,34.6345
286.4894,34.8239
286.4894,34.8239
286.4894,34.8239
302.3075,34.3592
302.3075,34.3592
302.3075,34.3592
309.7098,33.5503
309.7098,33.5503
309.7098,33.5503
327.5625,35.0198
327.5625,35.0198
327.5625,35.0198
302.9592,34.3074
302.9592,34.3074
302.9592,34.3074
315.9765,34.2063
315.9765,34.2063
315.9765,34.2063
299.6619,34.2762
299.6619,34.2762
299.6619,34.2762
307.3164,34.0504
307.3164,34.0504
307.3164,34.0504
273.7764,35.1646
273.7764,35.1646
273.7764,35.1646
303.4025,34.7204
303.4025,34.7204
303.4025,34.7204
296.9054,35.1365
296.9054,35.1365
296.9054,35.1365
286.9636,34.8464
286.9636,34.8464
286.9636,34.8464
287.8132,34.478
287.8132,34.478
287.8132,34.478
278.8153,34.8592
278.8153,34.8592
278.8153,34.8592
270.1214,34.7557
270.1214,34.7557
270.1214,34.7557
259.4318,34.8535
259.4318,34.8535
259.4318,34.8535
301.0583,34.1978
301.0583,34.1978
301.0583,34.1978
288.6422,35.3838
288.6422,35.3838
288.6422,35.3838
257.1718,34.721
257.1718,34.721
257.1718,34.721
247.3008,35.1194
247.3008,35.1194
247.3008,35.1194
271.1651,35.519
271.1651,35.519
271.1651,35.519
221.9618,35.2502
221.9618,35.2502
221.9618,35.2502
233.2811,35.3258
233.2811,35.3258
233.2811,35.3258
284.2855,35.712
284.2855,35.712
284.2855,35.712
233.2576,34.6966
233.2576,34.6966
233.2576,34.6966
247.2056,35.8585
247.2056,35.8585
247.2056,35.8585
237.4764,35.0906
237.4764,35.0906
237.4764,35.0906
227.742,35.6013
227.742,35.6013
227.742,35.6013
255.3669,33.6505
255.3669,33.6505
255.3669,33.6505
298.374,34.9786
298.374,34.9786
298.374,34.9786
246.2826,35.7466
246.2826,35.7466
246.2826,35.7466
291.0515,34.7316
291.0515,34.7316
291.0515,34.7316
304.9121,34.7804
304.9121,34.7804
304.9121,34.7804
275.7253,34.2432
275.7253,34.2432
275.7253,34.2432
271.0573,33.4494
271.0573,33.4494
271.0573,33.4494
285.3701,35.2862
285.3701,35.2862
285.3701,35.2862
276.5719,35.3328
276.5719,35.3328
276.5719,35.3328
284.5419,35.4096
284.5419,35.4096
284.5419,35.4096
298.5769,34.6707
298.5769,34.6707
298.5769,34.6707
292.9919,35.144
292.9919,35.144
292.9919,35.144
270.7433,35.8643
270.7433,35.8643
270.7433,35.8643
274.5551,35.014
274.5551,35.014
274.5551,35.014
309.8231,34.7116
309.8231,34.7116
309.8231,34.7116
270.8729,35.474
270.8729,35.474
270.8729,35.474
310.4583,36.5095
310.4583,36.5095
310.4583,36.5095
298.3687,36.1515
298.3687,36.1515
298.3687,36.1515
278.3338,35.3095
278.3338,35.3095
278.3338,35.3095
270.0719,35.6813
270.0719,35.6813
270.0719,35.6813
234.4837,35.2698
234.4837,35.2698
234.4837,35.2698
256.3639,35.1879
256.3639,35.1879
256.3639,35.1879
254.3209,35.3007
254.3209,35.3007
254.3209,35.3007
247.8077,35.7959
247.8077,35.7959
247.8077,35.7959
239.4065,35.9516
239.4065,35.9516
239.4065,35.9516
268.9516,36.0069
268.9516,36.0069
268.9516,36.0069
250.1737,34.9752
250.1737,34.9752
250.1737,34.9752
267.7407,35.9034
267.7407,35.9034
267.7407,35.9034
245.3645,35.3763
245.3645,35.3763
245.3645,35.3763
244.3004,36.1613
244.3004,36.1613
244.3004,36.1613
247.0952,36.0327
247.0952,36.0327
247.0952,36.0327
245.5284,36.0326
245.5284,36.0326
245.5284,36.0326
233.3405,35.5721
233.3405,35.5721
233.3405,35.5721
235.7388,35.0464
235.7388,35.0464
235.7388,35.0464
253.6006,36.1263
253.6006,36.1263
253.6006,36.1263
224.9973,36.1118
224.9973,36.1118
224.9973,36.1118
220.9167,36.4869
220.9167,36.4869
220.9167,36.4869
264.3287,36.2641
264.3287,36.2641
264.3287,36.2641
244.9588,33.9013
244.9588,33.9013
244.9588,33.9013
254.1867,36.5542
254.1867,36.5542
254.1867,36.5542
262.4796,36.4958
262.4796,36.4958
262.4796,36.4958
262.6587,34.9796
262.6587,34.9796
262.6587,34.9796
246.9692,35.2297
246.9692,35.2297
246.9692,35.2297
270.2527,34.9038
270.2527,34.9038
270.2527,34.9038
248.9488,34.5636
248.9488,34.5636
248.9488,34.5636
241.3441,35.1044
241.3441,35.1044
241.3441,35.1044
248.3743,35.0695
248.3743,35.0695
248.3743,35.0695
281.6033,35.7219
281.6033,35.7219
281.6033,35.7219
272.8284,36.2729
272.8284,36.2729
272.8284,36.2729
252.9148,35.1509
252.9148,35.1509
252.9148,35.1509
275.1228,35.7265
275.1228,35.7265
275.1228,35.7265
269.3662,34.7768
269.3662,34.7768
269.3662,34.7768
259.7354,34.8608
259.7354,34.8608
259.7354,34.8608
231.0056,36.4011
231.0056,36.4011
231.0056,36.4011
280.5072,35.0315
280.5072,35.0315
280.5072,35.0315
257.2252,34.7803
257.2252,34.7803
257.2252,34.7803
304.035,35.5125
304.035,35.5125
304.035,35.5125
233.3338,35.7284
233.3338,35.7284
233.3338,35.7284
271.8813,36.3997
271.8813,36.3997
271.8813,36.3997
244.6834,34.8569
244.6834,34.8569
244.6834,34.8569
297.4171,36.125
297.4171,36.125
297.4171,36.125
247.7795,34.7175
247.7795,34.7175
247.7795,34.7175
244.9526,36.895
244.9526,36.895
244.9526,36.895
288.6257,34.5188
288.6257,34.5188
288.6257,34.5188
197.2265,34.8565
197.2265,34.8565
197.2265,34.8565
274.4253,35.3638
274.4253,35.3638
274.4253,35.3638
267.2968,34.4576
267.2968,34.4576
267.2968,34.4576
293.9038,36.2402
293.9038,36.2402
293.9038,36.2402
281.8053,36.4081
281.8053,36.4081
281.8053,36.4081
269.2616,35.5344
269.2616,35.5344
269.2616,35.5344
249.6257,35.3469
249.6257,35.3469
249.6257,35.3469
250.5968,35.6197
250.5968,35.6197
250.5968,35.6197
222.5255,36.0371
222.5255,36.0371
222.5255,36.0371
278.2863,35.2918
278.2863,35.2918
278.2863,35.2918
254.4826,36.8428
254.4826,36.8428
254.4826,36.8428
233.9233,35.037
233.9233,35.037
233.9233,35.037
257.1324,35.7078
257.1324,35.7078
257.1324,35.7078
257.285,35.6935
257.285,35.6935
257.285,35.6935
264.9856,35.2747
264.9856,35.2747
264.9856,35.2747
248.5096,36.2395
248.5096,36.2395
248.5096,36.2395
289.1999,35.4849
289.1999,35.4849
289.1999,35.4849
247.3103,36.658
247.3103,36.658
247.3103,36.658
270.4899,35.3586
270.4899,35.3586
270.4899,35.3586
240.1695,35.6639
240.1695,35.6639
240.1695,35.6639
233.4932,34.9026
233.4932,34.9026
233.4932,34.9026
252.6697,35.3278
252.6697,35.3278
252.6697,35.3278
223.5077,35.5452
223.5077,35.5452
223.5077,35.5452
263.188,36.2216
263.188,36.2216
263.188,36.2216
231.4195,35.8443
231.4195,35.8443
231.4195,35.8443
250.7964,35.1201
250.7964,35.1201
250.7964,35.1201
257.7713,35.7656
257.7713,35.7656
257.7713,35.7656
261.9944,35.1086
261.9944,35.1086
261.9944,35.1086
254.8507,35.7294
254.8507,35.7294
254.8507,35.7294
311.2983,35.0531
311.2983,35.0531
311.2983,35.0531
251.7959,35.9688
251.7959,35.9688
251.7959,35.9688
263.5223,35.6317
263.5223,35.6317
263.5223,35.6317
268.3154,35.511
268.3154,35.511
268.3154,35.511
265.6547,35.0495
265.6547,35.0495
265.6547,35.0495
246.6956,35.5692
246.6956,35.5692
246.6956,35.5692
248.4926,37.7238
248.4926,37.7238
248.4926,37.7238
261.3126,37.2474
261.3126,37.2474
261.3126,37.2474
276.6245,36.0008
276.6245,36.0008
276.6245,36.0008
247.1218,34.6646
247.1218,34.6646
247.1218,34.6646
233.8988,34.8556
233.8988,34.8556
233.8988,34.8556
237.6789,36.2769
237.6789,36.2769
237.6789,36.2769
250.8371,36.3289
250.8371,36.3289
250.8371,36.3289
241.9091,36.0854
241.9091,36.0854
241.9091,36.0854
268.9485,36.377
268.9485,36.377
268.9485,36.377
249.8976,35.8546
249.8976,35.8546
249.8976,35.8546
257.7412,36.0068
257.7412,36.0068
257.7412,36.0068
253.8481,34.3909
253.8481,34.3909
253.8481,34.3909
287.2668,34.7508
287.2668,34.7508
287.2668,34.7508
270.2156,35.5153
270.2156,35.5153
270.2156,35.5153
294.3497,35.8569
294.3497,35.8569
294.3497,35.8569
297.7831,35.4502
297.7831,35.4502
297.7831,35.4502
245.423,36.6438
245.423,36.6438
245.423,36.6438
251.6832,36.0379
251.6832,36.0379
251.6832,36.0379
235.0217,35.5066
235.0217,35.5066
235.0217,35.5066
262.3313,35.1561
262.3313,35.1561
262.3313,35.1561
255.8879,36.0399
255.8879,36.0399
255.8879,36.0399
257.1566,36.8992
257.1566,36.8992
257.1566,36.8992
252.3058,36.2385
252.3058,36.2385
252.3058,36.2385
301.077,35.1496
301.077,35.1496
301.077,35.1496
287.525,34.7278
287.525,34.7278
287.525,34.7278
240.8746,35.8978
240.8746,35.8978
240.8746,35.8978
262.8787,35.6064
262.8787,35.6064
262.8787,35.6064
262.5238,35.5694
262.5238,35.5694
262.5238,35.5694
238.2589,36.6057
238.2589,36.6057
238.2589,36.6057
253.4197,35.9301
253.4197,35.9301
253.4197,35.9301
256.3362,34.988
256.3362,34.988
256.3362,34.988
274.3766,36.164
274.3766,36.164
274.3766,36.164
238.3624,34.6843
238.3624,34.6843
238.3624,34.6843
277.3388,36.0728
277.3388,36.0728
277.3388,36.0728
266.5793,36.6165
266.5793,36.6165
266.5793,36.6165
286.2299,37.1602
286.2299,37.1602
286.2299,37.1602
237.8551,34.2113
237.8551,34.2113
237.8551,34.2113
249.8996,36.2323
249.8996,36.2323
249.8996,36.2323
262.1865,35.5793
262.1865,35.5793
262.1865,35.5793
298.2852,36.5687
298.2852,36.5687
298.2852,36.5687
260.6773,35.3427
260.6773,35.3427
260.6773,35.3427
266.1352,35.6297
266.1352,35.6297
266.1352,35.6297
289.0624,35.4056
289.0624,35.4056
289.0624,35.4056
249.6128,35.191
249.6128,35.191
249.6128,35.191
294.5157,35.864
294.5157,35.864
294.5157,35.864
322.7116,35.6229
322.7116,35.6229
322.7116,35.6229
293.6966,35.3191
293.6966,35.3191
293.6966,35.3191
262.4717,35.2394
262.4717,35.2394
262.4717,35.2394
230.6465,35.1806
230.6465,35.1806
230.6465,35.1806
308.239,35.4259
308.239,35.4259
308.239,35.4259
270.7135,35.4159
270.7135,35.4159
270.7135,35.4159
278.2596,35.4379
278.2596,35.4379
278.2596,35.4379
275.1144,35.297
275.1144,35.297
275.1144,35.297
284.1528,35.7617
284.1528,35.7617
284.1528,35.7617
292.525,35.9135
292.525,35.9135
292.525,35.9135
239.5091,35.7153
239.5091,35.7153
239.5091,35.7153
271.5933,35.862
271.5933,35.862
271.5933,35.862
233.8263,36.9477
233.8263,36.9477
233.8263,36.9477
232.5218,34.0956
232.5218,34.0956
232.5218,34.0956
298.3992,36.5302
298.3992,36.5302
298.3992,36.5302
233.1157,36.822
233.1157,36.822
233.1157,36.822
281.027,35.8548
281.027,35.8548
281.027,35.8548
232.298,35.4015
232.298,35.4015
232.298,35.4015
221.1293,37.0754
221.1293,37.0754
221.1293,37.0754
259.8123,36.107
259.8123,36.107
259.8123,36.107
251.5605,37.6269
251.5605,37.6269
251.5605,37.6269
213.914,37.3264
213.914,37.3264
213.914,37.3264
230.8119,36.6809
230.8119,36.6809
230.8119,36.6809
268.4337,35.9254
268.4337,35.9254
268.4337,35.9254
224.1326,36.0233
224.1326,36.0233
224.1326,36.0233
280.2752,37.1515
280.2752,37.1515
280.2752,37.1515
241.7541,36.6051
241.7541,36.6051
241.7541,36.6051
239.5854,36.0741
239.5854,36.0741
239.5854,36.0741
241.1853,38.7428
241.1853,38.7428
241.1853,38.7428
227.5483,36.1343
227.5483,36.1343
227.5483,36.1343
262.4043,35.6319
262.4043,35.6319
262.4043,35.6319
237.0056,36.6165
237.0056,36.6165
237.0056,36.6165
229.712,35.7692
229.712,35.7692
229.712,35.7692
248.1543,36.646
248.1543,36.646
248.1543,36.646
218.4373,37.1022
218.4373,37.1022
218.4373,37.1022
253.5875,36.6416
253.5875,36.6416
253.5875,36.6416
253.7963,36.5353
253.7963,36.5353
253.7963,36.5353
224.8206,35.5235
224.8206,35.5235
224.8206,35.5235
291.7856,37.4911
291.7856,37.4911
291.7856,37.4911
257.7415,36.6396
257.7415,36.6396
257.7415,36.6396
246.4884,36.6614
246.4884,36.6614
246.4884,36.6614
239.6223,35.6678
239.6223,35.6678
239.6223,35.6678
243.092,36.4656
243.092,36.4656
243.092,36.4656
219.4391,36.1739
219.4391,36.1739
219.4391,36.1739
220.54,36.9291
220.54,36.9291
220.54,36.9291
240.9549,36.8573
240.9549,36.8573
240.9549,36.8573
249.1055,35.7265
249.1055,35.7265
249.1055,35.7265
217.5742,36.003
217.5742,36.003
217.5742,36.003
252.0114,37.0386
252.0114,37.0386
252.0114,37.0386
216.6553,37.1656
216.6553,37.1656
216.6553,37.1656
236.6681,36.7705
236.6681,36.7705
236.6681,36.7705
233.0213,37.0964
233.0213,37.0964
233.0213,37.0964
238.9123,36.1976
238.9123,36.1976
238.9123,36.1976
229.1518,36.7643
229.1518,36.7643
229.1518,36.7643
222.06,38.0629
222.06,38.0629
222.06,38.0629
215.7843,37.0855
215.7843,37.0855
215.7843,37.0855
236.4651,36.2955
236.4651,36.2955
236.4651,36.2955
200.3397,36.8549
200.3397,36.8549
200.3397,36.8549
238.2619,37.1223
238.2619,37.1223
238.2619,37.1223
231.8689,36.2079
231.8689,36.2079
231.8689,36.2079
245.2756,35.9605
245.2756,35.9605
245.2756,35.9605
252.7042,35.963
252.7042,35.963
252.7042,35.963
232.2069,36.0167
232.2069,36.0167
232.2069,36.0167
247.4138,37.0973
247.4138,37.0973
247.4138,37.0973
221.793,36.4009
221.793,36.4009
221.793,36.4009
235.8019,36.2413
235.8019,36.2413
235.8019,36.2413
217.3654,36.7727
217.3654,36.7727
217.3654,36.7727
207.8532,37.1951
207.8532,37.1951
207.8532,37.1951
267.031,36.4322
267.031,36.4322
267.031,36.4322
229.6506,37.0241
229.6506,37.0241
229.6506,37.0241
234.2419,36.598
234.2419,36.598
234.2419,36.598
264.7674,37.0043
264.7674,37.0043
264.7674,37.0043
232.3817,36.9759
232.3817,36.9759
232.3817,36.9759
250.6145,36.5473
250.6145,36.5473
250.6145,36.5473
227.9239,36.4782
227.9239,36.4782
227.9239,36.4782
252.8815,36.9825
252.8815,36.9825
252.8815,36.9825
255.2958,37.8312
255.2958,37.8312
255.2958,37.8312
254.8801,36.3551
254.8801,36.3551
254.8801,36.3551
222.4802,36.9611
222.4802,36.9611
222.4802,36.9611
245.097,38.0673
245.097,38.0673
245.097,38.0673
220.0511,37.3337
220.0511,37.3337
220.0511,37.3337
237.5919,36.5644
237.5919,36.5644
237.5919,36.5644
226.869,35.533
226.869,35.533
226.869,35.533
230.7751,37.8114
230.7751,37.8114
230.7751,37.8114
225.3703,37.3849
225.3703,37.3849
225.3703,37.3849
239.7053,36.2006
239.7053,36.2006
239.7053,36.2006
202.55,37.5149
202.55,37.5149
202.55,37.5149
214.498,37.8259
214.498,37.8259
214.498,37.8259
237.9186,36.9849
237.9186,36.9849
237.9186,36.9849
244.991,37.6113
244.991,37.6113
244.991,37.6113
242.4404,35.7361
242.4404,35.7361
242.4404,35.7361
213.2226,37.2638
213.2226,37.2638
213.2226,37.2638
196.494,36.834
196.494,36.834
196.494,36.834
203.2504,37.0404
203.2504,37.0404
203.2504,37.0404
212.2533,37.935
212.2533,37.935
212.2533,37.935
199.6666,36.9912
199.6666,36.9912
199.6666,36.9912
215.6104,36.3691
215.6104,36.3691
215.6104,36.3691
212.611,38.1344
212.611,38.1344
212.611,38.1344
222.2986,37.0383
222.2986,37.0383
222.2986,37.0383
203.4727,37.6131
203.4727,37.6131
203.4727,37.6131
197.5703,36.6752
197.5703,36.6752
197.5703,36.6752
215.1212,37.5122
215.1212,37.5122
215.1212,37.5122
191.4677,37.5119
191.4677,37.5119
191.4677,37.5119
217.5527,36.595
217.5527,36.595
217.5527,36.595
187.177,36.9645
187.177,36.9645
187.177,36.9645
227.1413,37.0539
227.1413,37.0539
227.1413,37.0539
195.4541,37.9872
195.4541,37.9872
195.4541,37.9872
229.3396,36.7914
229.3396,36.7914
229.3396,36.7914
202.3761,37.9852
202.3761,37.9852
202.3761,37.9852
193.111,37.6852
193.111,37.6852
193.111,37.6852
236.3382,37.8224
236.3382,37.8224
236.3382,37.8224
218.1146,37.7649
218.1146,37.7649
218.1146,37.7649
191.5511,38.3427
191.5511,38.3427
191.5511,38.3427
217.2304,37.1956
217.2304,37.1956
217.2304,37.1956
212.4187,37.443
212.4187,37.443
212.4187,37.443
188.8709,37.8219
188.8709,37.8219
188.8709,37.8219
201.7752,37.2556
201.7752,37.2556
201.7752,37.2556
198.3098,38.112
198.3098,38.112
198.3098,38.112
215.4495,37.162
215.4495,37.162
215.4495,37.162
193.3341,37.5229
193.3341,37.5229
193.3341,37.5229
212.3765,36.9495
212.3765,36.9495
212.3765,36.9495
226.6376,37.5308
226.6376,37.5308
226.6376,37.5308
218.085,37.0468
218.085,37.0468
218.085,37.0468
202.9061,36.293
202.9061,36.293
202.9061,36.293
230.6475,38.0849
230.6475,38.0849
230.6475,38.0849
198.0603,37.2893
198.0603,37.2893
198.0603,37.2893
213.9423,36.8622
213.9423,36.8622
213.9423,36.8622
211.0266,38.0707
211.0266,38.0707
211.0266,38.0707
235.1723,36.8418
235.1723,36.8418
235.1723,36.8418
248.5098,36.5658
248.5098,36.5658
248.5098,36.5658
213.8126,37.5375
213.8126,37.5375
213.8126,37.5375
235.8218,36.0622
235.8218,36.0622
235.8218,36.0622
247.8511,37.075
247.8511,37.075
247.8511,37.075
218.0084,36.6957
218.0084,36.6957
218.0084,36.6957
236.8233,37.1383
236.8233,37.1383
236.8233,37.1383
234.8138,37.9317
234.8138,37.9317
234.8138,37.9317
221.5288,36.0891
221.5288,36.0891
221.5288,36.0891
263.716,36.97
263.716,36.97
263.716,36.97
229.4828,37.4685
229.4828,37.4685
229.4828,37.4685
238.8432,36.2582
238.8432,36.2582
238.8432,36.2582
225.4436,37.1545
225.4436,37.1545
225.4436,37.1545
230.9125,38.07
230.9125,38.07
230.9125,38.07
219.0023,36.5827
219.0023,36.5827
219.0023,36.5827
218.2942,38.7186
218.2942,38.7186
218.2942,38.7186
217.0176,37.0738
217.0176,37.0738
217.0176,37.0738
239.1159,37.8106
239.1159,37.8106
239.1159,37.8106
233.78,36.867
233.78,36.867
233.78,36.867
235.5584,37.5316
235.5584,37.5316
235.5584,37.5316
248.3219,37.5443
248.3219,37.5443
248.3219,37.5443
230.5141,37.6562
230.5141,37.6562
230.5141,37.6562
239.6847,36.3112
239.6847,36.3112
239.6847,36.3112
251.1839,38.0946
251.1839,38.0946
251.1839,38.0946
246.8197,37.3144
246.8197,37.3144
246.8197,37.3144
241.5676,36.7733
241.5676,36.7733
241.5676,36.7733
227.3143,37.0011
227.3143,37.0011
227.3143,37.0011
223.5319,37.7359
223.5319,37.7359
223.5319,37.7359
225.2541,38.3897
225.2541,38.3897
225.2541,38.3897
214.4327,38.298
214.4327,38.298
214.4327,38.298
202.6031,37.8581
202.6031,37.8581
202.6031,37.8581
229.4774,38.4095
229.4774,38.4095
229.4774,38.4095
185.1923,37.6051
185.1923,37.6051
185.1923,37.6051
225.4454,37.9929
225.4454,37.9929
225.4454,37.9929
229.0149,38.1937
229.0149,38.1937
229.0149,38.1937
181.4418,37.5641
181.4418,37.5641
181.4418,37.5641
226.9186,37.1488
226.9186,37.1488
226.9186,37.1488
214.4403,38.0484
214.4403,38.0484
214.4403,38.0484
186.9425,37.7726
186.9425,37.7726
186.9425,37.7726
229.505,37.6451
229.505,37.6451
229.505,37.6451
240.0804,37.9227
240.0804,37.9227
240.0804,37.9227
223.8928,38.2487
223.8928,38.2487
223.8928,38.2487
215.5512,37.1324
215.5512,37.1324
215.5512,37.1324
241.024,38.337
241.024,38.337
241.024,38.337
211.1402,37.8927
211.1402,37.8927
211.1402,37.8927
215.7997,37.449
215.7997,37.449
215.7997,37.449
202.5755,37.1623
202.5755,37.1623
202.5755,37.1623
248.0839,37.07
248.0839,37.07
248.0839,37.07
234.7018,38.4888
234.7018,38.4888
234.7018,38.4888
219.3179,38.9171
219.3179,38.9171
219.3179,38.9171
221.1822,37.3405
221.1822,37.3405
221.1822,37.3405
255.4635,37.196
255.4635,37.196
255.4635,37.196
248.076,38.8747
248.076,38.8747
248.076,38.8747
206.9031,37.3813
206.9031,37.3813
206.9031,37.3813
226.1264,38.2247
226.1264,38.2247
226.1264,38.2247
221.8711,39.0825
221.8711,39.0825
221.8711,39.0825
223.1411,38.3505
223.1411,38.3505
223.1411,38.3505
211.6623,38.0263
211.6623,38.0263
211.6623,38.0263
213.5823,38.5989
213.5823,38.5989
213.5823,38.5989
209.1631,39.1727
209.1631,39.1727
209.1631,39.1727
195.4926,36.9032
195.4926,36.9032
195.4926,36.9032
212.2089,38.3948
212.2089,38.3948
212.2089,38.3948
207.3462,38.8893
207.3462,38.8893
207.3462,38.8893
205.8266,37.4295
205.8266,37.4295
205.8266,37.4295
217.5213,38.5723
217.5213,38.5723
217.5213,38.5723
222.9671,38.3029
222.9671,38.3029
222.9671,38.3029
192.4489,38.8815
192.4489,38.8815
192.4489,38.8815
196.0363,36.9091
196.0363,36.9091
196.0363,36.9091
249.1566,37.4415
249.1566,37.4415
249.1566,37.4415
187.9877,39.0174
187.9877,39.0174
187.9877,39.0174
198.082,37.3069
198.082,37.3069
198.082,37.3069
231.6991,37.7571
231.6991,37.7571
231.6991,37.7571
188.6009,38.1334
188.6009,38.1334
188.6009,38.1334
206.1427,38.6641
206.1427,38.6641
206.1427,38.6641
200.0422,38.7946
200.0422,38.7946
200.0422,38.7946
198.3769,38.4897
198.3769,38.4897
198.3769,38.4897
170.9333,38.0082
170.9333,38.0082
170.9333,38.0082
189.7741,38.5801
189.7741,38.5801
189.7741,38.5801
180.9888,38.3462
180.9888,38.3462
180.9888,38.3462
175.4672,36.8206
175.4672,36.8206
175.4672,36.8206
178.2343,37.1587
178.2343,37.1587
178.2343,37.1587
205.3328,39.1941
205.3328,39.1941
205.3328,39.1941
176.6239,38.4674
176.6239,38.4674
176.6239,38.4674
208.1312,37.784
208.1312,37.784
208.1312,37.784
190.2705,37.3718
190.2705,37.3718
190.2705,37.3718
207.2534,38.66
207.2534,38.66
207.2534,38.66
195.2304,39.1402
195.2304,39.1402
195.2304,39.1402
193.5276,39.7219
193.5276,39.7219
193.5276,39.7219
219.7043,38.3662
219.7043,38.3662
219.7043,38.3662
192.6191,39.1238
192.6191,39.1238
192.6191,39.1238
179.5962,38.9616
179.5962,38.9616
179.5962,38.9616
188.1333,39.3288
188.1333,39.3288
188.1333,39.3288
176.8411,38.6302
176.8411,38.6302
176.8411,38.6302
188.7993,39.4326
188.7993,39.4326
188.7993,39.4326
161.6464,37.8309
161.6464,37.8309
161.6464,37.8309
196.2862,38.6802
196.2862,38.6802
196.2862,38.6802
182.2406,38.492
182.2406,38.492
182.2406,38.492
144.3062,38.701
144.3062,38.701
144.3062,38.701
182.0404,39.2739
182.0404,39.2739
182.0404,39.2739
189.2881,39.1665
189.2881,39.1665
189.2881,39.1665
194.4525,39.4696
194.4525,39.4696
194.4525,39.4696
190.2234,38.1685
190.2234,38.1685
190.2234,38.1685
181.5117,37.7855
181.5117,37.7855
181.5117,37.7855
178.1311,38.2368
178.1311,38.2368
178.1311,38.2368
184.5294,38.4257
184.5294,38.4257
184.5294,38.4257
197.0939,36.8598
197.0939,36.8598
197.0939,36.8598
189.3557,38.5203
189.3557,38.5203
189.3557,38.5203
193.7592,38.1117
193.7592,38.1117
193.7592,38.1117
189.183,39.6138
189.183,39.6138
189.183,39.6138
202.6676,38.102
202.6676,38.102
202.6676,38.102
171.1692,38.8968
171.1692,38.8968
171.1692,38.8968
204.0567,38.8456
204.0567,38.8456
204.0567,38.8456
195.7587,38.561
195.7587,38.561
195.7587,38.561
201.9201,38.3514
201.9201,38.3514
201.9201,38.3514
194.599,37.7605
194.599,37.7605
194.599,37.7605
215.0079,38.5311
215.0079,38.5311
215.0079,38.5311
199.1878,37.9712
199.1878,37.9712
199.1878,37.9712
178.0048,38.834
178.0048,38.834
178.0048,38.834
209.3495,37.5651
209.3495,37.5651
209.3495,37.5651
201.5021,37.9708
201.5021,37.9708
201.5021,37.9708
192.949,39.3888
192.949,39.3888
192.949,39.3888
207.8787,38.4444
207.8787,38.4444
207.8787,38.4444
194.8188,38.8559
194.8188,38.8559
194.8188,38.8559
190.9859,39.5257
190.9859,39.5257
190.9859,39.5257
189.5464,37.6914
189.5464,37.6914
189.5464,37.6914
178.7212,39.0446
178.7212,39.0446
178.7212,39.0446
175.9139,37.8061
175.9139,37.8061
175.9139,37.8061
174.3189,39.1189
174.3189,39.1189
174.3189,39.1189
165.0781,39.812
165.0781,39.812
165.0781,39.812
175.6342,38.9837
175.6342,38.9837
175.6342,38.9837
201.1024,39.0293
201.1024,39.0293
201.1024,39.0293
169.7738,39.302
169.7738,39.302
169.7738,39.302
167.0336,37.9989
167.0336,37.9989
167.0336,37.9989
182.6483,38.6698
182.6483,38.6698
182.6483,38.6698
178.5822,38.672
178.5822,38.672
178.5822,38.672
168.4368,38.7858
168.4368,38.7858
168.4368,38.7858
178.5448,38.992
178.5448,38.992
178.5448,38.992
190.7994,39.2657
190.7994,39.2657
190.7994,39.2657
201.4052,37.9358
201.4052,37.9358
201.4052,37.9358
203.9894,39.6245
203.9894,39.6245
203.9894,39.6245
215.2692,39.1413
215.2692,39.1413
215.2692,39.1413
210.7086,38.9527
210.7086,38.9527
210.7086,38.9527
204.0359,37.9716
204.0359,37.9716
204.0359,37.9716
182.4596,38.6657
182.4596,38.6657
182.4596,38.6657
180.034,40.0774
180.034,40.0774
180.034,40.0774
214.5245,38.9809
214.5245,38.9809
214.5245,38.9809
185.1657,38.8382
185.1657,38.8382
185.1657,38.8382
171.5526,39.175
171.5526,39.175
171.5526,39.175
168.932,38.8977
168.932,38.8977
168.932,38.8977
175.1382,40.1287
175.1382,40.1287
175.1382,40.1287
150.5789,38.4912
150.5789,38.4912
150.5789,38.4912
182.7005,38.6405
182.7005,38.6405
182.7005,38.6405
201.2788,39.4435
201.2788,39.4435
201.2788,39.4435
181.3531,38.0325
181.3531,38.0325
181.3531,38.0325
189.5271,37.8876
189.5271,37.8876
189.5271,37.8876
201.0157,38.8213
201.0157,38.8213
201.0157,38.8213
186.7925,38.4968
186.7925,38.4968
186.7925,38.4968
221.9815,39.002
221.9815,39.002
221.9815,39.002
222.4692,38.4398
222.4692,38.4398
222.4692,38.4398
195.6748,38.4371
195.6748,38.4371
195.6748,38.4371
192.7224,39.2493
192.7224,39.2493
192.7224,39.2493
184.7389,39.0201
184.7389,39.0201
184.7389,39.0201
217.5817,38.7116
217.5817,38.7116
217.5817,38.7116
178.1222,38.4409
178.1222,38.4409
178.1222,38.4409
193.4198,39.8566
193.4198,39.8566
193.4198,39.8566
196.4388,38.7393
196.4388,38.7393
196.4388,38.7393
187.854,39.1897
187.854,39.1897
187.854,39.1897
192.1227,39.6356
192.1227,39.6356
192.1227,39.6356
202.5306,39.0045
202.5306,39.0045
202.5306,39.0045
193.5693,39.8782
193.5693,39.8782
193.5693,39.8782
193.5357,38.0308
193.5357,38.0308
193.5357,38.0308
182.7912,39.4092
182.7912,39.4092
182.7912,39.4092
207.3825,38.9319
207.3825,38.9319
207.3825,38.9319
179.181,39.3917
179.181,39.3917
179.181,39.3917
194.3844,39.6016
194.3844,39.6016
194.3844,39.6016
203.042,38.0384
203.042,38.0384
203.042,38.0384
194.3869,38.8902
194.3869,38.8902
194.3869,38.8902
199.6183,39.3895
199.6183,39.3895
199.6183,39.3895
224.9845,38.2933
224.9845,38.2933
224.9845,38.2933
198.0762,38.6765
198.0762,38.6765
198.0762,38.6765
194.971,39.0141
194.971,39.0141
194.971,39.0141
179.3949,38.1485
179.3949,38.1485
179.3949,38.1485
217.402,38.8447
217.402,38.8447
217.402,38.8447
208.9973,38.8394
208.9973,38.8394
208.9973,38.8394
194.1225,40.1013
194.1225,40.1013
194.1225,40.1013
168.5393,40.0904
168.5393,40.0904
168.5393,40.0904
212.0958,38.9728
212.0958,38.9728
212.0958,38.9728
197.7082,38.7514
197.7082,38.7514
197.7082,38.7514
194.4432,38.1649
194.4432,38.1649
194.4432,38.1649
196.9429,38.7921
196.9429,38.7921
196.9429,38.7921
207.6234,37.9344
207.6234,37.9344
207.6234,37.9344
205.435,40.1857
205.435,40.1857
205.435,40.1857
184.3656,38.7842
184.3656,38.7842
184.3656,38.7842
219.2868,38.5506
219.2868,38.5506
219.2868,38.5506
201.6545,38.6978
201.6545,38.6978
201.6545,38.6978
214.4725,38.0379
214.4725,38.0379
214.4725,38.0379
222.7972,38.5096
222.7972,38.5096
222.7972,38.5096
217.9401,39.8697
217.9401,39.8697
217.9401,39.8697
171.5413,38.0313
171.5413,38.0313
171.5413,38.0313
230.1395,39.3019
230.1395,39.3019
230.1395,39.3019
190.393,38.8672
190.393,38.8672
190.393,38.8672
199.7116,39.0819
199.7116,39.0819
199.7116,39.0819
205.9117,39.4084
205.9117,39.4084
205.9117,39.4084
217.0888,39.1141
217.0888,39.1141
217.0888,39.1141
213.1774,38.2621
213.1774,38.2621
213.1774,38.2621
215.6484,39.2924
215.6484,39.2924
215.6484,39.2924
180.8707,39.1255
180.8707,39.1255
180.8707,39.1255
191.1428,38.5157
191.1428,38.5157
191.1428,38.5157
198.0978,39.1479
198.0978,39.1479
198.0978,39.1479
207.0169,39.7416
207.0169,39.7416
207.0169,39.7416
180.0455,38.875
180.0455,38.875
180.0455,38.875
199.6578,39.324
199.6578,39.324
199.6578,39.324
191.5405,38.7219
191.5405,38.7219
191.5405,38.7219
203.4671,39.3119
203.4671,39.3119
203.4671,39.3119
171.6954,39.6652
171.6954,39.6652
171.6954,39.6652
202.0605,40.311
202.0605,40.311
202.0605,40.311
161.5911,38.1884
161.5911,38.1884
161.5911,38.1884
175.0159,40.0725
175.0159,40.0725
175.0159,40.0725
170.7569,40.0335
170.7569,40.0335
170.7569,40.0335
175.2453,39.5632
175.2453,39.5632
175.2453,39.5632
182.8697,37.8383
182.8697,37.8383
182.8697,37.8383
164.1783,39.4239
164.1783,39.4239
164.1783,39.4239
183.4593,38.8468
183.4593,38.8468
183.4593,38.8468
218.8661,38.4192
218.8661,38.4192
218.8661,38.4192
181.883,39.5021
181.883,39.5021
181.883,39.5021
195.6358,39.0715
195.6358,39.0715
195.6358,39.0715
174.8079,40.2687
174.8079,40.2687
174.8079,40.2687
187.3476,40.411
187.3476,40.411
187.3476,40.411
164.8311,40.0543
164.8311,40.0543
164.8311,40.0543
178.8936,40.0651
178.8936,40.0651
178.8936,40.0651
173.3123,39.3436
173.3123,39.3436
173.3123,39.3436
169.0014,39.8567
169.0014,39.8567
169.0014,39.8567
174.9563,40.0274
174.9563,40.0274
174.9563,40.0274
184.768,39.0184
184.768,39.0184
184.768,39.0184
175.9586,39.196
175.9586,39.196
175.9586,39.196
183.5232,38.4116
183.5232,38.4116
183.5232,38.4116
185.9212,39.8372
185.9212,39.8372
185.9212,39.8372
179.0114,40.9777
179.0114,40.9777
179.0114,40.9777
158.7564,39.1419
158.7564,39.1419
158.7564,39.1419
169.0326,39.0846
169.0326,39.0846
169.0326,39.0846
192.3127,40.1209
192.3127,40.1209
192.3127,40.1209
166.4476,39.7489
166.4476,39.7489
166.4476,39.7489
186.3064,40.8635
186.3064,40.8635
186.3064,40.8635
170.7621,39.3716
170.7621,39.3716
170.7621,39.3716
203.073,38.6486
203.073,38.6486
203.073,38.6486
191.783,38.6631
191.783,38.6631
191.783,38.6631
188.8518,38.3165
188.8518,38.3165
188.8518,38.3165
171.841,39.6432
171.841,39.6432
171.841,39.6432
187.6136,40.0174
187.6136,40.0174
187.6136,40.0174
188.1517,39.5255
188.1517,39.5255
188.1517,39.5255
177.4956,39.7982
177.4956,39.7982
177.4956,39.7982
159.1076,40.0765
159.1076,40.0765
159.1076,40.0765
140.2529,40.2748
140.2529,40.2748
140.2529,40.2748
192.9155,39.0784
192.9155,39.0784
192.9155,39.0784
209.9414,40.5483
209.9414,40.5483
209.9414,40.5483
152.1136,39.5537
152.1136,39.5537
152.1136,39.5537
179.4287,40.9901
179.4287,40.9901
179.4287,40.9901
153.5672,39.3274
153.5672,39.3274
153.5672,39.3274
200.6889,40.2931
200.6889,40.2931
200.6889,40.2931
180.2358,40.4241
180.2358,40.4241
180.2358,40.4241
163.1092,39.9809
163.1092,39.9809
163.1092,39.9809
187.5225,39.5052
187.5225,39.5052
187.5225,39.5052
170.8369,39.5572
170.8369,39.5572
170.8369,39.5572
167.9875,40.0738
167.9875,40.0738
167.9875,40.0738
171.0777,39.2288
171.0777,39.2288
171.0777,39.2288
163.9703,39.3179
163.9703,39.3179
163.9703,39.3179
185.3952,39.1348
185.3952,39.1348
185.3952,39.1348
170.3426,39.5946
170.3426,39.5946
170.3426,39.5946
172.6746,39.8397
172.6746,39.8397
172.6746,39.8397
169.8961,40.5615
169.8961,40.5615
169.8961,40.5615
164.8928,39.627
164.8928,39.627
164.8928,39.627
165.7397,40.4509
165.7397,40.4509
165.7397,40.4509
174.6988,41.0571
174.6988,41.0571
174.6988,41.0571
151.95,39.4073
151.95,39.4073
151.95,39.4073
181.5446,39.0789
181.5446,39.0789
181.5446,39.0789
158.9277,41.1083
158.9277,41.1083
158.9277,41.1083
174.147,39.8897
174.147,39.8897
174.147,39.8897
156.2973,39.5317
156.2973,39.5317
156.2973,39.5317
173.381,39.1837
173.381,39.1837
173.381,39.1837
139.5107,39.9312
139.5107,39.9312
139.5107,39.9312
173.0455,39.2932
173.0455,39.2932
173.0455,39.2932
160.7682,40.6741
160.7682,40.6741
160.7682,40.6741
153.0302,40.3797
153.0302,40.3797
153.0302,40.3797
162.8621,40.3383
162.8621,40.3383
162.8621,40.3383
167.678,39.5311
167.678,39.5311
167.678,39.5311
161.5605,38.5609
161.5605,38.5609
161.5605,38.5609
167.6221,41.2872
167.6221,41.2872
167.6221,41.2872
142.8553,39.7369
142.8553,39.7369
142.8553,39.7369
162.2199,39.7868
162.2199,39.7868
162.2199,39.7868
178.138,40.5634
178.138,40.5634
178.138,40.5634
148.0328,39.9773
148.0328,39.9773
148.0328,39.9773
153.7493,40.172
153.7493,40.172
153.7493,40.172
158.7788,41.3039
158.7788,41.3039
158.7788,41.3039
157.1779,40.3408
157.1779,40.3408
157.1779,40.3408
157.5431,39.445
157.5431,39.445
157.5431,39.445
159.9705,40.5759
159.9705,40.5759
159.9705,40.5759
146.6471,39.9193
146.6471,39.9193
146.6471,39.9193
165.3362,40.6525
165.3362,40.6525
165.3362,40.6525
136.5983,39.9667
136.5983,39.9667
136.5983,39.9667
161.8146,39.7401
161.8146,39.7401
161.8146,39.7401
169.9606,40.0625
169.9606,40.0625
169.9606,40.0625
144.5344,40.6496
144.5344,40.6496
144.5344,40.6496
152.1898,39.8184
152.1898,39.8184
152.1898,39.8184
152.0941,40.39
152.0941,40.39
152.0941,40.39
149.2833,39.9723
149.2833,39.9723
149.2833,39.9723
178.0307,40.1531
178.0307,40.1531
178.0307,40.1531
172.4352,39.1781
172.4352,39.1781
172.4352,39.1781
163.3774,41.257
163.3774,41.257
163.3774,41.257
154.1688,39.0134
154.1688,39.0134
154.1688,39.0134
169.6233,40.4293
169.6233,40.4293
169.6233,40.4293
168.8936,40.8896
168.8936,40.8896
168.8936,40.8896
181.3278,40.7249
181.3278,40.7249
181.3278,40.7249
159.6636,40.3698
159.6636,40.3698
159.6636,40.3698
169.0781,39.7614
169.0781,39.7614
169.0781,39.7614
165.0702,40.7625
165.0702,40.7625
165.0702,40.7625
167.8517,41.3258
167.8517,41.3258
167.8517,41.3258
159.1743,40.5694
159.1743,40.5694
159.1743,40.5694
158.0911,40.2429
158.0911,40.2429
158.0911,40.2429
161.844,39.3754
161.844,39.3754
161.844,39.3754
169.4116,39.473
169.4116,39.473
169.4116,39.473
169.8099,40.6581
169.8099,40.6581
169.8099,40.6581
168.9561,41.1101
168.9561,41.1101
168.9561,41.1101
174.4117,40.188
174.4117,40.188
174.4117,40.188
170.2,39.9597
170.2,39.9597
170.2,39.9597
158.2145,39.9374
158.2145,39.9374
158.2145,39.9374
153.7937,40.2474
153.7937,40.2474
153.7937,40.2474
176.7366,40.0845
176.7366,40.0845
176.7366,40.0845
185.4832,40.5299
185.4832,40.5299
185.4832,40.5299
166.5066,40.0788
166.5066,40.0788
166.5066,40.0788
159.5384,41.1413
159.5384,41.1413
159.5384,41.1413
150.5254,40.5746
150.5254,40.5746
150.5254,40.5746
183.5569,39.7996
183.5569,39.7996
183.5569,39.7996
162.9748,40.56
162.9748,40.56
162.9748,40.56
169.2791,40.3445
169.2791,40.3445
169.2791,40.3445
161.4367,40.3988
161.4367,40.3988
161.4367,40.3988
177.9141,39.6664
177.9141,39.6664
177.9141,39.6664
173.8608,39.8757
173.8608,39.8757
173.8608,39.8757
166.996,39.035
166.996,39.035
166.996,39.035
154.0734,40.5546
154.0734,40.5546
154.0734,40.5546
156.1767,40.7128
156.1767,40.7128
156.1767,40.7128
155.2048,40.2466
155.2048,40.2466
155.2048,40.2466
149.9409,40.2909
149.9409,40.2909
149.9409,40.2909
145.2201,40.6281
145.2201,40.6281
145.2201,40.6281
157.5958,39.5118
157.5958,39.5118
157.5958,39.5118
151.8821,39.9739
151.8821,39.9739
151.8821,39.9739
152.5909,39.5716
152.5909,39.5716
152.5909,39.5716
180.6673,39.8455
180.6673,39.8455
180.6673,39.8455
138.1564,40.562
138.1564,40.562
138.1564,40.562
152.3344,40.0839
152.3344,40.0839
152.3344,40.0839
152.9242,39.2332
152.9242,39.2332
152.9242,39.2332
165.7439,39.3462
165.7439,39.3462
165.7439,39.3462
148.786,40.0133
148.786,40.0133
148.786,40.0133
152.7914,40.841
152.7914,40.841
152.7914,40.841
158.258,40.4916
158.258,40.4916
158.258,40.4916
143.1467,41.0314
143.1467,41.0314
143.1467,41.0314
140.4089,39.7317
140.4089,39.7317
140.4089,39.7317
142.4917,40.29
142.4917,40.29
142.4917,40.29
143.8315,40.6446
143.8315,40.6446
143.8315,40.6446
148.5653,39.9733
148.5653,39.9733
148.5653,39.9733
156.4785,40.9692
156.4785,40.9692
156.4785,40.9692
149.6185,41.3089
149.6185,41.3089
149.6185,41.3089
152.0372,40.4484
152.0372,40.4484
152.0372,40.4484
147.6245,40.7212
147.6245,40.7212
147.6245,40.7212
155.646,39.3183
155.646,39.3183
155.646,39.3183
145.3454,40.5597
145.3454,40.5597
145.3454,40.5597
177.3787,41.1853
177.3787,41.1853
177.3787,41.1853
160.305,40.4426
160.305,40.4426
160.305,40.4426
143.8628,40.5554
143.8628,40.5554
143.8628,40.5554
155.9945,40.8708
155.9945,40.8708
155.9945,40.8708
140.7609,39.9428
140.7609,39.9428
140.7609,39.9428
163.728,40.5127
163.728,40.5127
163.728,40.5127
148.5825,40.3452
148.5825,40.3452
148.5825,40.3452
162.5746,40.2827
162.5746,40.2827
162.5746,40.2827
161.9818,41.3067
161.9818,41.3067
161.9818,41.3067
148.7646,39.8546
148.7646,39.8546
148.7646,39.8546
141.8918,42.532
141.8918,42.532
141.8918,42.532
172.2602,40.5803
172.2602,40.5803
172.2602,40.5803
153.6357,41.2488
153.6357,41.2488
153.6357,41.2488
130.6711,40.1617
130.6711,40.1617
130.6711,40.1617
174.0873,41.1194
174.0873,41.1194
174.0873,41.1194
149.4254,40.0376
149.4254,40.0376
149.4254,40.0376
161.1061,41.4586
161.1061,41.4586
161.1061,41.4586
141.5467,40.1723
141.5467,40.1723
141.5467,40.1723
158.1695,40.9119
158.1695,40.9119
158.1695,40.9119
147.9556,39.7859
147.9556,39.7859
147.9556,39.7859
150.8078,41.0329
150.8078,41.0329
150.8078,41.0329
140.4601,39.9375
140.4601,39.9375
140.4601,39.9375
157.1302,40.9804
157.1302,40.9804
157.1302,40.9804
152.0282,41.1501
152.0282,41.1501
152.0282,41.1501
141.3981,40.9016
141.3981,40.9016
141.3981,40.9016
150.1275,40.2947
150.1275,40.2947
150.1275,40.2947
153.9848,41.5004
153.9848,41.5004
153.9848,41.5004
148.0466,41.5665
148.0466,41.5665
148.0466,41.5665
163.3184,41.077
163.3184,41.077
163.3184,41.077
147.1099,40.9826
147.1099,40.9826
147.1099,40.9826
157.6045,40.5601
157.6045,40.5601
157.6045,40.5601
167.2845,40.6096
167.2845,40.6096
167.2845,40.6096
143.2232,40.644
143.2232,40.644
143.2232,40.644
145.2954,40.3145
145.2954,40.3145
145.2954,40.3145
149.8106,40.2478
149.8106,40.2478
149.8106,40.2478
140.2361,41.0629
140.2361,41.0629
140.2361,41.0629
150.7531,41.2287
150.7531,41.2287
150.7531,41.2287
143.4808,41.2454
143.4808,41.2454
143.4808,41.2454
154.3289,40.2537
154.3289,40.2537
154.3289,40.2537
145.5549,41.1489
145.5549,41.1489
145.5549,41.1489
137.9199,41.2366
137.9199,41.2366
137.9199,41.2366
143.4622,41.4023
143.4622,41.4023
143.4622,41.4023
150.8298,40.7128
150.8298,40.7128
150.8298,40.7128
152.3756,40.8618
152.3756,40.8618
152.3756,40.8618
151.5708,39.861
151.5708,39.861
151.5708,39.861
136.2071,40.1988
136.2071,40.1988
136.2071,40.1988
132.1719,41.1339
132.1719,41.1339
132.1719,41.1339
142.5017,41.0151
142.5017,41.0151
142.5017,41.0151
136.7232,40.9915
136.7232,40.9915
136.7232,40.9915
131.7778,40.4041
131.7778,40.4041
131.7778,40.4041
132.019,41.7989
132.019,41.7989
132.019,41.7989
136.6673,41.5764
136.6673,41.5764
136.6673,41.5764
137.6219,41.5682
137.6219,41.5682
137.6219,41.5682
149.7424,40.9994
149.7424,40.9994
149.7424,40.9994
140.6825,41.6328
140.6825,41.6328
140.6825,41.6328
136.6581,41.4095
136.6581,41.4095
136.6581,41.4095
148.2132,41.0049
148.2132,41.0049
148.2132,41.0049
166.1469,40.0367
166.1469,40.0367
166.1469,40.0367
168.6996,41.2477
168.6996,41.2477
168.6996,41.2477
157.3726,41.9169
157.3726,41.9169
157.3726,41.9169
149.2098,40.556
149.2098,40.556
149.2098,40.556
162.2953,41.4496
162.2953,41.4496
162.2953,41.4496
141.9384,40.6412
141.9384,40.6412
141.9384,40.6412
160.1953,40.0144
160.1953,40.0144
160.1953,40.0144
157.4182,41.1903
157.4182,41.1903
157.4182,41.1903
135.3524,40.1232
135.3524,40.1232
135.3524,40.1232
166.8461,40.8903
166.8461,40.8903
166.8461,40.8903
152.314,40.2864
152.314,40.2864
152.314,40.2864
158.2162,41.0573
158.2162,41.0573
158.2162,41.0573
143.7875,40.5559
143.7875,40.5559
143.7875,40.5559
163.9317,40.6522
163.9317,40.6522
163.9317,40.6522
145.4954,40.8973
145.4954,40.8973
145.4954,40.8973
144.7029,40.9951
144.7029,40.9951
144.7029,40.9951
159.2277,39.698
159.2277,39.698
159.2277,39.698
153.7592,40.6755
153.7592,40.6755
153.7592,40.6755
150.2359,41.1905
150.2359,41.1905
150.2359,41.1905
156.4963,39.865
156.4963,39.865
156.4963,39.865
171.4643,39.1669
171.4643,39.1669
171.4643,39.1669
163.499,40.8089
163.499,40.8089
163.499,40.8089
131.0341,41.0345
131.0341,41.0345
131.0341,41.0345
176.2563,39.1987
176.2563,39.1987
176.2563,39.1987
153.9101,40.5276
153.9101,40.5276
153.9101,40.5276
147.1369,41.1808
147.1369,41.1808
147.1369,41.1808
144.7645,40.9932
144.7645,40.9932
144.7645,40.9932
155.2811,39.2683
155.2811,39.2683
155.2811,39.2683
154.7787,40.5668
154.7787,40.5668
154.7787,40.5668
162.6814,40.6977
162.6814,40.6977
162.6814,40.6977
143.2742,39.7258
143.2742,39.7258
143.2742,39.7258
151.2617,41.4468
151.2617,41.4468
151.2617,41.4468
140.4655,40.9071
140.4655,40.9071
140.4655,40.9071
158.4973,40.4334
158.4973,40.4334
158.4973,40.4334
133.162,41.0021
133.162,41.0021
133.162,41.0021
147.7354,41.3028
147.7354,41.3028
147.7354,41.3028
134.7227,40.8431
134.7227,40.8431
134.7227,40.8431
167.9251,40.7819
167.9251,40.7819
167.9251,40.7819
179.8247,40.4796
179.8247,40.4796
179.8247,40.4796
154.2234,41.2588
154.2234,41.2588
154.2234,41.2588
163.1653,41.4725
163.1653,41.4725
163.1653,41.4725
135.6535,41.5237
135.6535,41.5237
135.6535,41.5237
151.9711,40.4634
151.9711,40.4634
151.9711,40.4634
159.2626,41.0217
159.2626,41.0217
159.2626,41.0217
162.9699,40.6113
162.9699,40.6113
162.9699,40.6113
161.0185,42.4475
161.0185,42.4475
161.0185,42.4475
157.0893,40.2475
157.0893,40.2475
157.0893,40.2475
160.5748,40.9239
160.5748,40.9239
160.5748,40.9239
137.2283,40.4361
137.2283,40.4361
137.2283,40.4361
152.8416,40.8432
152.8416,40.8432
152.8416,40.8432
161.1909,40.7295
161.1909,40.7295
161.1909,40.7295
145.166,41.5354
145.166,41.5354
145.166,41.5354
157.4768,40.5012
157.4768,40.5012
157.4768,40.5012
129.7337,41.0746
129.7337,41.0746
129.7337,41.0746
154.1301,40.7148
154.1301,40.7148
154.1301,40.7148
148.3497,41.3024
148.3497,41.3024
148.3497,41.3024
156.9799,40.8333
156.9799,40.8333
156.9799,40.8333
150.5092,41.8428
150.5092,41.8428
150.5092,41.8428
143.9344,41.0641
143.9344,41.0641
143.9344,41.0641
144.7155,41.859
144.7155,41.859
144.7155,41.859
160.5882,41.7523
160.5882,41.7523
160.5882,41.7523
156.5344,40.6938
156.5344,40.6938
156.5344,40.6938
151.3622,40.1877
151.3622,40.1877
151.3622,40.1877
141.2845,41.4255
141.2845,41.4255
141.2845,41.4255
170.6112,41.8546
170.6112,41.8546
170.6112,41.8546
156.2782,41.2767
156.2782,41.2767
156.2782,41.2767
150.8031,40.0325
150.8031,40.0325
150.8031,40.0325
167.2643,40.2297
167.2643,40.2297
167.2643,40.2297
156.568,40.9268
156.568,40.9268
156.568,40.9268
159.9555,40.6139
159.9555,40.6139
159.9555,40.6139
161.8837,40.7571
161.8837,40.7571
161.8837,40.7571
143.1674,40.8133
143.1674,40.8133
143.1674,40.8133
165.1818,39.1636
165.1818,39.1636
165.1818,39.1636
160.8095,40.7567
160.8095,40.7567
160.8095,40.7567
137.69,40.1148
137.69,40.1148
137.69,40.1148
160.2264,40.7976
160.2264,40.7976
160.2264,40.7976
159.4748,40.9535
159.4748,40.9535
159.4748,40.9535
158.4183,40.088
158.4183,40.088
158.4183,40.088
165.8665,41.5534
165.8665,41.5534
165.8665,41.5534
170.429,41.2975
170.429,41.2975
170.429,41.2975
152.312,41.3658
152.312,41.3658
152.312,41.3658
156.1843,41.2785
156.1843,41.2785
156.1843,41.2785
164.87,40.9588
164.87,40.9588
164.87,40.9588
170.9421,40.5893
170.9421,40.5893
170.9421,40.5893
162.3867,40.6095
162.3867,40.6095
162.3867,40.6095
181.9608,40.4612
181.9608,40.4612
181.9608,40.4612
172.1469,40.8055
172.1469,40.8055
172.1469,40.8055
171.2242,40.3425
171.2242,40.3425
171.2242,40.3425
165.0756,42.0876
165.0756,42.0876
165.0756,42.0876
162.742,40.7865
162.742,40.7865
162.742,40.7865
160.1766,41.0984
160.1766,41.0984
160.1766,41.0984
167.6123,40.7484
167.6123,40.7484
167.6123,40.7484
153.114,39.7589
153.114,39.7589
153.114,39.7589
163.2466,41.386
163.2466,41.386
163.2466,41.386
146.3287,40.7361
146.3287,40.7361
146.3287,40.7361
167.5375,41.3896
167.5375,41.3896
167.5375,41.3896
137.7385,41.1881
137.7385,41.1881
137.7385,41.1881
158.3369,41.1445
158.3369,41.1445
158.3369,41.1445
166.7929,41.6328
166.7929,41.6328
166.7929,41.6328
147.3326,41.9493
147.3326,41.9493
147.3326,41.9493
150.367,40.581
150.367,40.581
150.367,40.581
149.2298,41.1369
149.2298,41.1369
149.2298,41.1369
151.8749,40.2565
151.8749,40.2565
151.8749,40.2565
162.6009,40.4133
162.6009,40.4133
162.6009,40.4133
148.2479,41.2274
148.2479,41.2274
148.2479,41.2274
151.8033,40.6996
151.8033,40.6996
151.8033,40.6996
167.0373,40.6976
167.0373,40.6976
167.0373,40.6976
145.0505,40.3583
145.0505,40.3583
145.0505,40.3583
157.7127,41.1224
157.7127,41.1224
157.7127,41.1224
145.2093,40.9398
145.2093,40.9398
145.2093,40.9398
166.9708,39.6392
166.9708,39.6392
166.9708,39.6392
165.7609,40.7125
165.7609,40.7125
165.7609,40.7125
162.8544,39.698
162.8544,39.698
162.8544,39.698
159.9517,40.7572
159.9517,40.7572
159.9517,40.7572
158.1731,41.4347
158.1731,41.4347
158.1731,41.4347
175.075,40.8342
175.075,40.8342
175.075,40.8342
156.4778,39.9172
156.4778,39.9172
156.4778,39.9172
150.6841,40.7609
150.6841,40.7609
150.6841,40.7609
154.3618,40.6077
154.3618,40.6077
154.3618,40.6077
166.5666,40.9283
166.5666,40.9283
166.5666,40.9283
155.1638,41.4061
155.1638,41.4061
155.1638,41.4061
140.5653,41.6821
140.5653,41.6821
140.5653,41.6821
162.7163,39.4772
162.7163,39.4772
162.7163,39.4772
160.4683,40.4016
160.4683,40.4016
160.4683,40.4016
142.9221,41.8666
142.9221,41.8666
142.9221,41.8666
162.198,39.5956
162.198,39.5956
162.198,39.5956
159.6712,41.2976
159.6712,41.2976
159.6712,41.2976
154.4047,40.5732
154.4047,40.5732
154.4047,40.5732
158.7638,40.8758
158.7638,40.8758
158.7638,40.8758
165.1691,41.8268
165.1691,41.8268
165.1691,41.8268
146.6681,41.0858
146.6681,41.0858
146.6681,41.0858
163.4486,40.3364
163.4486,40.3364
163.4486,40.3364
156.8475,41.6504
156.8475,41.6504
156.8475,41.6504
169.1483,40.4533
169.1483,40.4533
169.1483,40.4533
164.5443,39.5302
164.5443,39.5302
164.5443,39.5302
147.5096,41.1537
147.5096,41.1537
147.5096,41.1537
153.9626,41.2654
153.9626,41.2654
153.9626,41.2654
153.8462,40.8169
153.8462,40.8169
153.8462,40.8169
148.5287,41.0516
148.5287,41.0516
148.5287,41.0516
146.6783,41.6565
146.6783,41.6565
146.6783,41.6565
146.0087,41.4743
146.0087,41.4743
146.0087,41.4743
158.377,41.683
158.377,41.683
158.377,41.683
154.253,42.0814
154.253,42.0814
154.253,42.0814
155.6787,41.1647
155.6787,41.1647
155.6787,41.1647
147.2239,41.5823
147.2239,41.5823
147.2239,41.5823
144.438,40.5555
144.438,40.5555
144.438,40.5555
148.4567,40.6342
148.4567,40.6342
148.4567,40.6342
145.2555,40.5632
145.2555,40.5632
145.2555,40.5632
170.4909,40.586
170.4909,40.586
170.4909,40.586
153.8378,41.2044
153.8378,41.2044
153.8378,41.2044
151.1667,41.906
151.1667,41.906
151.1667,41.906
142.7179,41.1674
142.7179,41.1674
142.7179,41.1674
177.5214,40.6101
177.5214,40.6101
177.5214,40.6101
171.2889,39.4248
171.2889,39.4248
171.2889,39.4248
143.9626,40.3234
143.9626,40.3234
143.9626,40.3234
158.9255,40.8175
158.9255,40.8175
158.9255,40.8175
151.0061,40.7689
151.0061,40.7689
151.0061,40.7689
165.5215,41.0888
165.5215,41.0888
165.5215,41.0888
146.3054,40.111
146.3054,40.111
146.3054,40.111
165.5523,39.4348
165.5523,39.4348
165.5523,39.4348
161.6991,41.1888
161.6991,41.1888
161.6991,41.1888
147.6417,41.3703
147.6417,41.3703
147.6417,41.3703
162.9154,40.7462
162.9154,40.7462
162.9154,40.7462
169.8092,40.1392
169.8092,40.1392
169.8092,40.1392
161.596,40.8236
161.596,40.8236
161.596,40.8236
171.8931,41.5797
171.8931,41.5797
171.8931,41.5797
151.73,41.2784
151.73,41.2784
151.73,41.2784
172.7062,41.1993
172.7062,41.1993
172.7062,41.1993
168.8552,40.0904
168.8552,40.0904
168.8552,40.0904
150.2331,41.1979
150.2331,41.1979
150.2331,41.1979
159.9216,41.2599
159.9216,41.2599
159.9216,41.2599
165.3729,41.572
165.3729,41.572
165.3729,41.572
184.8118,40.3418
184.8118,40.3418
184.8118,40.3418
155.5278,40.1707
155.5278,40.1707
155.5278,40.1707
166.4525,41.2212
166.4525,41.2212
166.4525,41.2212
147.6211,41.4406
147.6211,41.4406
147.6211,41.4406
181.7842,40.5167
181.7842,40.5167
181.7842,40.5167
163.1417,40.5975
163.1417,40.5975
163.1417,40.5975
181.3285,41.3752
181.3285,41.3752
181.3285,41.3752
158.6487,40.6098
158.6487,40.6098
158.6487,40.6098
150.5696,40.5581
150.5696,40.5581
150.5696,40.5581
177.0078,40.2024
177.0078,40.2024
177.0078,40.2024
167.7927,40.8902
167.7927,40.8902
167.7927,40.8902
149.5322,40.9247
149.5322,40.9247
149.5322,40.9247
159.3509,41.2474
159.3509,41.2474
159.3509,41.2474
151.8181,40.5387
151.8181,40.5387
151.8181,40.5387
174.8457,40.5568
174.8457,40.5568
174.8457,40.5568
149.6394,41.0776
149.6394,41.0776
149.6394,41.0776
169.1263,40.954
169.1263,40.954
169.1263,40.954
169.2438,39.5093
169.2438,39.5093
169.2438,39.5093
170.459,40.3036
170.459,40.3036
170.459,40.3036
157.8902,41.1739
157.8902,41.1739
157.8902,41.1739
177.2684,41.7079
177.2684,41.7079
177.2684,41.7079
153.4983,40.4276
153.4983,40.4276
153.4983,40.4276
158.987,41.4935
158.987,41.4935
158.987,41.4935
157.6831,40.2924
157.6831,40.2924
157.6831,40.2924
146.2122,40.7269
146.2122,40.7269
146.2122,40.7269
150.1403,40.2909
150.1403,40.2909
150.1403,40.2909
148.1827,41.8699
148.1827,41.8699
148.1827,41.8699
150.4081,41.0269
150.4081,41.0269
150.4081,41.0269
143.6982,40.5333
143.6982,40.5333
143.6982,40.5333
152.3979,40.9048
152.3979,40.9048
152.3979,40.9048
145.6866,40.4071
145.6866,40.4071
145.6866,40.4071
155.7605,40.2386
155.7605,40.2386
155.7605,40.2386
161.6149,40.3559
161.6149,40.3559
161.6149,40.3559
162.3573,39.935
162.3573,39.935
162.3573,39.935
157.7543,42.0421
157.7543,42.0421
157.7543,42.0421
160.2109,39.7676
160.2109,39.7676
160.2109,39.7676
143.9424,40.4614
143.9424,40.4614
143.9424,40.4614
147.6683,41.2863
147.6683,41.2863
147.6683,41.2863
132.686,41.6712
132.686,41.6712
132.686,41.6712
155.2247,40.9199
155.2247,40.9199
155.2247,40.9199
139.4018,40.4249
139.4018,40.4249
139.4018,40.4249
133.7147,40.458
133.7147,40.458
133.7147,40.458
146.0853,41.3556
146.0853,41.3556
146.0853,41.3556
141.8305,41.0806
141.8305,41.0806
141.8305,41.0806
152.7863,41.5662
152.7863,41.5662
152.7863,41.5662
156.8925,39.8138
156.8925,39.8138
156.8925,39.8138
137.5951,41.6356
137.5951,41.6356
137.5951,41.6356
142.2057,41.538
142.2057,41.538
142.2057,41.538
143.9427,39.8253
143.9427,39.8253
143.9427,39.8253
145.4943,41.5191
145.4943,41.5191
145.4943,41.5191
150.9844,41.9535
150.9844,41.9535
150.9844,41.9535
145.2304,41.057
145.2304,41.057
145.2304,41.057
144.9478,40.529
144.9478,40.529
144.9478,40.529
143.5124,40.9042
143.5124,40.9042
143.5124,40.9042
167.6948,40.9026
167.6948,40.9026
167.6948,40.9026
151.0304,40.7711
151.0304,40.7711
151.0304,40.7711
151.2663,40.5573
151.2663,40.5573
151.2663,40.5573
163.7269,41.2013
163.7269,41.2013
163.7269,41.2013
126.5431,40.7563
126.5431,40.7563
126.5431,40.7563
166.6068,41.6023
166.6068,41.6023
166.6068,41.6023
144.746,41.7821
144.746,41.7821
144.746,41.7821
147.0296,40.7789
147.0296,40.7789
147.0296,40.7789
153.9497,40.3047
153.9497,40.3047
153.9497,40.3047
134.2743,40.9126
134.2743,40.9126
134.2743,40.9126
156.5616,41.3225
156.5616,41.3225
156.5616,41.3225
167.2182,41.3234
167.2182,41.3234
167.2182,41.3234
157.1998,41.1244
157.1998,41.1244
157.1998,41.1244
142.1602,40.853
142.1602,40.853
142.1602,40.853
149.6155,40.9362
149.6155,40.9362
149.6155,40.9362
153.6052,40.4132
153.6052,40.4132
153.6052,40.4132
160.34,39.7027
160.34,39.7027
160.34,39.7027
155.5861,39.9961
155.5861,39.9961
155.5861,39.9961
133.7337,41.1233
133.7337,41.1233
133.7337,41.1233
146.7416,40.0377
146.7416,40.0377
146.7416,40.0377
135.6881,42.3238
135.6881,42.3238
135.6881,42.3238
155.9138,41.6885
155.9138,41.6885
155.9138,41.6885
132.9082,40.8492
132.9082,40.8492
132.9082,40.8492
140.1026,40.9595
140.1026,40.9595
140.1026,40.9595
143.6682,41.5438
143.6682,41.5438
143.6682,41.5438
132.6804,39.9361
132.6804,39.9361
132.6804,39.9361
146.0639,42.0887
146.0639,42.0887
146.0639,42.0887
137.3832,40.4032
137.3832,40.4032
137.3832,40.4032
150.1537,40.6131
150.1537,40.6131
150.1537,40.6131
147.3092,41.5741
147.3092,41.5741
147.3092,41.5741
143.8299,42.0062
143.8299,42.0062
143.8299,42.0062
137.676,41.1246
137.676,41.1246
137.676,41.1246
137.2081,41.3316
137.2081,41.3316
137.2081,41.3316
128.6046,40.9856
128.6046,40.9856
128.6046,40.9856
137.4357,41.5428
137.4357,41.5428
137.4357,41.5428
143.9184,41.1849
143.9184,41.1849
143.9184,41.1849
129.7018,41.4372
129.7018,41.4372
129.7018,41.4372
145.9106,40.4471
145.9106,40.4471
145.9106,40.4471
152.1196,41.6704
152.1196,41.6704
152.1196,41.6704
147.1647,41.3829
147.1647,41.3829
147.1647,41.3829
137.6241,40.4726
137.6241,40.4726
137.6241,40.4726
150.5272,41.5287
150.5272,41.5287
150.5272,41.5287
143.1062,41.1819
143.1062,41.1819
143.1062,41.1819
148.4661,42.1559
148.4661,42.1559
148.4661,42.1559
146.6874,41.8239
146.6874,41.8239
146.6874,41.8239
162.0053,40.1732
162.0053,40.1732
162.0053,40.1732
154.6967,41.8841
154.6967,41.8841
154.6967,41.8841
149.5004,41.573
149.5004,41.573
149.5004,41.573
146.3156,41.1809
146.3156,41.1809
146.3156,41.1809
157.9536,41.5369
157.9536,41.5369
157.9536,41.5369
159.3308,41.7034
159.3308,41.7034
159.3308,41.7034
142.6508,40.5051
142.6508,40.5051
142.6508,40.5051
145.8716,40.4716
145.8716,40.4716
145.8716,40.4716
150.5962,41.3747
150.5962,41.3747
150.5962,41.3747
149.6693,40.5873
149.6693,40.5873
149.6693,40.5873
134.6737,41.167
134.6737,41.167
134.6737,41.167
131.2997,42.1925
131.2997,42.1925
131.2997,42.1925
143.7747,42.1364
143.7747,42.1364
143.7747,42.1364
149.6591,41.3346
149.6591,41.3346
149.6591,41.3346
140.4067,41.7527
140.4067,41.7527
140.4067,41.7527
159.6561,41.9793
159.6561,41.9793
159.6561,41.9793
142.7027,41.4589
142.7027,41.4589
142.7027,41.4589
159.3106,41.5742
159.3106,41.5742
159.3106,41.5742
162.955,40.9086
162.955,40.9086
162.955,40.9086
138.3104,40.8853
138.3104,40.8853
138.3104,40.8853
155.321,42.169
155.321,42.169
155.321,42.169
155.2596,42.1697
155.2596,42.1697
155.2596,42.1697
152.2766,41.6093
152.2766,41.6093
152.2766,41.6093
139.812,41.7283
139.812,41.7283
139.812,41.7283
132.2498,42.6838
132.2498,42.6838
132.2498,42.6838
127.8319,41.0438
127.8319,41.0438
127.8319,41.0438
155.3366,41.6063
155.3366,41.6063
155.3366,41.6063
157.6518,40.9009
157.6518,40.9009
157.6518,40.9009
142.2919,41.129
142.2919,41.129
142.2919,41.129
148.3672,40.7024
148.3672,40.7024
148.3672,40.7024
163.6437,41.2026
163.6437,41.2026
163.6437,41.2026
157.4923,41.3544
157.4923,41.3544
157.4923,41.3544
159.9804,40.5736
159.9804,40.5736
159.9804,40.5736
168.6838,41.8226
168.6838,41.8226
168.6838,41.8226
172.7251,41.1003
172.7251,41.1003
172.7251,41.1003
147.8047,41.5284
147.8047,41.5284
147.8047,41.5284
156.6427,40.7091
156.6427,40.7091
156.6427,40.7091
149.7176,39.8831
149.7176,39.8831
149.7176,39.8831
161.4144,41.5672
161.4144,41.5672
161.4144,41.5672
179.5826,40.5691
179.5826,40.5691
179.5826,40.5691
159.1867,41.7314
159.1867,41.7314
159.1867,41.7314
157.6707,41.5933
157.6707,41.5933
157.6707,41.5933
148.3025,42.7915
148.3025,42.7915
148.3025,42.7915
144.7462,41.4965
144.7462,41.4965
144.7462,41.4965
144.0286,41.3773
144.0286,41.3773
144.0286,41.3773
150.7151,41.5807
150.7151,41.5807
150.7151,41.5807
139.6876,41.102
139.6876,41.102
139.6876,41.102
151.2349,41.4478
151.2349,41.4478
151.2349,41.4478
158.4283,41.7052
158.4283,41.7052
158.4283,41.7052
152.8211,41.3611
152.8211,41.3611
152.8211,41.3611
139.2868,41.4973
139.2868,41.4973
139.2868,41.4973
139.2575,40.6354
139.2575,40.6354
139.2575,40.6354
149.7587,41.7103
149.7587,41.7103
149.7587,41.7103
146.5577,41.1907
146.5577,41.1907
146.5577,41.1907
158.3845,42.2072
158.3845,42.2072
158.3845,42.2072
137.8598,41.7337
137.8598,41.7337
137.8598,41.7337
149.5668,41.4968
149.5668,41.4968
149.5668,41.4968
155.4657,40.4126
155.4657,40.4126
155.4657,40.4126
163.3658,41.4423
163.3658,41.4423
163.3658,41.4423
129.246,42.601
129.246,42.601
129.246,42.601
152.157,41.782
152.157,41.782
152.157,41.782
131.8962,41.2491
131.8962,41.2491
131.8962,41.2491
139.6313,42.5994
139.6313,42.5994
139.6313,42.5994
151.6132,41.7573
151.6132,41.7573
151.6132,41.7573
166.6257,41.5078
166.6257,41.5078
166.6257,41.5078
129.2942,41.9066
129.2942,41.9066
129.2942,41.9066
148.4425,41.1151
148.4425,41.1151
148.4425,41.1151
149.1599,42.0976
149.1599,42.0976
149.1599,42.0976
142.8568,41.4588
142.8568,41.4588
142.8568,41.4588
135.4021,41.6438
135.4021,41.6438
135.4021,41.6438
150.6358,41.6064
150.6358,41.6064
150.6358,41.6064
126.9259,41.3386
126.9259,41.3386
126.9259,41.3386
146.2726,41.7853
146.2726,41.7853
146.2726,41.7853
139.2265,41.5489
139.2265,41.5489
139.2265,41.5489
134.3706,41.7672
134.3706,41.7672
134.3706,41.7672
147.7596,42.1344
147.7596,42.1344
147.7596,42.1344
135.563,41.0704
135.563,41.0704
135.563,41.0704
139.9919,41.449
139.9919,41.449
139.9919,41.449
178.0879,40.1857
178.0879,40.1857
178.0879,40.1857
149.7901,41.1104
149.7901,41.1104
149.7901,41.1104
151.7068,42.3027
151.7068,42.3027
151.7068,42.3027
131.9367,42.0465
131.9367,42.0465
131.9367,42.0465
137.3992,41.8577
137.3992,41.8577
137.3992,41.8577
142.3368,41.9258
142.3368,41.9258
142.3368,41.9258
158.491,42.4576
158.491,42.4576
158.491,42.4576
139.955,40.2564
139.955,40.2564
139.955,40.2564
152.4343,40.625
152.4343,40.625
152.4343,40.625
129.2981,41.4671
129.2981,41.4671
129.2981,41.4671
148.8975,41.5227
148.8975,41.5227
148.8975,41.5227
141.0245,41.8279
141.0245,41.8279
141.0245,41.8279
141.6891,40.5802
141.6891,40.5802
141.6891,40.5802
139.4618,41.1627
139.4618,41.1627
139.4618,41.1627
141.3922,41.5264
141.3922,41.5264
141.3922,41.5264
147.4044,41.3944
147.4044,41.3944
147.4044,41.3944
132.9071,41.8287
132.9071,41.8287
132.9071,41.8287
155.8338,41.8419
155.8338,41.8419
155.8338,41.8419
147.4462,41.8996
147.4462,41.8996
147.4462,41.8996
129.0593,41.0103
129.0593,41.0103
129.0593,41.0103
139.4384,41.9434
139.4384,41.9434
139.4384,41.9434
145.8353,41.7004
145.8353,41.7004
145.8353,41.7004
133.5735,42.3087
133.5735,42.3087
133.5735,42.3087
144.2877,41.116
144.2877,41.116
144.2877,41.116
135.707,42.2051
135.707,42.2051
135.707,42.2051
150.4582,41.7267
150.4582,41.7267
150.4582,41.7267
149.8213,41.7664
149.8213,41.7664
149.8213,41.7664
155.3926,41.0676
155.3926,41.0676
155.3926,41.0676
147.0147,41.0568
147.0147,41.0568
147.0147,41.0568
143.9209,40.4699
143.9209,40.4699
143.9209,40.4699
140.703,41.2908
140.703,41.2908
140.703,41.2908
151.0258,42.0734
151.0258,42.0734
151.0258,42.0734
150.5758,41.8161
150.5758,41.8161
150.5758,41.8161
125.3056,43.0614
125.3056,43.0614
125.3056,43.0614
146.3683,41.3913
146.3683,41.3913
146.3683,41.3913
138.0829,40.2766
138.0829,40.2766
138.0829,40.2766
138.359,42.0166
138.359,42.0166
138.359,42.0166
126.3914,42.7453
126.3914,42.7453
126.3914,42.7453
151.8017,42.6329
151.8017,42.6329
151.8017,42.6329
137.8437,42.5019
137.8437,42.5019
137.8437,42.5019
137.156,43.2966
137.156,43.2966
137.156,43.2966
133.3065,40.7058
133.3065,40.7058
133.3065,40.7058
134.2749,41.3486
134.2749,41.3486
134.2749,41.3486
140.9036,41.1996
140.9036,41.1996
140.9036,41.1996
141.0117,41.35
141.0117,41.35
141.0117,41.35
139.7312,41.4907
139.7312,41.4907
139.7312,41.4907
140.2344,40.8638
140.2344,40.8638
140.2344,40.8638
149.4843,41.8346
149.4843,41.8346
149.4843,41.8346
148.9382,41.1793
148.9382,41.1793
148.9382,41.1793
138.6555,42.2202
138.6555,42.2202
138.6555,42.2202
164.5218,40.8051
164.5218,40.8051
164.5218,40.8051
164.3522,41.3912
164.3522,41.3912
164.3522,41.3912
147.9803,41.3662
147.9803,41.3662
147.9803,41.3662
135.8451,40.8289
135.8451,40.8289
135.8451,40.8289
133.3644,41.4102
133.3644,41.4102
133.3644,41.4102
135.9312,42.2038
135.9312,42.2038
135.9312,42.2038
136.8069,41.6644
136.8069,41.6644
136.8069,41.6644
153.3971,41.3673
153.3971,41.3673
153.3971,41.3673
138.66,43.2331
138.66,43.2331
138.66,43.2331
137.1605,41.4602
137.1605,41.4602
137.1605,41.4602
138.2963,41.0807
138.2963,41.0807
138.2963,41.0807
123.8825,41.821
123.8825,41.821
123.8825,41.821
152.5738,41.7864
152.5738,41.7864
152.5738,41.7864
135.0534,41.0287
135.0534,41.0287
135.0534,41.0287
130.3582,41.491
130.3582,41.491
130.3582,41.491
140.6754,41.1204
140.6754,41.1204
140.6754,41.1204
147.9657,42.6937
147.9657,42.6937
147.9657,42.6937
123.1328,40.9083
123.1328,40.9083
123.1328,40.9083
142.0839,41.7593
142.0839,41.7593
142.0839,41.7593
150.7309,40.951
150.7309,40.951
150.7309,40.951
128.366,41.8005
128.366,41.8005
128.366,41.8005
141.6157,41.5408
141.6157,41.5408
141.6157,41.5408
140.463,41.8689
140.463,41.8689
140.463,41.8689
146.9587,41.1604
146.9587,41.1604
146.9587,41.1604
159.0568,41.2218
159.0568,41.2218
159.0568,41.2218
155.1577,41.1055
155.1577,41.1055
155.1577,41.1055
148.7519,42.4455
148.7519,42.4455
148.7519,42.4455
148.9293,40.7466
148.9293,40.7466
148.9293,40.7466
156.4362,41.2731
156.4362,41.2731
156.4362,41.2731
145.9034,40.5472
145.9034,40.5472
145.9034,40.5472
155.181,41.2018
155.181,41.2018
155.181,41.2018
149.4645,40.4264
149.4645,40.4264
149.4645,40.4264
144.7661,41.0581
144.7661,41.0581
144.7661,41.0581
161.5546,42.3562
161.5546,42.3562
161.5546,42.3562
131.146,40.9497
131.146,40.9497
131.146,40.9497
149.2009,41.7297
149.2009,41.7297
149.2009,41.7297
154.2876,41.7414
154.2876,41.7414
154.2876,41.7414
144.1326,42.0549
144.1326,42.0549
144.1326,42.0549
151.487,41.4872
151.487,41.4872
151.487,41.4872
145.2137,41.203
145.2137,41.203
145.2137,41.203
143.8857,41.5375
143.8857,41.5375
143.8857,41.5375
151.8637,40.8084
151.8637,40.8084
151.8637,40.8084
156.4823,42.107
156.4823,42.107
156.4823,42.107
141.9323,42.3328
141.9323,42.3328
141.9323,42.3328
138.4807,42.1445
138.4807,42.1445
138.4807,42.1445
154.8943,40.3328
154.8943,40.3328
154.8943,40.3328
133.1645,41.9405
133.1645,41.9405
133.1645,41.9405
140.4097,42.0321
140.4097,42.0321
140.4097,42.0321
139.7731,41.0048
139.7731,41.0048
139.7731,41.0048
148.0803,42.2287
148.0803,42.2287
148.0803,42.2287
145.4854,43.0384
145.4854,43.0384
145.4854,43.0384
131.2691,41.6601
131.2691,41.6601
131.2691,41.6601
149.6872,41.2744
149.6872,41.2744
149.6872,41.2744
128.5646,41.7077
128.5646,41.7077
128.5646,41.7077
140.727,42.4891
140.727,42.4891
140.727,42.4891
135.4223,42.1232
135.4223,42.1232
135.4223,42.1232
138.3576,42.1461
138.3576,42.1461
138.3576,42.1461
130.1035,41.5532
130.1035,41.5532
130.1035,41.5532
137.0427,42.8284
137.0427,42.8284
137.0427,42.8284
155.0909,41.8678
155.0909,41.8678
155.0909,41.8678
144.2935,42.3595
144.2935,42.3595
144.2935,42.3595
149.3368,42.4226
149.3368,42.4226
149.3368,42.4226
124.77,42.0971
124.77,42.0971
124.77,42.0971
141.7632,42.9166
141.7632,42.9166
141.7632,42.9166
129.5006,41.2799
129.5006,41.2799
129.5006,41.2799
149.2238,42.5511
149.2238,42.5511
149.2238,42.5511
137.9962,42.5771
137.9962,42.5771
137.9962,42.5771
131.7529,41.9103
131.7529,41.9103
131.7529,41.9103
135.0259,40.8833
135.0259,40.8833
135.0259,40.8833
134.8822,42.5949
134.8822,42.5949
134.8822,42.5949
138.3138,41.7248
138.3138,41.7248
138.3138,41.7248
142.1216,42.0606
142.1216,42.0606
142.1216,42.0606
144.6913,42.0008
144.6913,42.0008
144.6913,42.0008
146.0604,42.2501
146.0604,42.2501
146.0604,42.2501
122.3879,42.852
122.3879,42.852
122.3879,42.852
139.0849,42.2714
139.0849,42.2714
139.0849,42.2714
129.2835,40.5806
129.2835,40.5806
129.2835,40.5806
136.1054,42.2424
136.1054,42.2424
136.1054,42.2424
139.4767,42.5469
139.4767,42.5469
139.4767,42.5469
138.5715,42.8776
138.5715,42.8776
138.5715,42.8776
131.9779,43.265
131.9779,43.265
131.9779,43.265
131.6808,41.8659
131.6808,41.8659
131.6808,41.8659
135.2098,42.6032
135.2098,42.6032
135.2098,42.6032
135.7218,42.0742
135.7218,42.0742
135.7218,42.0742
133.4262,42.4379
133.4262,42.4379
133.4262,42.4379
127.2929,41.9809
127.2929,41.9809
127.2929,41.9809
128.3479,41.9274
128.3479,41.9274
128.3479,41.9274
136.1662,42.1423
136.1662,42.1423
136.1662,42.1423
143.5044,41.867
143.5044,41.867
143.5044,41.867
128.9687,41.7878
128.9687,41.7878
128.9687,41.7878
130.4619,41.9559
130.4619,41.9559
130.4619,41.9559
138.6382,41.1066
138.6382,41.1066
138.6382,41.1066
134.6564,41.1054
134.6564,41.1054
134.6564,41.1054
140.1128,42.1602
140.1128,42.1602
140.1128,42.1602
145.4998,42.1188
145.4998,42.1188
145.4998,42.1188
138.247,41.4344
138.247,41.4344
138.247,41.4344
138.0963,41.7305
138.0963,41.7305
138.0963,41.7305
128.3125,42.2034
128.3125,42.2034
128.3125,42.2034
137.3872,42.7543
137.3872,42.7543
137.3872,42.7543
141.826,40.8825
141.826,40.8825
141.826,40.8825
138.6824,41.679
138.6824,41.679
138.6824,41.679
141.2651,41.3737
141.2651,41.3737
141.2651,41.3737
144.9722,42.1622
144.9722,42.1622
144.9722,42.1622
149.9084,41.2102
149.9084,41.2102
149.9084,41.2102
131.627,40.8887
131.627,40.8887
131.627,40.8887
148.0958,42.0862
148.0958,42.0862
148.0958,42.0862
138.0905,41.7422
138.0905,41.7422
138.0905,41.7422
136.7215,42.1169
136.7215,42.1169
136.7215,42.1169
134.926,41.4032
134.926,41.4032
134.926,41.4032
136.966,43.0195
136.966,43.0195
136.966,43.0195
153.8963,42.1043
153.8963,42.1043
153.8963,42.1043
153.8869,42.4508
153.8869,42.4508
153.8869,42.4508
141.9717,42.3975
141.9717,42.3975
141.9717,42.3975
147.1221,41.0241
147.1221,41.0241
147.1221,41.0241
141.9064,41.0478
141.9064,41.0478
141.9064,41.0478
128.3724,40.7595
128.3724,40.7595
128.3724,40.7595
145.4208,43.242
145.4208,43.242
145.4208,43.242
138.3451,42.8682
138.3451,42.8682
138.3451,42.8682
161.3177,42.0907
161.3177,42.0907
161.3177,42.0907
144.5276,41.7681
144.5276,41.7681
144.5276,41.7681
151.425,40.8006
151.425,40.8006
151.425,40.8006
160.303,42.9243
160.303,42.9243
160.303,42.9243
129.8786,41.8763
129.8786,41.8763
129.8786,41.8763
140.0417,42.3549
140.0417,42.3549
140.0417,42.3549
141.8636,41.8519
141.8636,41.8519
141.8636,41.8519
160.1094,41.4317
160.1094,41.4317
160.1094,41.4317
153.9278,42.1347
153.9278,42.1347
153.9278,42.1347
139.1205,41.3743
139.1205,41.3743
139.1205,41.3743
146.2151,41.7612
146.2151,41.7612
146.2151,41.7612
128.0995,42.046
128.0995,42.046
128.0995,42.046
130.2949,42.0154
130.2949,42.0154
130.2949,42.0154
143.2905,41.0948
143.2905,41.0948
143.2905,41.0948
120.5494,42.671
120.5494,42.671
120.5494,42.671
141.3247,42.8139
141.3247,42.8139
141.3247,42.8139
134.8338,41.4654
134.8338,41.4654
134.8338,41.4654
142.728,42.3015
142.728,42.3015
142.728,42.3015
140.8164,41.9056
140.8164,41.9056
140.8164,41.9056
125.2992,42.3529
125.2992,42.3529
125.2992,42.3529
134.5114,42.1368
134.5114,42.1368
134.5114,42.1368
139.7713,42.9631
139.7713,42.9631
139.7713,42.9631
128.9793,42.4862
128.9793,42.4862
128.9793,42.4862
134.4868,42.2861
134.4868,42.2861
134.4868,42.2861
148.5242,40.9847
148.5242,40.9847
148.5242,40.9847
146.9633,40.8102
146.9633,40.8102
146.9633,40.8102
139.2462,42.0802
139.2462,42.0802
139.2462,42.0802
133.7771,41.5427
133.7771,41.5427
133.7771,41.5427
123.5176,43.2039
123.5176,43.2039
123.5176,43.2039
129.2142,42.2642
129.2142,42.2642
129.2142,42.2642
130.3286,42.7678
130.3286,42.7678
130.3286,42.7678
119.9599,41.6584
119.9599,41.6584
119.9599,41.6584
135.5168,42.9983
135.5168,42.9983
135.5168,42.9983
152.5322,42.0429
152.5322,42.0429
152.5322,42.0429
130.6182,43.5371
130.6182,43.5371
130.6182,43.5371
127.3803,43.1206
127.3803,43.1206
127.3803,43.1206
136.4868,42.1566
136.4868,42.1566
136.4868,42.1566
125.6249,41.415
125.6249,41.415
125.6249,41.415
127.9578,41.0026
127.9578,41.0026
127.9578,41.0026
115.0266,42.0949
115.0266,42.0949
115.0266,42.0949
132.9548,41.5981
132.9548,41.5981
132.9548,41.5981
133.5888,41.7741
133.5888,41.7741
133.5888,41.7741
133.5926,42.1757
133.5926,42.1757
133.5926,42.1757
138.2828,42.372
138.2828,42.372
138.2828,42.372
125.17,43.2429
125.17,43.2429
125.17,43.2429
137.0261,41.0429
137.0261,41.0429
137.0261,41.0429
136.9715,41.7227
136.9715,41.7227
136.9715,41.7227
146.4567,41.3467
146.4567,41.3467
146.4567,41.3467
139.9565,42.8762
139.9565,42.8762
139.9565,42.8762
128.7185,42.4769
128.7185,42.4769
128.7185,42.4769
140.5019,42.1265
140.5019,42.1265
140.5019,42.1265
132.9635,41.8533
132.9635,41.8533
132.9635,41.8533
148.4024,41.7504
148.4024,41.7504
148.4024,41.7504
140.9437,41.2068
140.9437,41.2068
140.9437,41.2068
154.6464,41.228
154.6464,41.228
154.6464,41.228
129.8962,41.1403
129.8962,41.1403
129.8962,41.1403
164.0155,41.8332
164.0155,41.8332
164.0155,41.8332
152.4871,41.8804
152.4871,41.8804
152.4871,41.8804
167.54,41.7442
167.54,41.7442
167.54,41.7442
145.1564,41.9432
145.1564,41.9432
145.1564,41.9432
158.1561,41.073
158.1561,41.073
158.1561,41.073
133.515,41.5846
133.515,41.5846
133.515,41.5846
146.0955,42.5178
146.0955,42.5178
146.0955,42.5178
149.2693,42.2836
149.2693,42.2836
149.2693,42.2836
137.5334,41.9738
137.5334,41.9738
137.5334,41.9738
153.1669,41.827
153.1669,41.827
153.1669,41.827
136.8235,41.5746
136.8235,41.5746
136.8235,41.5746
122.3766,41.8971
122.3766,41.8971
122.3766,41.8971
146.3711,41.1793
146.3711,41.1793
146.3711,41.1793
151.25,41.7496
151.25,41.7496
151.25,41.7496
136.9769,41.7783
136.9769,41.7783
136.9769,41.7783
138.1083,41.2205
138.1083,41.2205
138.1083,41.2205
139.2091,41.4515
139.2091,41.4515
139.2091,41.4515
133.5071,42.9931
133.5071,42.9931
133.5071,42.9931
140.9125,41.0028
140.9125,41.0028
140.9125,41.0028
148.5999,42.4983
148.5999,42.4983
148.5999,42.4983
127.5051,40.7886
127.5051,40.7886
127.5051,40.7886
143.2484,42.8007
143.2484,42.8007
143.2484,42.8007
142.5658,42.092
142.5658,42.092
142.5658,42.092
128.2555,42.4923
128.2555,42.4923
128.2555,42.4923
151.3137,42.6362
151.3137,42.6362
151.3137,42.6362
150.6355,42.279
150.6355,42.279
150.6355,42.279
122.4203,42.3607
122.4203,42.3607
122.4203,42.3607
136.1189,41.7337
136.1189,41.7337
136.1189,41.7337
128.0921,41.9231
128.0921,41.9231
128.0921,41.9231
134.9085,43.2464
134.9085,43.2464
134.9085,43.2464
151.057,40.9805
151.057,40.9805
151.057,40.9805
129.7328,41.2619
129.7328,41.2619
129.7328,41.2619
140.9172,42.0771
140.9172,42.0771
140.9172,42.0771
146.4115,40.9221
146.4115,40.9221
146.4115,40.9221
137.5329,43.082
137.5329,43.082
137.5329,43.082
137.6552,42.9131
137.6552,42.9131
137.6552,42.9131
143.8576,42.4233
143.8576,42.4233
143.8576,42.4233
149.5032,41.3699
149.5032,41.3699
149.5032,41.3699
143.9745,42.2361
143.9745,42.2361
143.9745,42.2361
158.9489,41.2399
158.9489,41.2399
158.9489,41.2399
127.845,41.5854
127.845,41.5854
127.845,41.5854
158.2821,42.4083
158.2821,42.4083
158.2821,42.4083
139.6376,41.8046
139.6376,41.8046
139.6376,41.8046
119.5407,42.7413
119.5407,42.7413
119.5407,42.7413
148.831,41.779
148.831,41.779
148.831,41.779
134.5659,42.241
134.5659,42.241
134.5659,42.241
143.5971,43.211
143.5971,43.211
143.5971,43.211
144.0607,42.5559
144.0607,42.5559
144.0607,42.5559
146.1115,41.5955
146.1115,41.5955
146.1115,41.5955
129.6574,42.2709
129.6574,42.2709
129.6574,42.2709
126.9096,41.3863
126.9096,41.3863
126.9096,41.3863
140.5662,43.4787
140.5662,43.4787
140.5662,43.4787
127.1672,43.0644
127.1672,43.0644
127.1672,43.0644
149.391,42.8569
149.391,42.8569
149.391,42.8569
116.8389,42.3795
116.8389,42.3795
116.8389,42.3795
126.6284,42.2176
126.6284,42.2176
126.6284,42.2176
142.0532,41.8905
142.0532,41.8905
142.0532,41.8905
129.8162,41.8951
129.8162,41.8951
129.8162,41.8951
135.3648,41.5541
135.3648,41.5541
135.3648,41.5541
138.6548,41.7411
138.6548,41.7411
138.6548,41.7411
124.2046,42.7151
124.2046,42.7151
124.2046,42.7151
140.0135,41.9246
140.0135,41.9246
140.0135,41.9246
136.0715,43.2491
136.0715,43.2491
136.0715,43.2491
142.7471,42.6077
142.7471,42.6077
142.7471,42.6077
134.6677,41.9301
134.6677,41.9301
134.6677,41.9301
148.3134,41.8724
148.3134,41.8724
148.3134,41.8724
137.975,41.9213
137.975,41.9213
137.975,41.9213
125.9334,42.0463
125.9334,42.0463
125.9334,42.0463
138.9256,41.9746
138.9256,41.9746
138.9256,41.9746
137.0053,41.8792
137.0053,41.8792
137.0053,41.8792
141.5065,42.7418
141.5065,42.7418
141.5065,42.7418
136.591,42.2086
136.591,42.2086
136.591,42.2086
136.3657,41.9137
136.3657,41.9137
136.3657,41.9137
145.6875,42.7132
145.6875,42.7132
145.6875,42.7132
137.6999,41.8591
137.6999,41.8591
137.6999,41.8591
141.4018,43.6405
141.4018,43.6405
141.4018,43.6405
134.6717,41.3683
134.6717,41.3683
134.6717,41.3683
128.7202,42.908
128.7202,42.908
128.7202,42.908
128.2039,42.7974
128.2039,42.7974
128.2039,42.7974
134.1209,42.0947
134.1209,42.0947
134.1209,42.0947
124.4159,41.8351
124.4159,41.8351
124.4159,41.8351
136.1603,41.1373
136.1603,41.1373
136.1603,41.1373
131.6016,41.9764
131.6016,41.9764
131.6016,41.9764
132.2317,42.1603
132.2317,42.1603
132.2317,42.1603
134.8094,42.1906
134.8094,42.1906
134.8094,42.1906
132.7826,42.5922
132.7826,42.5922
132.7826,42.5922
123.6285,41.6593
123.6285,41.6593
123.6285,41.6593
134.2341,42.7895
134.2341,42.7895
134.2341,42.7895
129.0282,42.4834
129.0282,42.4834
129.0282,42.4834
126.6549,41.8273
126.6549,41.8273
126.6549,41.8273
131.5641,42.3682
131.5641,42.3682
131.5641,42.3682
131.6242,42.9735
131.6242,42.9735
131.6242,42.9735
137.6039,42.5687
137.6039,42.5687
137.6039,42.5687
137.4319,42.2938
137.4319,42.2938
137.4319,42.2938
127.2524,42.4328
127.2524,42.4328
127.2524,42.4328
139.9979,42.8116
139.9979,42.8116
139.9979,42.8116
146.9812,42.9623
146.9812,42.9623
146.9812,42.9623
141.9221,42.1706
141.9221,42.1706
141.9221,42.1706
132.0655,42.3583
132.0655,42.3583
132.0655,42.3583
131.4941,41.9998
131.4941,41.9998
131.4941,41.9998
140.74,41.8541
140.74,41.8541
140.74,41.8541
133.7524,42.5779
133.7524,42.5779
133.7524,42.5779
118.1664,43.0786
118.1664,43.0786
118.1664,43.0786
128.6292,42.0956
128.6292,42.0956
128.6292,42.0956
125.1922,41.9435
125.1922,41.9435
125.1922,41.9435
139.7919,42.0606
139.7919,42.0606
139.7919,42.0606
128.7107,43.207
128.7107,43.207
128.7107,43.207
136.0948,42.0871
136.0948,42.0871
136.0948,42.0871
117.7305,42.5098
117.7305,42.5098
117.7305,42.5098
142.6188,42.8905
142.6188,42.8905
142.6188,42.8905
128.336,42.3659
128.336,42.3659
128.336,42.3659
131.1544,42.8993
131.1544,42.8993
131.1544,42.8993
131.0691,42.2456
131.0691,42.2456
131.0691,42.2456
136.8621,43.3196
136.8621,43.3196
136.8621,43.3196
134.4937,42.0725
134.4937,42.0725
134.4937,42.0725
130.2249,43.259
130.2249,43.259
130.2249,43.259
130.0577,42.7164
130.0577,42.7164
130.0577,42.7164
156.9129,41.4415
156.9129,41.4415
156.9129,41.4415
139.2261,41.4411
139.2261,41.4411
139.2261,41.4411
154.0838,43.106
154.0838,43.106
154.0838,43.106
128.0173,41.9554
128.0173,41.9554
128.0173,41.9554
138.7958,41.1528
138.7958,41.1528
138.7958,41.1528
134.4235,42.4757
134.4235,42.4757
134.4235,42.4757
120.8583,42.6356
120.8583,42.6356
120.8583,42.6356
129.9987,42.0238
129.9987,42.0238
129.9987,42.0238
136.6793,42.938
136.6793,42.938
136.6793,42.938
128.941,41.9759
128.941,41.9759
128.941,41.9759
133.4128,42.3973
133.4128,42.3973
133.4128,42.3973
137.6305,42.3641
137.6305,42.3641
137.6305,42.3641
153.0798,43.2298
153.0798,43.2298
153.0798,43.2298
135.4813,42.4832
135.4813,42.4832
135.4813,42.4832
131.9595,43.1796
131.9595,43.1796
131.9595,43.1796
133.2481,42.992
133.2481,42.992
133.2481,42.992
127.9966,41.8187
127.9966,41.8187
127.9966,41.8187
129.446,42.3871
129.446,42.3871
129.446,42.3871
123.0194,42.8743
123.0194,42.8743
123.0194,42.8743
139.8388,42.7201
139.8388,42.7201
139.8388,42.7201
121.0918,41.8857
121.0918,41.8857
121.0918,41.8857
141.2603,42.3253
141.2603,42.3253
141.2603,42.3253
134.9851,43.5524
134.9851,43.5524
134.9851,43.5524
138.2818,41.8882
138.2818,41.8882
138.2818,41.8882
126.0479,41.8592
126.0479,41.8592
126.0479,41.8592
137.0635,43.1438
137.0635,43.1438
137.0635,43.1438
130.2299,42.073
130.2299,42.073
130.2299,42.073
112.9624,42.1106
112.9624,42.1106
112.9624,42.1106
127.9624,42.3959
127.9624,42.3959
127.9624,42.3959
135.8235,42.3293
135.8235,42.3293
135.8235,42.3293
136.4696,42.8148
136.4696,42.8148
136.4696,42.8148
139.6259,42.4481
139.6259,42.4481
139.6259,42.4481
130.7048,42.8868
130.7048,42.8868
130.7048,42.8868
142.3616,43.1637
142.3616,43.1637
142.3616,43.1637
121.2226,42.2418
121.2226,42.2418
121.2226,42.2418
124.1968,43.5162
124.1968,43.5162
124.1968,43.5162
122.5568,43.4689
122.5568,43.4689
122.5568,43.4689
127.7111,43.0055
127.7111,43.0055
127.7111,43.0055
125.0031,41.9728
125.0031,41.9728
125.0031,41.9728
136.4364,43.3489
136.4364,43.3489
136.4364,43.3489
131.1064,42.4257
131.1064,42.4257
131.1064,42.4257
133.0385,43.2459
133.0385,43.2459
133.0385,43.2459
122.9053,42.668
122.9053,42.668
122.9053,42.668
130.8688,42.2042
130.8688,42.2042
130.8688,42.2042
119.4814,42.3128
119.4814,42.3128
119.4814,42.3128
121.6125,42.5466
121.6125,42.5466
121.6125,42.5466
136.0439,41.9281
136.0439,41.9281
136.0439,41.9281
122.3267,41.8682
122.3267,41.8682
122.3267,41.8682
132.145,43.6283
132.145,43.6283
132.145,43.6283
119.5022,42.6313
119.5022,42.6313
119.5022,42.6313
139.1084,41.8845
139.1084,41.8845
139.1084,41.8845
116.8727,41.5512
116.8727,41.5512
116.8727,41.5512
135.2405,42.9973
135.2405,42.9973
135.2405,42.9973
134.3886,43.5004
134.3886,43.5004
134.3886,43.5004
127.9934,41.9504
127.9934,41.9504
127.9934,41.9504
139.4312,42.5234
139.4312,42.5234
139.4312,42.5234
137.2696,42.7001
137.2696,42.7001
137.2696,42.7001
119.297,42.6169
119.297,42.6169
119.297,42.6169
128.1954,43.6627
128.1954,43.6627
128.1954,43.6627
124.7352,41.8332
124.7352,41.8332
124.7352,41.8332
131.7994,42.0834
131.7994,42.0834
131.7994,42.0834
121.5437,42.5832
121.5437,42.5832
121.5437,42.5832
132.3615,43.0909
132.3615,43.0909
132.3615,43.0909
123.0183,42.5547
123.0183,42.5547
123.0183,42.5547
126.5986,42.708
126.5986,42.708
126.5986,42.708
135.0867,42.8948
135.0867,42.8948
135.0867,42.8948
139.5766,42.2967
139.5766,42.2967
139.5766,42.2967
121.1487,42.3892
121.1487,42.3892
121.1487,42.3892
124.403,41.6826
124.403,41.6826
124.403,41.6826
118.5384,42.6877
118.5384,42.6877
118.5384,42.6877
115.8612,42.9425
115.8612,42.9425
115.8612,42.9425
118.6308,43.4632
118.6308,43.4632
118.6308,43.4632
109.895,42.9212
109.895,42.9212
109.895,42.9212
113.0922,42.8567
113.0922,42.8567
113.0922,42.8567
125.9189,42.8984
125.9189,42.8984
125.9189,42.8984
113.4921,42.3215
113.4921,42.3215
113.4921,42.3215
127.9516,42.6776
127.9516,42.6776
127.9516,42.6776
125.5317,44.7027
125.5317,44.7027
125.5317,44.7027
107.8797,42.7971
107.8797,42.7971
107.8797,42.7971
139.1127,42.9906
139.1127,42.9906
139.1127,42.9906
119.3881,42.9389
119.3881,42.9389
119.3881,42.9389
130.4673,41.8304
130.4673,41.8304
130.4673,41.8304
137.3164,43.525
137.3164,43.525
137.3164,43.525
121.7003,42.7552
121.7003,42.7552
121.7003,42.7552
144.6088,43.4859
144.6088,43.4859
144.6088,43.4859
142.7102,42.5683
142.7102,42.5683
142.7102,42.5683
140.3848,42.0697
140.3848,42.0697
140.3848,42.0697
148.461,42.7898
148.461,42.7898
148.461,42.7898
138.3245,42.5609
138.3245,42.5609
138.3245,42.5609
130.4631,41.6996
130.4631,41.6996
130.4631,41.6996
130.9684,41.6024
130.9684,41.6024
130.9684,41.6024
139.488,42.554
139.488,42.554
139.488,42.554
132.6962,42.2589
132.6962,42.2589
132.6962,42.2589
128.8553,43.086
128.8553,43.086
128.8553,43.086
134.54,41.7627
134.54,41.7627
134.54,41.7627
130.114,41.602
130.114,41.602
130.114,41.602
127.4358,42.6683
127.4358,42.6683
127.4358,42.6683
128.543,42.2371
128.543,42.2371
128.543,42.2371
134.6784,43.1125
134.6784,43.1125
134.6784,43.1125
139.6832,42.2543
139.6832,42.2543
139.6832,42.2543
144.4415,42.2819
144.4415,42.2819
144.4415,42.2819
138.0348,43.3447
138.0348,43.3447
138.0348,43.3447
123.1876,42.0597
123.1876,42.0597
123.1876,42.0597
125.9953,42.9529
125.9953,42.9529
125.9953,42.9529
136.9763,43.2602
136.9763,43.2602
136.9763,43.2602
122.0381,42.7681
122.0381,42.7681
122.0381,42.7681
145.9866,42.7293
145.9866,42.7293
145.9866,42.7293
130.4973,42.3031
130.4973,42.3031
130.4973,42.3031
117.8935,41.5389
117.8935,41.5389
117.8935,41.5389
143.5539,41.9518
143.5539,41.9518
143.5539,41.9518
135.9006,42.3815
135.9006,42.3815
135.9006,42.3815
125.1311,43.2943
125.1311,43.2943
125.1311,43.2943
133.9143,42.7345
133.9143,42.7345
133.9143,42.7345
125.5076,42.7368
125.5076,42.7368
125.5076,42.7368
141.3949,42.0334
141.3949,42.0334
141.3949,42.0334
120.614,43.1382
120.614,43.1382
120.614,43.1382
129.0782,42.3367
129.0782,42.3367
129.0782,42.3367
130.3137,42.4303
130.3137,42.4303
130.3137,42.4303
132.061,42.7619
132.061,42.7619
132.061,42.7619
128.3349,42.9491
128.3349,42.9491
128.3349,42.9491
129.3704,42.4455
129.3704,42.4455
129.3704,42.4455
132.5539,42.2693
132.5539,42.2693
132.5539,42.2693
126.1734,42.9706
126.1734,42.9706
126.1734,42.9706
145.9579,42.7123
145.9579,42.7123
145.9579,42.7123
132.219,42.9469
132.219,42.9469
132.219,42.9469
127.1238,43.1
127.1238,43.1
127.1238,43.1
117.5553,42.6812
117.5553,42.6812
117.5553,42.6812
147.7657,41.7456
147.7657,41.7456
147.7657,41.7456
119.5287,42.5065
119.5287,42.5065
119.5287,42.5065
142.1242,42.5949
142.1242,42.5949
142.1242,42.5949
132.9572,42.6147
132.9572,42.6147
132.9572,42.6147
123.8411,42.2908
123.8411,42.2908
123.8411,42.2908
121.1194,43.3603
121.1194,43.3603
121.1194,43.3603
123.7974,42.9608
123.7974,42.9608
123.7974,42.9608
126.2623,42.4322
126.2623,42.4322
126.2623,42.4322
125.5146,42.9692
125.5146,42.9692
125.5146,42.9692
138.6805,42.8055
138.6805,42.8055
138.6805,42.8055
132.0794,42.6507
132.0794,42.6507
132.0794,42.6507
128.2141,42.5594
128.2141,42.5594
128.2141,42.5594
121.4545,42.8015
121.4545,42.8015
121.4545,42.8015
126.2383,42.0983
126.2383,42.0983
126.2383,42.0983
136.8102,43.2735
136.8102,43.2735
136.8102,43.2735
126.6451,42.0096
126.6451,42.0096
126.6451,42.0096
124.7602,41.5833
124.7602,41.5833
124.7602,41.5833
132.8662,42.5919
132.8662,42.5919
132.8662,42.5919
137.1736,42.7306
137.1736,42.7306
137.1736,42.7306
127.5727,43.6218
127.5727,43.6218
127.5727,43.6218
122.5648,42.3741
122.5648,42.3741
122.5648,42.3741
133.9842,42.8332
133.9842,42.8332
133.9842,42.8332
127.7113,43.0065
127.7113,43.0065
127.7113,43.0065
133.1601,42.6849
133.1601,42.6849
133.1601,42.6849
135.5801,42.3263
135.5801,42.3263
135.5801,42.3263
114.8277,41.5493
114.8277,41.5493
114.8277,41.5493
131.4131,42.6089
131.4131,42.6089
131.4131,42.6089
118.2392,41.8921
118.2392,41.8921
118.2392,41.8921
131.9384,42.2258
131.9384,42.2258
131.9384,42.2258
130.9115,43.3234
130.9115,43.3234
130.9115,43.3234
144.8396,41.8222
144.8396,41.8222
144.8396,41.8222
141.9062,42.6045
141.9062,42.6045
141.9062,42.6045
131.925,42.1372
131.925,42.1372
131.925,42.1372
125.3693,41.9494
125.3693,41.9494
125.3693,41.9494
129.0863,43.2425
129.0863,43.2425
129.0863,43.2425
147.8953,44.2801
147.8953,44.2801
147.8953,44.2801
127.8265,43.1942
127.8265,43.1942
127.8265,43.1942
134.3899,42.0592
134.3899,42.0592
134.3899,42.0592
126.1117,42.5422
126.1117,42.5422
126.1117,42.5422
127.6727,41.1144
127.6727,41.1144
127.6727,41.1144
146.1356,42.5155
146.1356,42.5155
146.1356,42.5155
154.7503,43.1894
154.7503,43.1894
154.7503,43.1894
122.0192,42.2924
122.0192,42.2924
122.0192,42.2924
126.3256,42.1474
126.3256,42.1474
126.3256,42.1474
126.4999,43.8701
126.4999,43.8701
126.4999,43.8701
119.6728,41.6109
119.6728,41.6109
119.6728,41.6109
142.2165,42.1401
142.2165,42.1401
142.2165,42.1401
138.955,42.6869
138.955,42.6869
138.955,42.6869
140.6703,42.2781
140.6703,42.2781
140.6703,42.2781
156.8864,41.2759
156.8864,41.2759
156.8864,41.2759
143.373,42.828
143.373,42.828
143.373,42.828
140.601,41.9516
140.601,41.9516
140.601,41.9516
151.7335,42.0836
151.7335,42.0836
151.7335,42.0836
135.4062,42.2028
135.4062,42.2028
135.4062,42.2028
139.3886,43.1571
139.3886,43.1571
139.3886,43.1571
139.38,42.2336
139.38,42.2336
139.38,42.2336
120.6838,42.5713
120.6838,42.5713
120.6838,42.5713
141.9277,43.2509
141.9277,43.2509
141.9277,43.2509
134.7135,42.3942
134.7135,42.3942
134.7135,42.3942
144.3118,42.2099
144.3118,42.2099
144.3118,42.2099
132.1363,42.703
132.1363,42.703
132.1363,42.703
133.8211,42.0733
133.8211,42.0733
133.8211,42.0733
136.8302,42.5252
136.8302,42.5252
136.8302,42.5252
130.1596,42.9992
130.1596,42.9992
130.1596,42.9992
128.533,42.9906
128.533,42.9906
128.533,42.9906
130.2278,42.6053
130.2278,42.6053
130.2278,42.6053
149.5249,42.0664
149.5249,42.0664
149.5249,42.0664
126.62,43.7637
126.62,43.7637
126.62,43.7637
136.2903,42.8172
136.2903,42.8172
136.2903,42.8172
136.286,43.0919
136.286,43.0919
136.286,43.0919
137.8988,43.0492
137.8988,43.0492
137.8988,43.0492
129.9404,41.5172
129.9404,41.5172
129.9404,41.5172
135.9229,42.8438
135.9229,42.8438
135.9229,42.8438
123.9293,42.2684
123.9293,42.2684
123.9293,42.2684
137.1163,41.9157
137.1163,41.9157
137.1163,41.9157
128.6952,43.0132
128.6952,43.0132
128.6952,43.0132
117.8161,42.7643
117.8161,42.7643
117.8161,42.7643
138.3858,43.3957
138.3858,43.3957
138.3858,43.3957
135.8435,42.542
135.8435,42.542
135.8435,42.542
129.4904,42.5914
129.4904,42.5914
129.4904,42.5914
131.6533,42.94
131.6533,42.94
131.6533,42.94
139.4403,42.7195
139.4403,42.7195
139.4403,42.7195
133.2405,42.6684
133.2405,42.6684
133.2405,42.6684
128.5256,42.68
128.5256,42.68
128.5256,42.68
135.7526,42.5473
135.7526,42.5473
135.7526,42.5473
131.5324,41.9191
131.5324,41.9191
131.5324,41.9191
121.7757,42.8267
121.7757,42.8267
121.7757,42.8267
134.264,42.5961
134.264,42.5961
134.264,42.5961
129.7175,43.9668
129.7175,43.9668
129.7175,43.9668
132.8581,42.0679
132.8581,42.0679
132.8581,42.0679
125.8784,42.3908
125.8784,42.3908
125.8784,42.3908
141.0454,43.2011
141.0454,43.2011
141.0454,43.2011
160.4326,41.6873
160.4326,41.6873
160.4326,41.6873
135.7318,42.7874
135.7318,42.7874
135.7318,42.7874
144.5616,42.5052
144.5616,42.5052
144.5616,42.5052
134.7335,43.7317
134.7335,43.7317
134.7335,43.7317
133.1341,42.1132
133.1341,42.1132
133.1341,42.1132
138.6244,43.881
138.6244,43.881
138.6244,43.881
137.6836,42.3511
137.6836,42.3511
137.6836,42.3511
134.2806,42.4271
134.2806,42.4271
134.2806,42.4271
140.9291,43.4857
140.9291,43.4857
140.9291,43.4857
120.2929,43.0414
120.2929,43.0414
120.2929,43.0414
135.0112,43.571
135.0112,43.571
135.0112,43.571
138.9961,42.9139
138.9961,42.9139
138.9961,42.9139
145.5176,44.0177
145.5176,44.0177
145.5176,44.0177
133.7384,43.2922
133.7384,43.2922
133.7384,43.2922
143.0653,42.6206
143.0653,42.6206
143.0653,42.6206
128.7534,41.8513
128.7534,41.8513
128.7534,41.8513
129.9425,42.7951
129.9425,42.7951
129.9425,42.7951
112.804,42.6342
112.804,42.6342
112.804,42.6342
126.1972,43.134
126.1972,43.134
126.1972,43.134
129.5902,42.8153
129.5902,42.8153
129.5902,42.8153
146.4316,43.0402
146.4316,43.0402
146.4316,43.0402
122.8768,43.138
122.8768,43.138
122.8768,43.138
133.2205,43.8647
133.2205,43.8647
133.2205,43.8647
132.3811,41.8152
132.3811,41.8152
132.3811,41.8152
138.1629,42.7932
138.1629,42.7932
138.1629,42.7932
145.28,42.4196
145.28,42.4196
145.28,42.4196
133.5449,41.4634
133.5449,41.4634
133.5449,41.4634
144.0044,41.9769
144.0044,41.9769
144.0044,41.9769
140.6226,42.8492
140.6226,42.8492
140.6226,42.8492
139.3165,44.9094
139.3165,44.9094
139.3165,44.9094
122.595,42.5238
122.595,42.5238
122.595,42.5238
127.0674,42.6029
127.0674,42.6029
127.0674,42.6029
131.6094,41.2233
131.6094,41.2233
131.6094,41.2233
138.1037,43.033
138.1037,43.033
138.1037,43.033
141.0196,42.5423
141.0196,42.5423
141.0196,42.5423
136.8968,42.5366
136.8968,42.5366
136.8968,42.5366
147.7707,41.8888
147.7707,41.8888
147.7707,41.8888
141.3423,44.1637
141.3423,44.1637
141.3423,44.1637
139.7103,42.1929
139.7103,42.1929
139.7103,42.1929
139.2976,42.5795
139.2976,42.5795
139.2976,42.5795
116.5014,41.3939
116.5014,41.3939
116.5014,41.3939
135.4537,43.5156
135.4537,43.5156
135.4537,43.5156
125.6731,42.5655
125.6731,42.5655
125.6731,42.5655
124.7659,42.7992
124.7659,42.7992
124.7659,42.7992
134.8003,42.763
134.8003,42.763
134.8003,42.763
129.403,42.7769
129.403,42.7769
129.403,42.7769
122.5769,42.9513
122.5769,42.9513
122.5769,42.9513
117.6496,42.798
117.6496,42.798
117.6496,42.798
128.3399,42.2487
128.3399,42.2487
128.3399,42.2487
117.8267,43.8457
117.8267,43.8457
117.8267,43.8457
135.3314,43.9567
135.3314,43.9567
135.3314,43.9567
119.7433,42.7044
119.7433,42.7044
119.7433,42.7044
129.2368,43.4663
129.2368,43.4663
129.2368,43.4663
121.6251,42.65
121.6251,42.65
121.6251,42.65
133.4481,41.2552
133.4481,41.2552
133.4481,41.2552
135.1997,41.6499
135.1997,41.6499
135.1997,41.6499
137.0129,43.3003
137.0129,43.3003
137.0129,43.3003
129.5332,42.7328
129.5332,42.7328
129.5332,42.7328
129.0641,43.0975
129.0641,43.0975
129.0641,43.0975
135.891,42.8586
135.891,42.8586
135.891,42.8586
147.1984,42.8965
147.1984,42.8965
147.1984,42.8965
127.9309,41.7869
127.9309,41.7869
127.9309,41.7869
135.8062,42.7232
135.8062,42.7232
135.8062,42.7232
115.09,42.9671
115.09,42.9671
115.09,42.9671
110.791,44.3616
110.791,44.3616
110.791,44.3616
106.4913,43.3965
106.4913,43.3965
106.4913,43.3965
117.3022,43.5538
117.3022,43.5538
117.3022,43.5538
118.0702,44.8241
118.0702,44.8241
118.0702,44.8241
111.9894,42.9306
111.9894,42.9306
111.9894,42.9306
111.0536,45.2856
111.0536,45.2856
111.0536,45.2856
108.8428,43.89
108.8428,43.89
108.8428,43.89
111.5327,42.9096
111.5327,42.9096
111.5327,42.9096
106.7138,42.6738
106.7138,42.6738
106.7138,42.6738
97.6619,42.4969
97.6619,42.4969
97.6619,42.4969
105.639,43.4777
105.639,43.4777
105.639,43.4777
114.7257,43.4943
114.7257,43.4943
114.7257,43.4943
110.9034,43.4017
110.9034,43.4017
110.9034,43.4017
104.9132,43.6133
104.9132,43.6133
104.9132,43.6133
103.987,44.2759
103.987,44.2759
103.987,44.2759
109.9562,42.0212
109.9562,42.0212
109.9562,42.0212
107.6279,42.6007
107.6279,42.6007
107.6279,42.6007
100.3789,42.639
100.3789,42.639
100.3789,42.639
101.5403,44.0624
101.5403,44.0624
101.5403,44.0624
112.1177,43.7052
112.1177,43.7052
112.1177,43.7052
96.7536,43.6287
96.7536,43.6287
96.7536,43.6287
111.4553,43.4863
111.4553,43.4863
111.4553,43.4863
111.5614,44.0065
111.5614,44.0065
111.5614,44.0065
101.3171,43.6396
101.3171,43.6396
101.3171,43.6396
102.0818,43.8815
102.0818,43.8815
102.0818,43.8815
107.5286,43.7977
107.5286,43.7977
107.5286,43.7977
97.6977,41.8474
97.6977,41.8474
97.6977,41.8474
96.3528,44.0218
96.3528,44.0218
96.3528,44.0218
104.7046,44.3943
104.7046,44.3943
104.7046,44.3943
94.9812,43.5454
94.9812,43.5454
94.9812,43.5454
102.2007,44.8952
102.2007,44.8952
102.2007,44.8952
104.5936,43.1098
104.5936,43.1098
104.5936,43.1098
108.8186,43.0301
108.8186,43.0301
108.8186,43.0301
106.8789,44.3443
106.8789,44.3443
106.8789,44.3443
100.0969,44.8521
100.0969,44.8521
100.0969,44.8521
97.2415,43.487
97.2415,43.487
97.2415,43.487
92.854,44.0494
92.854,44.0494
92.854,44.0494
102.3518,42.4524
102.3518,42.4524
102.3518,42.4524
99.8325,44.3585
99.8325,44.3585
99.8325,44.3585
93.143,43.45
93.143,43.45
93.143,43.45
107.6459,44.115
107.6459,44.115
107.6459,44.115
114.5118,42.6064
114.5118,42.6064
114.5118,42.6064
98.3397,41.7773
98.3397,41.7773
98.3397,41.7773
105.5621,43.8857
105.5621,43.8857
105.5621,43.8857
102.5455,43.3523
102.5455,43.3523
102.5455,43.3523
95.9924,42.936
95.9924,42.936
95.9924,42.936
102.1499,43.9472
102.1499,43.9472
102.1499,43.9472
111.0062,43.2396
111.0062,43.2396
111.0062,43.2396
103.8574,43.1135
103.8574,43.1135
103.8574,43.1135
102.183,42.2887
102.183,42.2887
102.183,42.2887
103.9393,43.6803
103.9393,43.6803
103.9393,43.6803
102.1153,44.3937
102.1153,44.3937
102.1153,44.3937
103.5908,44.3848
103.5908,44.3848
103.5908,44.3848
95.3388,45.6658
95.3388,45.6658
95.3388,45.6658
94.8887,43.7157
94.8887,43.7157
94.8887,43.7157
98.907,44.4155
98.907,44.4155
98.907,44.4155
104.3348,44.0021
104.3348,44.0021
104.3348,44.0021
103.5709,43.154
103.5709,43.154
103.5709,43.154
111.5052,42.7156
111.5052,42.7156
111.5052,42.7156
96.3757,41.6672
96.3757,41.6672
96.3757,41.6672
99.2723,44.3791
99.2723,44.3791
99.2723,44.3791
91.0212,42.7578
91.0212,42.7578
91.0212,42.7578
105.626,43.2623
105.626,43.2623
105.626,43.2623
104.8326,43.5052
104.8326,43.5052
104.8326,43.5052
104.6113,43.6662
104.6113,43.6662
104.6113,43.6662
95.2093,45.4739
95.2093,45.4739
95.2093,45.4739
103.9795,42.914
103.9795,42.914
103.9795,42.914
105.8041,44.0619
105.8041,44.0619
105.8041,44.0619
102.8377,42.9852
102.8377,42.9852
102.8377,42.9852
91.7843,43.3455
91.7843,43.3455
91.7843,43.3455
103.57,43.2202
103.57,43.2202
103.57,43.2202
100.4316,43.9851
100.4316,43.9851
100.4316,43.9851
103.4867,44.8509
103.4867,44.8509
103.4867,44.8509
107.6544,43.9275
107.6544,43.9275
107.6544,43.9275
107.6573,43.4351
107.6573,43.4351
107.6573,43.4351
110.3936,43.8627
110.3936,43.8627
110.3936,43.8627
97.3395,44.4918
97.3395,44.4918
97.3395,44.4918
95.8386,42.5438
95.8386,42.5438
95.8386,42.5438
100.1676,44.1265
100.1676,44.1265
100.1676,44.1265
110.3211,43.8827
110.3211,43.8827
110.3211,43.8827
107.883,43.9214
107.883,43.9214
107.883,43.9214
97.9875,43.6992
97.9875,43.6992
97.9875,43.6992
102.2029,42.7501
102.2029,42.7501
102.2029,42.7501
101.8112,45.2483
101.8112,45.2483
101.8112,45.2483
105.1166,43.3192
105.1166,43.3192
105.1166,43.3192
108.2085,42.1546
108.2085,42.1546
108.2085,42.1546
114.4868,43.861
114.4868,43.861
114.4868,43.861
97.1479,43.7301
97.1479,43.7301
97.1479,43.7301
104.1119,42.9433
104.1119,42.9433
104.1119,42.9433
90.9497,43.1079
90.9497,43.1079
90.9497,43.1079
104.1698,42.7758
104.1698,42.7758
104.1698,42.7758
92.8406,42.5174
92.8406,42.5174
92.8406,42.5174
108.3606,42.1794
108.3606,42.1794
108.3606,42.1794
102.9926,44.9658
102.9926,44.9658
102.9926,44.9658
113.2573,43.1958
113.2573,43.1958
113.2573,43.1958
101.7714,42.878
101.7714,42.878
101.7714,42.878
108.8057,43.599
108.8057,43.599
108.8057,43.599
99.7794,43.213
99.7794,43.213
99.7794,43.213
94.6879,43.6737
94.6879,43.6737
94.6879,43.6737
105.7982,43.9412
105.7982,43.9412
105.7982,43.9412
92.1982,42.4904
92.1982,42.4904
92.1982,42.4904
107.6141,43.61
107.6141,43.61
107.6141,43.61
100.0677,44.193
100.0677,44.193
100.0677,44.193
106.2259,45.2439
106.2259,45.2439
106.2259,45.2439
110.5396,43.0188
110.5396,43.0188
110.5396,43.0188
100.0876,43.8353
100.0876,43.8353
100.0876,43.8353
97.0093,43.2802
97.0093,43.2802
97.0093,43.2802
116.3438,43.8123
116.3438,43.8123
116.3438,43.8123
96.3282,43.4255
96.3282,43.4255
96.3282,43.4255
105.3577,43.3953
105.3577,43.3953
105.3577,43.3953
92.7702,43.4251
92.7702,43.4251
92.7702,43.4251
96.0933,43.4278
96.0933,43.4278
96.0933,43.4278
101.4165,43.232
101.4165,43.232
101.4165,43.232
105.6865,42.3467
105.6865,42.3467
105.6865,42.3467
106.2126,43.5597
106.2126,43.5597
106.2126,43.5597
98.0292,43.5689
98.0292,43.5689
98.0292,43.5689
92.0451,43.8184
92.0451,43.8184
92.0451,43.8184
102.697,43.8647
102.697,43.8647
102.697,43.8647
96.6857,42.399
96.6857,42.399
96.6857,42.399
104.4329,44.5265
104.4329,44.5265
104.4329,44.5265
98.7608,43.1064
98.7608,43.1064
98.7608,43.1064
109.3473,43.3173
109.3473,43.3173
109.3473,43.3173
93.7483,43.7582
93.7483,43.7582
93.7483,43.7582
96.4146,43.7191
96.4146,43.7191
96.4146,43.7191
112.1053,42.996
112.1053,42.996
112.1053,42.996
111.9804,44.2297
111.9804,44.2297
111.9804,44.2297
108.5476,43.8295
108.5476,43.8295
108.5476,43.8295
98.0922,44.0348
98.0922,44.0348
98.0922,44.0348
98.113,43.9799
98.113,43.9799
98.113,43.9799
110.7728,44.0004
110.7728,44.0004
110.7728,44.0004
103.6112,44.3707
103.6112,44.3707
103.6112,44.3707
105.5577,43.1797
105.5577,43.1797
105.5577,43.1797
109.4016,44.1923
109.4016,44.1923
109.4016,44.1923
97.6238,43.346
97.6238,43.346
97.6238,43.346
105.4558,43.4133
105.4558,43.4133
105.4558,43.4133
109.4402,44.7129
109.4402,44.7129
109.4402,44.7129
101.9776,42.8186
101.9776,42.8186
101.9776,42.8186
108.3553,43.1471
108.3553,43.1471
108.3553,43.1471
96.7282,44.5476
96.7282,44.5476
96.7282,44.5476
90.7515,44.225
90.7515,44.225
90.7515,44.225
102.9015,44.0981
102.9015,44.0981
102.9015,44.0981
89.0046,43.649
89.0046,43.649
89.0046,43.649
98.5289,43.9603
98.5289,43.9603
98.5289,43.9603
94.1949,44.6523
94.1949,44.6523
94.1949,44.6523
98.8366,44.2304
98.8366,44.2304
98.8366,44.2304
103.627,44.7987
103.627,44.7987
103.627,44.7987
91.2625,44.1652
91.2625,44.1652
91.2625,44.1652
99.2023,45.0476
99.2023,45.0476
99.2023,45.0476
103.4267,42.8553
103.4267,42.8553
103.4267,42.8553
98.0414,44.2838
98.0414,44.2838
98.0414,44.2838
99.3188,42.8086
99.3188,42.8086
99.3188,42.8086
90.9172,43.3442
90.9172,43.3442
90.9172,43.3442
113.0219,42.9258
113.0219,42.9258
113.0219,42.9258
106.6023,42.8445
106.6023,42.8445
106.6023,42.8445
108.8426,43.3963
108.8426,43.3963
108.8426,43.3963
90.5855,43.8483
90.5855,43.8483
90.5855,43.8483
92.7553,43.9895
92.7553,43.9895
92.7553,43.9895
94.1911,43.7177
94.1911,43.7177
94.1911,43.7177
91.2216,44.2636
91.2216,44.2636
91.2216,44.2636
100.362,43.5134
100.362,43.5134
100.362,43.5134
95.8427,44.4446
95.8427,44.4446
95.8427,44.4446
111.1171,44.0578
111.1171,44.0578
111.1171,44.0578
99.9085,44.2236
99.9085,44.2236
99.9085,44.2236
99.9257,42.5804
99.9257,42.5804
99.9257,42.5804
109.6324,43.8753
109.6324,43.8753
109.6324,43.8753
97.4082,43.3982
97.4082,43.3982
97.4082,43.3982
107.7404,43.5156
107.7404,43.5156
107.7404,43.5156
102.9744,43.3799
102.9744,43.3799
102.9744,43.3799
106.1397,45.0311
106.1397,45.0311
106.1397,45.0311
95.6596,44.4359
95.6596,44.4359
95.6596,44.4359
102.4393,43.2711
102.4393,43.2711
102.4393,43.2711
100.37,42.6434
100.37,42.6434
100.37,42.6434
97.3109,43.4609
97.3109,43.4609
97.3109,43.4609
99.8213,44.1814
99.8213,44.1814
99.8213,44.1814
96.6893,43.8994
96.6893,43.8994
96.6893,43.8994
98.2678,43.0693
98.2678,43.0693
98.2678,43.0693
96.0777,43.0928
96.0777,43.0928
96.0777,43.0928
99.0856,43.7286
99.0856,43.7286
99.0856,43.7286
98.1298,44.643
98.1298,44.643
98.1298,44.643
100.7993,43.4788
100.7993,43.4788
100.7993,43.4788
103.3132,43.7252
103.3132,43.7252
103.3132,43.7252
101.5931,44.3895
101.5931,44.3895
101.5931,44.3895
95.2011,43.2084
95.2011,43.2084
95.2011,43.2084
97.1336,43.8083
97.1336,43.8083
97.1336,43.8083
104.1559,43.1205
104.1559,43.1205
104.1559,43.1205
94.8109,43.5301
94.8109,43.5301
94.8109,43.5301
99.5674,42.5651
99.5674,42.5651
99.5674,42.5651
102.8818,43.2736
102.8818,43.2736
102.8818,43.2736
116.8938,42.2989
116.8938,42.2989
116.8938,42.2989
104.7251,43.7219
104.7251,43.7219
104.7251,43.7219
100.5337,42.9277
100.5337,42.9277
100.5337,42.9277
91.8274,44.5201
91.8274,44.5201
91.8274,44.5201
100.6627,42.9014
100.6627,42.9014
100.6627,42.9014
104.2344,43.9585
104.2344,43.9585
104.2344,43.9585
99.8611,43.467
99.8611,43.467
99.8611,43.467
98.6242,43.8358
98.6242,43.8358
98.6242,43.8358
103.0649,43.8678
103.0649,43.8678
103.0649,43.8678
96.341,43.3799
96.341,43.3799
96.341,43.3799
93.4698,44.1337
93.4698,44.1337
93.4698,44.1337
102.608,43.2869
102.608,43.2869
102.608,43.2869
91.1411,43.8427
91.1411,43.8427
91.1411,43.8427
104.2223,44.0727
104.2223,44.0727
104.2223,44.0727
98.6119,43.6893
98.6119,43.6893
98.6119,43.6893
94.0579,43.6581
94.0579,43.6581
94.0579,43.6581
98.1155,42.9636
98.1155,42.9636
98.1155,42.9636
97.335,43.0114
97.335,43.0114
97.335,43.0114
96.4163,43.5657
96.4163,43.5657
96.4163,43.5657
113.6099,44.47
113.6099,44.47
113.6099,44.47
86.8042,43.8775
86.8042,43.8775
86.8042,43.8775
111.3434,44.7995
111.3434,44.7995
111.3434,44.7995
100.2725,43.5974
100.2725,43.5974
100.2725,43.5974
96.9388,43.6354
96.9388,43.6354
96.9388,43.6354
105.8329,43.8913
105.8329,43.8913
105.8329,43.8913
101.8495,43.5462
101.8495,43.5462
101.8495,43.5462
99.5059,44.3959
99.5059,44.3959
99.5059,44.3959
109.334,43.4148
109.334,43.4148
109.334,43.4148
93.5965,44.5362
93.5965,44.5362
93.5965,44.5362
104.1676,42.5803
104.1676,42.5803
104.1676,42.5803
104.4359,43.4074
104.4359,43.4074
104.4359,43.4074
108.3689,42.4264
108.3689,42.4264
108.3689,42.4264
107.6761,43.3123
107.6761,43.3123
107.6761,43.3123
91.2262,43.3539
91.2262,43.3539
91.2262,43.3539
85.082,43.7446
85.082,43.7446
85.082,43.7446
107.2893,43.5142
107.2893,43.5142
107.2893,43.5142
105.1407,43.8844
105.1407,43.8844
105.1407,43.8844
92.6085,43.3281
92.6085,43.3281
92.6085,43.3281
92.8069,43.3899
92.8069,43.3899
92.8069,43.3899
103.4035,43.1691
103.4035,43.1691
103.4035,43.1691
95.6267,43.771
95.6267,43.771
95.6267,43.771
97.2557,42.1771
97.2557,42.1771
97.2557,42.1771
93.596,42.2927
93.596,42.2927
93.596,42.2927
107.5206,44.0711
107.5206,44.0711
107.5206,44.0711
97.3707,43.2516
97.3707,43.2516
97.3707,43.2516
85.2751,43.3385
85.2751,43.3385
85.2751,43.3385
105.2122,43.1089
105.2122,43.1089
105.2122,43.1089
96.2015,43.0639
96.2015,43.0639
96.2015,43.0639
110.6237,44.3292
110.6237,44.3292
110.6237,44.3292
110.5017,44.3197
110.5017,44.3197
110.5017,44.3197
99.3119,43.0163
99.3119,43.0163
99.3119,43.0163
92.7107,43.587
92.7107,43.587
92.7107,43.587
90.6482,44.5026
90.6482,44.5026
90.6482,44.5026
99.9224,43.7249
99.9224,43.7249
99.9224,43.7249
101.6098,43.4191
101.6098,43.4191
101.6098,43.4191
99.8972,44.3711
99.8972,44.3711
99.8972,44.3711
101.9423,43.1143
101.9423,43.1143
101.9423,43.1143
86.2653,43.5467
86.2653,43.5467
86.2653,43.5467
108.2853,43.9108
108.2853,43.9108
108.2853,43.9108
96.8735,44.473
96.8735,44.473
96.8735,44.473
95.3833,43.2312
95.3833,43.2312
95.3833,43.2312
91.3748,44.8973
91.3748,44.8973
91.3748,44.8973
94.2596,43.3414
94.2596,43.3414
94.2596,43.3414
108.6369,43.7806
108.6369,43.7806
108.6369,43.7806
98.412,42.7564
98.412,42.7564
98.412,42.7564
111.0487,44.3353
111.0487,44.3353
111.0487,44.3353
108.0736,44.6528
108.0736,44.6528
108.0736,44.6528
111.547,43.7726
111.547,43.7726
111.547,43.7726
101.5938,43.7442
101.5938,43.7442
101.5938,43.7442
103.3834,42.6061
103.3834,42.6061
103.3834,42.6061
97.0843,42.5837
97.0843,42.5837
97.0843,42.5837
97.5696,43.2328
97.5696,43.2328
97.5696,43.2328
96.8048,43.9159
96.8048,43.9159
96.8048,43.9159
104.6467,43.462
104.6467,43.462
104.6467,43.462
95.3062,44.1432
95.3062,44.1432
95.3062,44.1432
104.1902,42.6077
104.1902,42.6077
104.1902,42.6077
106.8798,44.6412
106.8798,44.6412
106.8798,44.6412
108.3896,42.5137
108.3896,42.5137
108.3896,42.5137
93.9571,43.9869
93.9571,43.9869
93.9571,43.9869
91.713,43.0644
91.713,43.0644
91.713,43.0644
85.8707,43.2078
85.8707,43.2078
85.8707,43.2078
92.1196,43.3285
92.1196,43.3285
92.1196,43.3285
91.6811,43.5338
91.6811,43.5338
91.6811,43.5338
91.3103,44.3671
91.3103,44.3671
91.3103,44.3671
104.2675,44.2116
104.2675,44.2116
104.2675,44.2116
113.3186,44.3131
113.3186,44.3131
113.3186,44.3131
102.3111,43.0047
102.3111,43.0047
102.3111,43.0047
92.9737,42.8587
92.9737,42.8587
92.9737,42.8587
103.9626,43.6285
103.9626,43.6285
103.9626,43.6285
94.1303,44.4393
94.1303,44.4393
94.1303,44.4393
102.7812,44.373
102.7812,44.373
102.7812,44.373
95.3326,43.387
95.3326,43.387
95.3326,43.387
100.9081,43.7356
100.9081,43.7356
100.9081,43.7356
96.1415,42.3153
96.1415,42.3153
96.1415,42.3153
120.6523,43.3951
120.6523,43.3951
120.6523,43.3951
102.9742,43.782
102.9742,43.782
102.9742,43.782
102.8986,42.9806
102.8986,42.9806
102.8986,42.9806
101.7791,43.4275
101.7791,43.4275
101.7791,43.4275
93.0971,43.5887
93.0971,43.5887
93.0971,43.5887
108.5956,44.2489
108.5956,44.2489
108.5956,44.2489
94.6969,44.2012
94.6969,44.2012
94.6969,44.2012
108.8838,43.3275
108.8838,43.3275
108.8838,43.3275
100.3609,44.1339
100.3609,44.1339
100.3609,44.1339
108.7752,43.3996
108.7752,43.3996
108.7752,43.3996
103.2189,44.2581
103.2189,44.2581
103.2189,44.2581
100.9573,43.4933
100.9573,43.4933
100.9573,43.4933
108.6322,43.2304
108.6322,43.2304
108.6322,43.2304
90.7818,43.7507
90.7818,43.7507
90.7818,43.7507
105.483,44.8901
105.483,44.8901
105.483,44.8901
103.6862,42.7512
103.6862,42.7512
103.6862,42.7512
99.4264,43.1795
99.4264,43.1795
99.4264,43.1795
91.2942,45.2609
91.2942,45.2609
91.2942,45.2609
107.2398,43.5707
107.2398,43.5707
107.2398,43.5707
96.3909,43.2169
96.3909,43.2169
96.3909,43.2169
99.5621,43.0035
99.5621,43.0035
99.5621,43.0035
100.9178,44.0251
100.9178,44.0251
100.9178,44.0251
86.4409,42.7387
86.4409,42.7387
86.4409,42.7387
108.7735,44.0246
108.7735,44.0246
108.7735,44.0246
100.9308,44.3725
100.9308,44.3725
100.9308,44.3725
98.915,43.5573
98.915,43.5573
98.915,43.5573
99.1533,43.5769
99.1533,43.5769
99.1533,43.5769
105.2397,42.9412
105.2397,42.9412
105.2397,42.9412
111.3454,44.1067
111.3454,44.1067
111.3454,44.1067
102.6809,43.3239
102.6809,43.3239
102.6809,43.3239
96.9657,44.2044
96.9657,44.2044
96.9657,44.2044
98.3297,43.3018
98.3297,43.3018
98.3297,43.3018
97.9512,42.9783
97.9512,42.9783
97.9512,42.9783
114.3695,43.9684
114.3695,43.9684
114.3695,43.9684
99.4929,44.4863
99.4929,44.4863
99.4929,44.4863
103.5845,43.5931
103.5845,43.5931
103.5845,43.5931
108.9021,42.5471
108.9021,42.5471
108.9021,42.5471
102.4542,43.5026
102.4542,43.5026
102.4542,43.5026
91.7641,44.4391
91.7641,44.4391
91.7641,44.4391
101.921,43.7995
101.921,43.7995
101.921,43.7995
103.1971,43.4824
103.1971,43.4824
103.1971,43.4824
101.1297,43.7058
101.1297,43.7058
101.1297,43.7058
102.1675,44.9139
102.1675,44.9139
102.1675,44.9139
96.9545,42.8746
96.9545,42.8746
96.9545,42.8746
102.1045,43.2143
102.1045,43.2143
102.1045,43.2143
110.5422,43.6557
110.5422,43.6557
110.5422,43.6557
107.2981,43.9025
107.2981,43.9025
107.2981,43.9025
92.2834,43.165
92.2834,43.165
92.2834,43.165
87.6341,44.1618
87.6341,44.1618
87.6341,44.1618
105.2478,44.4464
105.2478,44.4464
105.2478,44.4464
89.3057,43.5939
89.3057,43.5939
89.3057,43.5939
95.6535,44.0168
95.6535,44.0168
95.6535,44.0168
101.9706,42.6295
101.9706,42.6295
101.9706,42.6295
99.7281,44.0596
99.7281,44.0596
99.7281,44.0596
98.4073,43.7574
98.4073,43.7574
98.4073,43.7574
97.1636,42.5753
97.1636,42.5753
97.1636,42.5753
113.2632,42.1315
113.2632,42.1315
113.2632,42.1315
102.2737,43.6023
102.2737,43.6023
102.2737,43.6023
95.8978,44.0024
95.8978,44.0024
95.8978,44.0024
88.9263,45.2053
88.9263,45.2053
88.9263,45.2053
102.844,43.6724
102.844,43.6724
102.844,43.6724
107.3554,43.1209
107.3554,43.1209
107.3554,43.1209
92.9225,43.033
92.9225,43.033
92.9225,43.033
100.7257,44.2257
100.7257,44.2257
100.7257,44.2257
106.6959,43.2495
106.6959,43.2495
106.6959,43.2495
101.8165,43.6887
101.8165,43.6887
101.8165,43.6887
109.1736,42.8619
109.1736,42.8619
109.1736,42.8619
108.3403,43.0856
108.3403,43.0856
108.3403,43.0856
113.7945,42.0286
113.7945,42.0286
113.7945,42.0286
103.5802,43.3449
103.5802,43.3449
103.5802,43.3449
104.6795,42.4721
104.6795,42.4721
104.6795,42.4721
94.4435,44.4005
94.4435,44.4005
94.4435,44.4005
89.568,44.4303
89.568,44.4303
89.568,44.4303
111.5414,43.6541
111.5414,43.6541
111.5414,43.6541
99.4367,44.3212
99.4367,44.3212
99.4367,44.3212
101.8066,43.5991
101.8066,43.5991
101.8066,43.5991
96.4548,43.0841
96.4548,43.0841
96.4548,43.0841
103.9537,42.4937
103.9537,42.4937
103.9537,42.4937
88.5111,43.1784
88.5111,43.1784
88.5111,43.1784
98.7931,44.343
98.7931,44.343
98.7931,44.343
93.5459,43.8951
93.5459,43.8951
93.5459,43.8951
98.583,42.7054
98.583,42.7054
98.583,42.7054
87.3601,43.3149
87.3601,43.3149
87.3601,43.3149
103.6477,43.1368
103.6477,43.1368
103.6477,43.1368
94.6381,43.7554
94.6381,43.7554
94.6381,43.7554
97.0813,42.523
97.0813,42.523
97.0813,42.523
96.1631,44.7307
96.1631,44.7307
96.1631,44.7307
102.4365,44.3668
102.4365,44.3668
102.4365,44.3668
93.0631,43.8428
93.0631,43.8428
93.0631,43.8428
94.7877,43.5798
94.7877,43.5798
94.7877,43.5798
100.2619,43.4578
100.2619,43.4578
100.2619,43.4578
93.2819,42.2799
93.2819,42.2799
93.2819,42.2799
93.6022,43.7952
93.6022,43.7952
93.6022,43.7952
104.0553,43.919
104.0553,43.919
104.0553,43.919
100.4043,43.9466
100.4043,43.9466
100.4043,43.9466
109.2296,44.0251
109.2296,44.0251
109.2296,44.0251
102.5306,44.1974
102.5306,44.1974
102.5306,44.1974
94.7006,43.0558
94.7006,43.0558
94.7006,43.0558
102.5501,44.0766
102.5501,44.0766
102.5501,44.0766
93.4734,44.1963
93.4734,44.1963
93.4734,44.1963
101.6502,43.7534
101.6502,43.7534
101.6502,43.7534
101.9896,43.3742
101.9896,43.3742
101.9896,43.3742
110.1232,43.7438
110.1232,43.7438
110.1232,43.7438
89.1554,45.3831
89.1554,45.3831
89.1554,45.3831
101.4091,42.7507
101.4091,42.7507
101.4091,42.7507
106.9323,43.7903
106.9323,43.7903
106.9323,43.7903
100.4374,43.8822
100.4374,43.8822
100.4374,43.8822
101.9188,44.0913
101.9188,44.0913
101.9188,44.0913
91.808,43.6931
91.808,43.6931
91.808,43.6931
113.1195,43.8845
113.1195,43.8845
113.1195,43.8845
92.3504,44.003
92.3504,44.003
92.3504,44.003
104.0278,43.033
104.0278,43.033
104.0278,43.033
102.0381,42.145
102.0381,42.145
102.0381,42.145
100.5766,42.6727
100.5766,42.6727
100.5766,42.6727
96.2803,44.6756
96.2803,44.6756
96.2803,44.6756
99.1467,42.865
99.1467,42.865
99.1467,42.865
91.6587,44.0917
91.6587,44.0917
91.6587,44.0917
104.8797,43.5586
104.8797,43.5586
104.8797,43.5586
90.5708,43.9008
90.5708,43.9008
90.5708,43.9008
110.2864,43.7619
110.2864,43.7619
110.2864,43.7619
101.6793,43.2584
101.6793,43.2584
101.6793,43.2584
101.2019,44.0931
101.2019,44.0931
101.2019,44.0931
105.6016,43.7832
105.6016,43.7832
105.6016,43.7832
99.3683,42.645
99.3683,42.645
99.3683,42.645
103.248,43.541
103.248,43.541
103.248,43.541
106.9054,44.4229
106.9054,44.4229
106.9054,44.4229
93.7933,43.14
93.7933,43.14
93.7933,43.14
94.0236,44.5752
94.0236,44.5752
94.0236,44.5752
98.4527,43.3331
98.4527,43.3331
98.4527,43.3331
105.9531,44.2094
105.9531,44.2094
105.9531,44.2094
101.9474,43.1656
101.9474,43.1656
101.9474,43.1656
100.1041,44.7553
100.1041,44.7553
100.1041,44.7553
98.396,43.7287
98.396,43.7287
98.396,43.7287
91.0151,43.23
91.0151,43.23
91.0151,43.23
112.5135,42.8787
112.5135,42.8787
112.5135,42.8787
100.9173,42.5979
100.9173,42.5979
100.9173,42.5979
99.827,43.0134
99.827,43.0134
99.827,43.0134
114.7406,44.0487
114.7406,44.0487
114.7406,44.0487
110.4565,43.6505
110.4565,43.6505
110.4565,43.6505
103.4601,42.9221
103.4601,42.9221
103.4601,42.9221
102.8448,44.3318
102.8448,44.3318
102.8448,44.3318
99.8162,44.2243
99.8162,44.2243
99.8162,44.2243
102.2037,42.4309
102.2037,42.4309
102.2037,42.4309
98.4655,43.8631
98.4655,43.8631
98.4655,43.8631
91.979,43.9058
91.979,43.9058
91.979,43.9058
98.9402,43.9718
98.9402,43.9718
98.9402,43.9718
99.6413,43.1925
99.6413,43.1925
99.6413,43.1925
103.1518,44.1514
103.1518,44.1514
103.1518,44.1514
101.9694,43.592
101.9694,43.592
101.9694,43.592
103.0879,42.8023
103.0879,42.8023
103.0879,42.8023
91.8289,43.9509
91.8289,43.9509
91.8289,43.9509
100.5579,43.1758
100.5579,43.1758
100.5579,43.1758
97.2776,44.749
97.2776,44.749
97.2776,44.749
96.1393,44.6411
96.1393,44.6411
96.1393,44.6411
109.7736,44.103
109.7736,44.103
109.7736,44.103
92.5892,43.7598
92.5892,43.7598
92.5892,43.7598
91.3869,43.6475
91.3869,43.6475
91.3869,43.6475
100.9617,42.9688
100.9617,42.9688
100.9617,42.9688
110.0526,44.0658
110.0526,44.0658
110.0526,44.0658
102.9511,43.3304
102.9511,43.3304
102.9511,43.3304
108.3043,43.4711
108.3043,43.4711
108.3043,43.4711
95.271,45.0212
95.271,45.0212
95.271,45.0212
108.2416,42.5362
108.2416,42.5362
108.2416,42.5362
98.7314,44.1285
98.7314,44.1285
98.7314,44.1285
109.7452,43.4536
109.7452,43.4536
109.7452,43.4536
118.6081,42.9798
118.6081,42.9798
118.6081,42.9798
99.8749,42.6905
99.8749,42.6905
99.8749,42.6905
106.9014,42.3154
106.9014,42.3154
106.9014,42.3154
100.3353,43.5387
100.3353,43.5387
100.3353,43.5387
94.3793,43.7483
94.3793,43.7483
94.3793,43.7483
102.7883,44.2992
102.7883,44.2992
102.7883,44.2992
92.7101,43.1614
92.7101,43.1614
92.7101,43.1614
103.6148,44.423
103.6148,44.423
103.6148,44.423
111.3101,43.4732
111.3101,43.4732
111.3101,43.4732
88.2156,44.106
88.2156,44.106
88.2156,44.106
105.2693,42.647
105.2693,42.647
105.2693,42.647
100.9525,44.149
100.9525,44.149
100.9525,44.149
111.6579,43.685
111.6579,43.685
111.6579,43.685
99.9469,43.5388
99.9469,43.5388
99.9469,43.5388
101.179,43.7253
101.179,43.7253
101.179,43.7253
104.8536,43.5959
104.8536,43.5959
104.8536,43.5959
95.4251,44.6584
95.4251,44.6584
95.4251,44.6584
96.2248,43.2368
96.2248,43.2368
96.2248,43.2368
107.4586,43.9157
107.4586,43.9157
107.4586,43.9157
93.4413,43.3479
93.4413,43.3479
93.4413,43.3479
103.3594,43.0251
103.3594,43.0251
103.3594,43.0251
95.8793,43.8425
95.8793,43.8425
95.8793,43.8425
101.008,43.4263
101.008,43.4263
101.008,43.4263
96.9489,43.8811
96.9489,43.8811
96.9489,43.8811
101.1979,43.8874
101.1979,43.8874
101.1979,43.8874
86.8594,44.0002
86.8594,44.0002
86.8594,44.0002
92.89,43.4604
92.89,43.4604
92.89,43.4604
102.1237,43.0782
102.1237,43.0782
102.1237,43.0782
100.132,43.739
100.132,43.739
100.132,43.739
102.4685,43.7383
102.4685,43.7383
102.4685,43.7383
107.8331,45.0803
107.8331,45.0803
107.8331,45.0803
94.9894,43.8459
94.9894,43.8459
94.9894,43.8459
92.5298,44.5499
92.5298,44.5499
92.5298,44.5499
106.7932,44.1651
106.7932,44.1651
106.7932,44.1651
101.5126,43.2312
101.5126,43.2312
101.5126,43.2312
102.3083,44.5471
102.3083,44.5471
102.3083,44.5471
91.2577,42.9318
91.2577,42.9318
91.2577,42.9318
107.5398,45.3422
107.5398,45.3422
107.5398,45.3422
99.8026,43.6368
99.8026,43.6368
99.8026,43.6368
91.4244,42.6894
91.4244,42.6894
91.4244,42.6894
107.307,43.4888
107.307,43.4888
107.307,43.4888
99.7684,44.3625
99.7684,44.3625
99.7684,44.3625
109.3343,43.172
109.3343,43.172
109.3343,43.172
96.1842,42.9176
96.1842,42.9176
96.1842,42.9176
87.102,44.3088
87.102,44.3088
87.102,44.3088
95.2948,43.6254
95.2948,43.6254
95.2948,43.6254
104.959,43.007
104.959,43.007
104.959,43.007
95.3707,44.26
95.3707,44.26
95.3707,44.26
102.2833,44.0211
102.2833,44.0211
102.2833,44.0211
102.0301,43.6275
102.0301,43.6275
102.0301,43.6275
112.1192,43.9615
112.1192,43.9615
112.1192,43.9615
103.5878,42.9263
103.5878,42.9263
103.5878,42.9263
102.3883,43.3024
102.3883,43.3024
102.3883,43.3024
111.1055,44.4711
111.1055,44.4711
111.1055,44.4711
99.5214,43.8093
99.5214,43.8093
99.5214,43.8093
103.6456,44.2315
103.6456,44.2315
103.6456,44.2315
89.6207,43.8346
89.6207,43.8346
89.6207,43.8346
93.5068,44.1433
93.5068,44.1433
93.5068,44.1433
105.972,43.1486
105.972,43.1486
105.972,43.1486
94.8563,44.5971
94.8563,44.5971
94.8563,44.5971
97.6356,43.4529
97.6356,43.4529
97.6356,43.4529
92.782,44.5596
92.782,44.5596
92.782,44.5596
95.632,44.1319
95.632,44.1319
95.632,44.1319
112.6192,42.499
112.6192,42.499
112.6192,42.499
102.6572,42.9403
102.6572,42.9403
102.6572,42.9403
95.3886,43.6574
95.3886,43.6574
95.3886,43.6574
102.2639,43.3934
102.2639,43.3934
102.2639,43.3934
93.5428,43.7868
93.5428,43.7868
93.5428,43.7868
100.9366,44.3665
100.9366,44.3665
100.9366,44.3665
88.3911,43.233
88.3911,43.233
88.3911,43.233
96.4757,43.5158
96.4757,43.5158
96.4757,43.5158
93.5979,45.3386
93.5979,45.3386
93.5979,45.3386
103.8888,43.6441
103.8888,43.6441
103.8888,43.6441
99.6622,44.2747
99.6622,44.2747
99.6622,44.2747
102.8466,43.982
102.8466,43.982
102.8466,43.982
99.2045,43.8863
99.2045,43.8863
99.2045,43.8863
86.2915,43.9865
86.2915,43.9865
86.2915,43.9865
111.5311,43.7132
111.5311,43.7132
111.5311,43.7132
104.2651,42.7999
104.2651,42.7999
104.2651,42.7999
99.9761,42.9757
99.9761,42.9757
99.9761,42.9757
100.5725,43.8801
100.5725,43.8801
100.5725,43.8801
93.2382,43.0076
93.2382,43.0076
93.2382,43.0076
94.3962,42.9588
94.3962,42.9588
94.3962,42.9588
98.6726,44.3483
98.6726,44.3483
98.6726,44.3483
93.602,44.3051
93.602,44.3051
93.602,44.3051
89.8929,43.6898
89.8929,43.6898
89.8929,43.6898
93.4021,42.8785
93.4021,42.8785
93.4021,42.8785
96.6007,43.237
96.6007,43.237
96.6007,43.237
93.346,44.61
93.346,44.61
93.346,44.61
99.8675,44.5298
99.8675,44.5298
99.8675,44.5298
94.2361,44.6508
94.2361,44.6508
94.2361,44.6508
107.3226,44.3933
107.3226,44.3933
107.3226,44.3933
106.9416,44.3526
106.9416,44.3526
106.9416,44.3526
96.249,43.4417
96.249,43.4417
96.249,43.4417
102.5071,44.1194
102.5071,44.1194
102.5071,44.1194
107.8003,44.1215
107.8003,44.1215
107.8003,44.1215
95.0045,43.8325
95.0045,43.8325
95.0045,43.8325
97.8062,43.4055
97.8062,43.4055
97.8062,43.4055
110.9153,44.1023
110.9153,44.1023
110.9153,44.1023
109.0212,44.2516
109.0212,44.2516
109.0212,44.2516
99.018,44.7098
99.018,44.7098
99.018,44.7098
89.4933,43.3585
89.4933,43.3585
89.4933,43.3585
101.8925,43.66
101.8925,43.66
101.8925,43.66
102.4945,44.3872
102.4945,44.3872
102.4945,44.3872
92.2295,44.6081
92.2295,44.6081
92.2295,44.6081
100.543,44.5423
100.543,44.5423
100.543,44.5423
101.7794,43.8854
101.7794,43.8854
101.7794,43.8854
100.0974,43.9991
100.0974,43.9991
100.0974,43.9991
96.3026,42.9515
96.3026,42.9515
96.3026,42.9515
94.6104,43.6383
94.6104,43.6383
94.6104,43.6383
94.7632,43.6479
94.7632,43.6479
94.7632,43.6479
93.3316,44.4338
93.3316,44.4338
93.3316,44.4338
99.4927,44.4204
99.4927,44.4204
99.4927,44.4204
103.0475,42.9573
103.0475,42.9573
103.0475,42.9573
99.1847,43.712
99.1847,43.712
99.1847,43.712
102.6553,44.3702
102.6553,44.3702
102.6553,44.3702
99.2922,44.3758
99.2922,44.3758
99.2922,44.3758
91.4188,43.7569
91.4188,43.7569
91.4188,43.7569
103.5705,42.2763
103.5705,42.2763
103.5705,42.2763
111.6879,43.2076
111.6879,43.2076
111.6879,43.2076
104.5035,43.6344
104.5035,43.6344
104.5035,43.6344
101.3492,43.6254
101.3492,43.6254
101.3492,43.6254
86.626,43.7611
86.626,43.7611
86.626,43.7611
113.2051,44.4669
113.2051,44.4669
113.2051,44.4669
93.654,45.0987
93.654,45.0987
93.654,45.0987
95.4261,43.7885
95.4261,43.7885
95.4261,43.7885
98.9903,42.7835
98.9903,42.7835
98.9903,42.7835
89.1418,43.6581
89.1418,43.6581
89.1418,43.6581
106.841,42.6408
106.841,42.6408
106.841,42.6408
98.1952,43.541
98.1952,43.541
98.1952,43.541
98.348,44.5123
98.348,44.5123
98.348,44.5123
108.8891,44.4099
108.8891,44.4099
108.8891,44.4099
100.6545,44.4934
100.6545,44.4934
100.6545,44.4934
116.0722,43.5097
116.0722,43.5097
116.0722,43.5097
99.9822,44.4216
99.9822,44.4216
99.9822,44.4216
104.3257,44.3523
104.3257,44.3523
104.3257,44.3523
93.2424,43.7358
93.2424,43.7358
93.2424,43.7358
100.1232,42.997
100.1232,42.997
100.1232,42.997
86.9774,43.5148
86.9774,43.5148
86.9774,43.5148
108.2472,44.586
108.2472,44.586
108.2472,44.586
101.2188,43.6867
101.2188,43.6867
101.2188,43.6867
100.2799,43.6282
100.2799,43.6282
100.2799,43.6282
97.9407,42.7024
97.9407,42.7024
97.9407,42.7024
92.8639,43.5063
92.8639,43.5063
92.8639,43.5063
99.2406,43.0499
99.2406,43.0499
99.2406,43.0499
94.3021,43.1281
94.3021,43.1281
94.3021,43.1281
97.0778,44.2258
97.0778,44.2258
97.0778,44.2258
96.3266,43.6567
96.3266,43.6567
96.3266,43.6567
99.7988,44.0679
99.7988,44.0679
99.7988,44.0679
98.9023,44.2559
98.9023,44.2559
98.9023,44.2559
105.01,44.0955
105.01,44.0955
105.01,44.0955
100.9046,43.195
100.9046,43.195
100.9046,43.195
92.0609,43.6154
92.0609,43.6154
92.0609,43.6154
106.3683,44.0079
106.3683,44.0079
106.3683,44.0079
89.0396,44.2168
89.0396,44.2168
89.0396,44.2168
106.3768,43.8944
106.3768,43.8944
106.3768,43.8944
103.7275,44.3512
103.7275,44.3512
103.7275,44.3512
101.5794,44.0599
101.5794,44.0599
101.5794,44.0599
112.5123,44.4441
112.5123,44.4441
112.5123,44.4441
97.6792,43.6561
97.6792,43.6561
97.6792,43.6561
91.5177,43.9361
91.5177,43.9361
91.5177,43.9361
95.4091,43.0983
95.4091,43.0983
95.4091,43.0983
94.0322,42.623
94.0322,42.623
94.0322,42.623
103.5355,44.1651
103.5355,44.1651
103.5355,44.1651
101.5856,43.1542
101.5856,43.1542
101.5856,43.1542
105.7703,42.7223
105.7703,42.7223
105.7703,42.7223
113.2949,44.1936
113.2949,44.1936
113.2949,44.1936
100.037,43.7007
100.037,43.7007
100.037,43.7007
100.681,43.7257
100.681,43.7257
100.681,43.7257
104.8164,44.0197
104.8164,44.0197
104.8164,44.0197
99.7749,44.1526
99.7749,44.1526
99.7749,44.1526
95.5119,43.0672
95.5119,43.0672
95.5119,43.0672
98.9303,43.4835
98.9303,43.4835
98.9303,43.4835
107.3333,43.4189
107.3333,43.4189
107.3333,43.4189
105.0076,44.548
105.0076,44.548
105.0076,44.548
94.7935,44.0421
94.7935,44.0421
94.7935,44.0421
101.5676,43.4656
101.5676,43.4656
101.5676,43.4656
98.2186,43.5672
98.2186,43.5672
98.2186,43.5672
97.684,42.7624
97.684,42.7624
97.684,42.7624
105.8634,45.3405
105.8634,45.3405
105.8634,45.3405
104.8622,43.8946
104.8622,43.8946
104.8622,43.8946
98.3223,44.4162
98.3223,44.4162
98.3223,44.4162
94.5535,43.2217
94.5535,43.2217
94.5535,43.2217
102.8508,43.9712
102.8508,43.9712
102.8508,43.9712
96.6506,43.8124
96.6506,43.8124
96.6506,43.8124
102.9931,44.0822
102.9931,44.0822
102.9931,44.0822
93.4044,43.5961
93.4044,43.5961
93.4044,43.5961
92.5262,44.2746
92.5262,44.2746
92.5262,44.2746
98.4564,44.6689
98.4564,44.6689
98.4564,44.6689
96.8661,43.9165
96.8661,43.9165
96.8661,43.9165
97.5622,42.9231
97.5622,42.9231
97.5622,42.9231
90.6205,43.9622
90.6205,43.9622
90.6205,43.9622
101.7884,43.6345
101.7884,43.6345
101.7884,43.6345
100.1134,43.5661
100.1134,43.5661
100.1134,43.5661
99.3166,43.944
99.3166,43.944
99.3166,43.944
89.3122,43.9796
89.3122,43.9796
89.3122,43.9796
94.9871,43.4681
94.9871,43.4681
94.9871,43.4681
106.088,43.4025
106.088,43.4025
106.088,43.4025
90.5896,44.2016
90.5896,44.2016
90.5896,44.2016
93.951,44.0073
93.951,44.0073
93.951,44.0073
86.6064,43.328
86.6064,43.328
86.6064,43.328
89.4299,44.3216
89.4299,44.3216
89.4299,44.3216
95.7776,42.934
95.7776,42.934
95.7776,42.934
90.5378,43.6887
90.5378,43.6887
90.5378,43.6887
95.6142,42.7559
95.6142,42.7559
95.6142,42.7559
92.6976,44.3838
92.6976,44.3838
92.6976,44.3838
105.535,44.1895
105.535,44.1895
105.535,44.1895
105.9335,43.403
105.9335,43.403
105.9335,43.403
97.5753,43.2791
97.5753,43.2791
97.5753,43.2791
98.9923,44.2604
98.9923,44.2604
98.9923,44.2604
102.0244,43.7561
102.0244,43.7561
102.0244,43.7561
100.4759,43.8375
100.4759,43.8375
100.4759,43.8375
92.8202,43.8559
92.8202,43.8559
92.8202,43.8559
104.9872,44.1272
104.9872,44.1272
104.9872,44.1272
93.1909,43.0291
93.1909,43.0291
93.1909,43.0291
92.653,42.5842
92.653,42.5842
92.653,42.5842
94.8903,43.5465
94.8903,43.5465
94.8903,43.5465
102.3879,44.6739
102.3879,44.6739
102.3879,44.6739
100.566,44.6781
100.566,44.6781
100.566,44.6781
90.3837,44.6489
90.3837,44.6489
90.3837,44.6489
97.0308,44.7354
97.0308,44.7354
97.0308,44.7354
94.9627,44.1941
94.9627,44.1941
94.9627,44.1941
94.5694,44.5504
94.5694,44.5504
94.5694,44.5504
101.7987,42.8446
101.7987,42.8446
101.7987,42.8446
92.6043,45.0052
92.6043,45.0052
92.6043,45.0052
105.2991,44.6645
105.2991,44.6645
105.2991,44.6645
106.3027,44.0822
106.3027,44.0822
106.3027,44.0822
95.1737,45.0041
95.1737,45.0041
95.1737,45.0041
90.4192,43.9558
90.4192,43.9558
90.4192,43.9558
96.1755,43.9134
96.1755,43.9134
96.1755,43.9134
97.7249,44.691
97.7249,44.691
97.7249,44.691
105.2097,43.8801
105.2097,43.8801
105.2097,43.8801
106.2724,43.8507
106.2724,43.8507
106.2724,43.8507
89.2758,43.7943
89.2758,43.7943
89.2758,43.7943
98.8477,43.8236
98.8477,43.8236
98.8477,43.8236
104.2405,43.1385
104.2405,43.1385
104.2405,43.1385
109.8259,44.8006
109.8259,44.8006
109.8259,44.8006
96.6619,43.3315
96.6619,43.3315
96.6619,43.3315
89.1315,43.6119
89.1315,43.6119
89.1315,43.6119
102.9756,43.0542
102.9756,43.0542
102.9756,43.0542
101.4474,44.3769
101.4474,44.3769
101.4474,44.3769
102.7499,44.1245
102.7499,44.1245
102.7499,44.1245
94.213,42.8571
94.213,42.8571
94.213,42.8571
90.0152,44.313
90.0152,44.313
90.0152,44.313
98.605,43.496
98.605,43.496
98.605,43.496
104.4036,44.307
104.4036,44.307
104.4036,44.307
106.4521,43.8437
106.4521,43.8437
106.4521,43.8437
103.4791,43.8128
103.4791,43.8128
103.4791,43.8128
103.0607,43.885
103.0607,43.885
103.0607,43.885
110.8785,43.1229
110.8785,43.1229
110.8785,43.1229
94.442,44.1253
94.442,44.1253
94.442,44.1253
94.3354,43.7099
94.3354,43.7099
94.3354,43.7099
103.8128,43.7187
103.8128,43.7187
103.8128,43.7187
96.4011,44.2316
96.4011,44.2316
96.4011,44.2316
100.9819,43.5753
100.9819,43.5753
100.9819,43.5753
102.0146,44.7704
102.0146,44.7704
102.0146,44.7704
108.8626,44.9784
108.8626,44.9784
108.8626,44.9784
108.489,42.307
108.489,42.307
108.489,42.307
94.2669,43.6096
94.2669,43.6096
94.2669,43.6096
97.3045,44.286
97.3045,44.286
97.3045,44.286
90.4585,43.5792
90.4585,43.5792
90.4585,43.5792
97.5687,44.0098
97.5687,44.0098
97.5687,44.0098
102.4471,44.7836
102.4471,44.7836
102.4471,44.7836
104.0083,44.7722
104.0083,44.7722
104.0083,44.7722
93.8984,43.7094
93.8984,43.7094
93.8984,43.7094
91.6274,44.3735
91.6274,44.3735
91.6274,44.3735
90.2152,43.303
90.2152,43.303
90.2152,43.303
110.071,43.3148
110.071,43.3148
110.071,43.3148
106.2372,44.0093
106.2372,44.0093
106.2372,44.0093
90.6834,44.266
90.6834,44.266
90.6834,44.266
91.0705,43.7076
91.0705,43.7076
91.0705,43.7076
94.6482,44.0987
94.6482,44.0987
94.6482,44.0987
101.0374,44.104
101.0374,44.104
101.0374,44.104
107.78,44.7248
107.78,44.7248
107.78,44.7248
101.9788,44.3926
101.9788,44.3926
101.9788,44.3926
88.7545,43.4851
88.7545,43.4851
88.7545,43.4851
94.7102,44.1642
94.7102,44.1642
94.7102,44.1642
104.9023,43.1481
104.9023,43.1481
104.9023,43.1481
103.6229,43.4911
103.6229,43.4911
103.6229,43.4911
102.958,43.3986
102.958,43.3986
102.958,43.3986
96.3056,43.9106
96.3056,43.9106
96.3056,43.9106
90.3913,43.2098
90.3913,43.2098
90.3913,43.2098
101.806,43.17
101.806,43.17
101.806,43.17
92.3768,44.3938
92.3768,44.3938
92.3768,44.3938
98.6656,45.0954
98.6656,45.0954
98.6656,45.0954
100.1716,44.2767
100.1716,44.2767
100.1716,44.2767
91.5003,43.701
91.5003,43.701
91.5003,43.701
102.4375,43.8051
102.4375,43.8051
102.4375,43.8051
90.4372,43.6137
90.4372,43.6137
90.4372,43.6137
104.0462,43.5627
104.0462,43.5627
104.0462,43.5627
95.8051,44.0423
95.8051,44.0423
95.8051,44.0423
95.5404,44.1133
95.5404,44.1133
95.5404,44.1133
93.6131,43.4691
93.6131,43.4691
93.6131,43.4691
90.7331,43.9049
90.7331,43.9049
90.7331,43.9049
93.9494,43.1782
93.9494,43.1782
93.9494,43.1782
111.9031,44.8439
111.9031,44.8439
111.9031,44.8439
99.6694,44.0488
99.6694,44.0488
99.6694,44.0488
92.2046,43.6572
92.2046,43.6572
92.2046,43.6572
102.2981,43.0647
102.2981,43.0647
102.2981,43.0647
99.7211,44.4389
99.7211,44.4389
99.7211,44.4389
94.703,42.8049
94.703,42.8049
94.703,42.8049
97.7209,43.1658
97.7209,43.1658
97.7209,43.1658
105.8912,43.809
105.8912,43.809
105.8912,43.809
103.8239,43.6474
103.8239,43.6474
103.8239,43.6474
99.4368,43.3099
99.4368,43.3099
99.4368,43.3099
94.7017,44.0737
94.7017,44.0737
94.7017,44.0737
100.0299,45.5617
100.0299,45.5617
100.0299,45.5617
105.398,44.4494
105.398,44.4494
105.398,44.4494
100.3259,43.4468
100.3259,43.4468
100.3259,43.4468
90.2707,44.6341
90.2707,44.6341
90.2707,44.6341
88.0276,43.7042
88.0276,43.7042
88.0276,43.7042
96.3319,43.6824
96.3319,43.6824
96.3319,43.6824
94.6511,44.6281
94.6511,44.6281
94.6511,44.6281
97.2341,43.9474
97.2341,43.9474
97.2341,43.9474
93.3669,43.7268
93.3669,43.7268
93.3669,43.7268
97.0154,43.774
97.0154,43.774
97.0154,43.774
90.8307,43.4067
90.8307,43.4067
90.8307,43.4067
91.5602,42.9144
91.5602,42.9144
91.5602,42.9144
107.7119,44.0745
107.7119,44.0745
107.7119,44.0745
94.8894,43.3371
94.8894,43.3371
94.8894,43.3371
109.9768,44.1162
109.9768,44.1162
109.9768,44.1162
100.509,43.3583
100.509,43.3583
100.509,43.3583
95.3092,42.8068
95.3092,42.8068
95.3092,42.8068
102.5847,42.422
102.5847,42.422
102.5847,42.422
98.8395,43.4304
98.8395,43.4304
98.8395,43.4304
102.8525,43.4272
102.8525,43.4272
102.8525,43.4272
97.7816,44.0918
97.7816,44.0918
97.7816,44.0918
106.9272,43.053
106.9272,43.053
106.9272,43.053
101.3163,44.2847
101.3163,44.2847
101.3163,44.2847
97.9886,44.4328
97.9886,44.4328
97.9886,44.4328
97.2039,44.5418
97.2039,44.5418
97.2039,44.5418
103.2928,43.6377
103.2928,43.6377
103.2928,43.6377
91.9709,44.0867
91.9709,44.0867
91.9709,44.0867
93.4051,44.1045
93.4051,44.1045
93.4051,44.1045
96.6878,44.0268
96.6878,44.0268
96.6878,44.0268
91.7988,43.8021
91.7988,43.8021
91.7988,43.8021
108.9235,44.2338
108.9235,44.2338
108.9235,44.2338
104.7,44.4256
104.7,44.4256
104.7,44.4256
105.5706,44.2711
105.5706,44.2711
105.5706,44.2711
92.2979,43.539
92.2979,43.539
92.2979,43.539
100.4249,42.6288
100.4249,42.6288
100.4249,42.6288
96.8797,45.3129
96.8797,45.3129
96.8797,45.3129
89.6859,43.4582
89.6859,43.4582
89.6859,43.4582
103.4872,43.068
103.4872,43.068
103.4872,43.068
102.7996,44.5064
102.7996,44.5064
102.7996,44.5064
97.0684,43.9668
97.0684,43.9668
97.0684,43.9668
113.3946,43.7942
113.3946,43.7942
113.3946,43.7942
95.7423,44.2138
95.7423,44.2138
95.7423,44.2138
83.2019,44.0467
83.2019,44.0467
83.2019,44.0467
95.8887,44.2304
95.8887,44.2304
95.8887,44.2304
97.4442,43.384
97.4442,43.384
97.4442,43.384
94.8068,44.9043
94.8068,44.9043
94.8068,44.9043
98.4198,43.6964
98.4198,43.6964
98.4198,43.6964
104.0402,43.6908
104.0402,43.6908
104.0402,43.6908
101.0519,44.1514
101.0519,44.1514
101.0519,44.1514
97.8293,43.9025
97.8293,43.9025
97.8293,43.9025
115.2411,44.3725
115.2411,44.3725
115.2411,44.3725
94.8008,44.3534
94.8008,44.3534
94.8008,44.3534
91.8709,44.3394
91.8709,44.3394
91.8709,44.3394
99.1597,44.1252
99.1597,44.1252
99.1597,44.1252
93.2748,44.1179
93.2748,44.1179
93.2748,44.1179
95.0017,44.4948
95.0017,44.4948
95.0017,44.4948
110.7179,44.4368
110.7179,44.4368
110.7179,44.4368
96.2414,44.3084
96.2414,44.3084
96.2414,44.3084
102.0908,42.7384
102.0908,42.7384
102.0908,42.7384
91.8928,44.147
91.8928,44.147
91.8928,44.147
86.969,42.6135
86.969,42.6135
86.969,42.6135
97.9797,42.9443
97.9797,42.9443
97.9797,42.9443
99.1629,43.3354
99.1629,43.3354
99.1629,43.3354
96.8116,45.1231
96.8116,45.1231
96.8116,45.1231
96.318,44.4102
96.318,44.4102
96.318,44.4102
92.0359,44.7571
92.0359,44.7571
92.0359,44.7571
82.1533,43.0282
82.1533,43.0282
82.1533,43.0282
96.8339,43.843
96.8339,43.843
96.8339,43.843
107.67,43.1844
107.67,43.1844
107.67,43.1844
102.0776,44.364
102.0776,44.364
102.0776,44.364
106.8515,43.032
106.8515,43.032
106.8515,43.032
101.2987,43.1078
101.2987,43.1078
101.2987,43.1078
102.8935,43.2754
102.8935,43.2754
102.8935,43.2754
98.7721,43.7616
98.7721,43.7616
98.7721,43.7616
92.1001,43.5733
92.1001,43.5733
92.1001,43.5733
104.2452,43.8134
104.2452,43.8134
104.2452,43.8134
98.514,45.3558
98.514,45.3558
98.514,45.3558
102.2411,43.6874
102.2411,43.6874
102.2411,43.6874
99.5648,42.82
99.5648,42.82
99.5648,42.82
104.1815,43.9945
104.1815,43.9945
104.1815,43.9945
99.5079,42.8341
99.5079,42.8341
99.5079,42.8341
109.7326,43.6917
109.7326,43.6917
109.7326,43.6917
95.2778,44.6171
95.2778,44.6171
95.2778,44.6171
102.4521,42.6499
102.4521,42.6499
102.4521,42.6499
98.0284,44.6962
98.0284,44.6962
98.0284,44.6962
96.7074,43.672
96.7074,43.672
96.7074,43.672
110.6152,43.9095
110.6152,43.9095
110.6152,43.9095
91.602,44.6295
91.602,44.6295
91.602,44.6295
92.6251,42.9568
92.6251,42.9568
92.6251,42.9568
97.3855,44.3757
97.3855,44.3757
97.3855,44.3757
97.6487,43.6376
97.6487,43.6376
97.6487,43.6376
97.902,43.8116
97.902,43.8116
97.902,43.8116
103.3444,43.5835
103.3444,43.5835
103.3444,43.5835
110.7209,44.4543
110.7209,44.4543
110.7209,44.4543
97.816,44.4143
97.816,44.4143
97.816,44.4143
98.7817,44.0101
98.7817,44.0101
98.7817,44.0101
92.6573,43.4002
92.6573,43.4002
92.6573,43.4002
101.7194,44.6693
101.7194,44.6693
101.7194,44.6693
106.2944,44.152
106.2944,44.152
106.2944,44.152
98.9853,42.8615
98.9853,42.8615
98.9853,42.8615
90.0578,44.0247
90.0578,44.0247
90.0578,44.0247
96.359,43.4461
96.359,43.4461
96.359,43.4461
102.5932,43.1935
102.5932,43.1935
102.5932,43.1935
88.0839,45.4754
88.0839,45.4754
88.0839,45.4754
95.5674,43.4682
95.5674,43.4682
95.5674,43.4682
94.0309,44.1095
94.0309,44.1095
94.0309,44.1095
93.1602,43.2478
93.1602,43.2478
93.1602,43.2478
113.1872,43.0073
113.1872,43.0073
113.1872,43.0073
102.5742,43.9144
102.5742,43.9144
102.5742,43.9144
90.478,43.4974
90.478,43.4974
90.478,43.4974
95.0184,42.9524
95.0184,42.9524
95.0184,42.9524
97.2862,44.9199
97.2862,44.9199
97.2862,44.9199
104.311,44.4599
104.311,44.4599
104.311,44.4599
88.1614,43.5389
88.1614,43.5389
88.1614,43.5389
87.4407,44.0058
87.4407,44.0058
87.4407,44.0058
91.9957,44.4085
91.9957,44.4085
91.9957,44.4085
98.3037,43.9013
98.3037,43.9013
98.3037,43.9013
101.4238,43.0412
101.4238,43.0412
101.4238,43.0412
98.36,44.3058
98.36,44.3058
98.36,44.3058
86.799,43.7703
86.799,43.7703
86.799,43.7703
105.6437,43.9332
105.6437,43.9332
105.6437,43.9332
95.1182,44.795
95.1182,44.795
95.1182,44.795
90.7037,44.3375
90.7037,44.3375
90.7037,44.3375
107.0762,43.3106
107.0762,43.3106
107.0762,43.3106
101.5462,43.5945
101.5462,43.5945
101.5462,43.5945
100.8128,43.5198
100.8128,43.5198
100.8128,43.5198
92.7842,43.9073
92.7842,43.9073
92.7842,43.9073
110.362,44.9553
110.362,44.9553
110.362,44.9553
98.3991,45.1422
98.3991,45.1422
98.3991,45.1422
94.0661,44.0329
94.0661,44.0329
94.0661,44.0329
101.3063,44.1754
101.3063,44.1754
101.3063,44.1754
100.6913,42.7973
100.6913,42.7973
100.6913,42.7973
95.6229,44.0123
95.6229,44.0123
95.6229,44.0123
93.8478,44.7036
93.8478,44.7036
93.8478,44.7036
99.4647,44.357
99.4647,44.357
99.4647,44.357
94.802,44.1207
94.802,44.1207
94.802,44.1207
91.8114,43.7529
91.8114,43.7529
91.8114,43.7529
94.3822,43.1217
94.3822,43.1217
94.3822,43.1217
93.4972,43.2727
93.4972,43.2727
93.4972,43.2727
102.6511,43.9682
102.6511,43.9682
102.6511,43.9682
97.794,44.2788
97.794,44.2788
97.794,44.2788
96.9439,43.7388
96.9439,43.7388
96.9439,43.7388
102.2218,43.8889
102.2218,43.8889
102.2218,43.8889
99.9839,43.8881
99.9839,43.8881
99.9839,43.8881
111.4808,44.9051
111.4808,44.9051
111.4808,44.9051
87.2149,44.9135
87.2149,44.9135
87.2149,44.9135
94.0981,44.1726
94.0981,44.1726
94.0981,44.1726
99.9895,44.0823
99.9895,44.0823
99.9895,44.0823
92.2368,42.9627
92.2368,42.9627
92.2368,42.9627
98.5982,44.8827
98.5982,44.8827
98.5982,44.8827
97.9539,43.4302
97.9539,43.4302
97.9539,43.4302
86.5758,42.3754
86.5758,42.3754
86.5758,42.3754
97.4047,44.6268
97.4047,44.6268
97.4047,44.6268
99.4822,44.478
99.4822,44.478
99.4822,44.478
97.4759,43.0535
97.4759,43.0535
97.4759,43.0535
94.3157,42.3566
94.3157,42.3566
94.3157,42.3566
96.1509,44.4899
96.1509,44.4899
96.1509,44.4899
96.1114,43.9065
96.1114,43.9065
96.1114,43.9065
99.0655,44.3729
99.0655,44.3729
99.0655,44.3729
93.0368,43.2287
93.0368,43.2287
93.0368,43.2287
103.2407,44.5485
103.2407,44.5485
103.2407,44.5485
96.2488,44.047
96.2488,44.047
96.2488,44.047
91.5103,45.1678
91.5103,45.1678
91.5103,45.1678
97.8441,43.7578
97.8441,43.7578
97.8441,43.7578
93.4496,43.119
93.4496,43.119
93.4496,43.119
91.4321,43.2139
91.4321,43.2139
91.4321,43.2139
97.8936,43.7689
97.8936,43.7689
97.8936,43.7689
94.8796,44.2821
94.8796,44.2821
94.8796,44.2821
94.9915,45.0338
94.9915,45.0338
94.9915,45.0338
103.9826,44.7008
103.9826,44.7008
103.9826,44.7008
98.6052,43.7211
98.6052,43.7211
98.6052,43.7211
99.3182,43.6755
99.3182,43.6755
99.3182,43.6755
106.2864,43.7749
106.2864,43.7749
106.2864,43.7749
101.3791,42.9519
101.3791,42.9519
101.3791,42.9519
94.8452,43.9533
94.8452,43.9533
94.8452,43.9533
105.9189,44.9797
105.9189,44.9797
105.9189,44.9797
104.2555,44.0115
104.2555,44.0115
104.2555,44.0115
99.1643,44.8545
99.1643,44.8545
99.1643,44.8545
96.2844,43.6473
96.2844,43.6473
96.2844,43.6473
93.2932,45.6133
93.2932,45.6133
93.2932,45.6133
93.3365,43.6256
93.3365,43.6256
93.3365,43.6256
103.3902,44.6282
103.3902,44.6282
103.3902,44.6282
91.6666,43.9863
91.6666,43.9863
91.6666,43.9863
101.8761,44.9928
101.8761,44.9928
101.8761,44.9928
107.9055,44.442
107.9055,44.442
107.9055,44.442
82.2395,45.1981
82.2395,45.1981
82.2395,45.1981
108.5524,44.0797
108.5524,44.0797
108.5524,44.0797
101.9754,44.5439
101.9754,44.5439
101.9754,44.5439
101.6033,43.9679
101.6033,43.9679
101.6033,43.9679
101.0503,42.8492
101.0503,42.8492
101.0503,42.8492
97.1895,42.2977
97.1895,42.2977
97.1895,42.2977
88.0982,44.9424
88.0982,44.9424
88.0982,44.9424
96.2742,44.5016
96.2742,44.5016
96.2742,44.5016
102.915,44.6694
102.915,44.6694
102.915,44.6694
99.5239,42.762
99.5239,42.762
99.5239,42.762
95.168,43.4661
95.168,43.4661
95.168,43.4661
100.9535,43.8475
100.9535,43.8475
100.9535,43.8475
99.2418,44.1047
99.2418,44.1047
99.2418,44.1047
90.7661,44.5889
90.7661,44.5889
90.7661,44.5889
92.3926,44.4584
92.3926,44.4584
92.3926,44.4584
100.0982,42.6047
100.0982,42.6047
100.0982,42.6047
107.2105,43.6601
107.2105,43.6601
107.2105,43.6601
82.6894,44.3874
82.6894,44.3874
82.6894,44.3874
94.0254,44.4824
94.0254,44.4824
94.0254,44.4824
103.5281,44.7424
103.5281,44.7424
103.5281,44.7424
96.0713,43.5676
96.0713,43.5676
96.0713,43.5676
97.4211,44.5304
97.4211,44.5304
97.4211,44.5304
102.5842,43.0447
102.5842,43.0447
102.5842,43.0447
95.6731,43.547
95.6731,43.547
95.6731,43.547
96.493,43.8061
96.493,43.8061
96.493,43.8061
99.4238,44.352
99.4238,44.352
99.4238,44.352
94.3734,44.0666
94.3734,44.0666
94.3734,44.0666
96.3204,44.0293
96.3204,44.0293
96.3204,44.0293
96.6841,43.3766
96.6841,43.3766
96.6841,43.3766
89.33,43.682
89.33,43.682
89.33,43.682
92.5713,44.0487
92.5713,44.0487
92.5713,44.0487
94.3915,44.0288
94.3915,44.0288
94.3915,44.0288
98.4772,43.3212
98.4772,43.3212
98.4772,43.3212
97.4454,43.956
97.4454,43.956
97.4454,43.956
93.398,45.0057
93.398,45.0057
93.398,45.0057
97.8286,43.7946
97.8286,43.7946
97.8286,43.7946
84.7941,44.1966
84.7941,44.1966
84.7941,44.1966
95.3758,43.2647
95.3758,43.2647
95.3758,43.2647
97.6624,44.8888
97.6624,44.8888
97.6624,44.8888
92.0535,44.2625
92.0535,44.2625
92.0535,44.2625
97.9864,44.4976
97.9864,44.4976
97.9864,44.4976
108.4243,42.9447
108.4243,42.9447
108.4243,42.9447
97.8609,45.0663
97.8609,45.0663
97.8609,45.0663
96.4311,45.3492
96.4311,45.3492
96.4311,45.3492
89.5342,43.8053
89.5342,43.8053
89.5342,43.8053
100.9193,43.9524
100.9193,43.9524
100.9193,43.9524
95.9544,43.3188
95.9544,43.3188
95.9544,43.3188
91.9452,44.9809
91.9452,44.9809
91.9452,44.9809
95.2047,44.8444
95.2047,44.8444
95.2047,44.8444
90.4142,44.0308
90.4142,44.0308
90.4142,44.0308
95.2118,44.4478
95.2118,44.4478
95.2118,44.4478
95.7518,45.2308
95.7518,45.2308
95.7518,45.2308
93.2839,44.3157
93.2839,44.3157
93.2839,44.3157
97.5928,44.9203
97.5928,44.9203
97.5928,44.9203
92.2599,43.6816
92.2599,43.6816
92.2599,43.6816
93.0777,44.2765
93.0777,44.2765
93.0777,44.2765
97.7407,44.1084
97.7407,44.1084
97.7407,44.1084
96.2558,44.3252
96.2558,44.3252
96.2558,44.3252
95.7371,43.7612
95.7371,43.7612
95.7371,43.7612
97.6699,44.2958
97.6699,44.2958
97.6699,44.2958
105.2326,43.9747
105.2326,43.9747
105.2326,43.9747
94.2693,44.1353
94.2693,44.1353
94.2693,44.1353
97.5729,43.96
97.5729,43.96
97.5729,43.96
102.521,43.1566
102.521,43.1566
102.521,43.1566
91.4863,45.4697
91.4863,45.4697
91.4863,45.4697
92.5699,43.0243
92.5699,43.0243
92.5699,43.0243
93.0461,42.8363
93.0461,42.8363
93.0461,42.8363
99.6207,42.5681
99.6207,42.5681
99.6207,42.5681
85.9682,44.7012
85.9682,44.7012
85.9682,44.7012
92.6046,44.5094
92.6046,44.5094
92.6046,44.5094
94.3704,43.8345
94.3704,43.8345
94.3704,43.8345
100.6411,44.3857
100.6411,44.3857
100.6411,44.3857
99.8087,44.0201
99.8087,44.0201
99.8087,44.0201
93.8996,42.9593
93.8996,42.9593
93.8996,42.9593
97.2743,43.9351
97.2743,43.9351
97.2743,43.9351
98.2753,43.691
98.2753,43.691
98.2753,43.691
103.4755,43.1797
103.4755,43.1797
103.4755,43.1797
93.9812,42.5398
93.9812,42.5398
93.9812,42.5398
96.2188,45.2552
96.2188,45.2552
96.2188,45.2552
90.5933,43.1059
90.5933,43.1059
90.5933,43.1059
102.1158,44.5997
102.1158,44.5997
102.1158,44.5997
97.455,44.1708
97.455,44.1708
97.455,44.1708
111.3113,44.2103
111.3113,44.2103
111.3113,44.2103
106.6115,44.1903
106.6115,44.1903
106.6115,44.1903
90.563,44.1983
90.563,44.1983
90.563,44.1983
110.2951,43.0943
110.2951,43.0943
110.2951,43.0943
85.7824,43.4523
85.7824,43.4523
85.7824,43.4523
104.2022,44.1625
104.2022,44.1625
104.2022,44.1625
89.1493,43.065
89.1493,43.065
89.1493,43.065
103.1498,44.2987
103.1498,44.2987
103.1498,44.2987
102.6041,44.336
102.6041,44.336
102.6041,44.336
92.4227,44.2071
92.4227,44.2071
92.4227,44.2071
95.9705,43.5861
95.9705,43.5861
95.9705,43.5861
103.2231,44.2853
103.2231,44.2853
103.2231,44.2853
99.5519,43.5063
99.5519,43.5063
99.5519,43.5063
103.9963,43.7974
103.9963,43.7974
103.9963,43.7974
103.598,44.4363
103.598,44.4363
103.598,44.4363
92.3537,44.2448
92.3537,44.2448
92.3537,44.2448
97.8918,43.7398
97.8918,43.7398
97.8918,43.7398
89.2842,43.7657
89.2842,43.7657
89.2842,43.7657
90.6535,43.37
90.6535,43.37
90.6535,43.37
83.2596,44.7949
83.2596,44.7949
83.2596,44.7949
99.9164,44.9058
99.9164,44.9058
99.9164,44.9058
90.3166,43.8604
90.3166,43.8604
90.3166,43.8604
100.9852,43.0058
100.9852,43.0058
100.9852,43.0058
107.018,44.0223
107.018,44.0223
107.018,44.0223
100.4267,44.8358
100.4267,44.8358
100.4267,44.8358
106.3127,43.9036
106.3127,43.9036
106.3127,43.9036
96.5225,43.5427
96.5225,43.5427
96.5225,43.5427
99.6401,43.0267
99.6401,43.0267
99.6401,43.0267
100.538,44.1911
100.538,44.1911
100.538,44.1911
96.2471,44.0889
96.2471,44.0889
96.2471,44.0889
99.2475,43.8999
99.2475,43.8999
99.2475,43.8999
91.5573,43.5743
91.5573,43.5743
91.5573,43.5743
93.4567,44.7735
93.4567,44.7735
93.4567,44.7735
93.9026,45.7249
93.9026,45.7249
93.9026,45.7249
96.6436,43.2558
96.6436,43.2558
96.6436,43.2558
91.7208,43.0016
91.7208,43.0016
91.7208,43.0016
111.371,43.7267
111.371,43.7267
111.371,43.7267
97.6725,44.0684
97.6725,44.0684
97.6725,44.0684
96.8619,44.8642
96.8619,44.8642
96.8619,44.8642
89.6732,44.2929
89.6732,44.2929
89.6732,44.2929
89.6618,43.6666
89.6618,43.6666
89.6618,43.6666
97.6153,44.0597
97.6153,44.0597
97.6153,44.0597
99.7994,45.2275
99.7994,45.2275
99.7994,45.2275
85.4069,43.9177
85.4069,43.9177
85.4069,43.9177
101.7794,43.2439
101.7794,43.2439
101.7794,43.2439
94.2864,43.8234
94.2864,43.8234
94.2864,43.8234
89.5662,43.9176
89.5662,43.9176
89.5662,43.9176
93.6527,43.3276
93.6527,43.3276
93.6527,43.3276
105.8103,44.6407
105.8103,44.6407
105.8103,44.6407
95.4694,44.0457
95.4694,44.0457
95.4694,44.0457
97.0562,43.0616
97.0562,43.0616
97.0562,43.0616
104.7665,43.3941
104.7665,43.3941
104.7665,43.3941
90.4051,43.4668
90.4051,43.4668
90.4051,43.4668
89.8629,45.33
89.8629,45.33
89.8629,45.33
97.7651,44.5447
97.7651,44.5447
97.7651,44.5447
105.7219,43.7794
105.7219,43.7794
105.7219,43.7794
92.5716,43.8043
92.5716,43.8043
92.5716,43.8043
103.7829,44.2553
103.7829,44.2553
103.7829,44.2553
100.7904,43.2184
100.7904,43.2184
100.7904,43.2184
102.905,43.8052
102.905,43.8052
102.905,43.8052
97.8197,43.5166
97.8197,43.5166
97.8197,43.5166
97.272,44.5087
97.272,44.5087
97.272,44.5087
103.2709,44.3546
103.2709,44.3546
103.2709,44.3546
99.5104,44.1231
99.5104,44.1231
99.5104,44.1231
105.9553,43.6086
105.9553,43.6086
105.9553,43.6086
100.9474,43.5985
100.9474,43.5985
100.9474,43.5985
92.9389,43.2087
92.9389,43.2087
92.9389,43.2087
105.3934,45.0581
105.3934,45.0581
105.3934,45.0581
94.2078,43.879
94.2078,43.879
94.2078,43.879
92.6769,43.3885
92.6769,43.3885
92.6769,43.3885
95.5596,43.7907
95.5596,43.7907
95.5596,43.7907
96.1672,44.6794
96.1672,44.6794
96.1672,44.6794
95.3083,44.6086
95.3083,44.6086
95.3083,44.6086
90.4618,44.5277
90.4618,44.5277
90.4618,44.5277
100.6266,43.5798
100.6266,43.5798
100.6266,43.5798
82.7138,44.7204
82.7138,44.7204
82.7138,44.7204
101.5618,43.8323
101.5618,43.8323
101.5618,43.8323
90.6494,43.53
90.6494,43.53
90.6494,43.53
105.8311,43.9038
105.8311,43.9038
105.8311,43.9038
99.0661,44.3923
99.0661,44.3923
99.0661,44.3923
91.572,45.5542
91.572,45.5542
91.572,45.5542
90.3492,45.0354
90.3492,45.0354
90.3492,45.0354
97.0555,43.6216
97.0555,43.6216
97.0555,43.6216
92.0372,43.5646
92.0372,43.5646
92.0372,43.5646
98.9601,43.8079
98.9601,43.8079
98.9601,43.8079
95.7196,44.5062
95.7196,44.5062
95.7196,44.5062
100.618,43.5461
100.618,43.5461
100.618,43.5461
91.0509,43.9626
91.0509,43.9626
91.0509,43.9626
100.3554,44.4877
100.3554,44.4877
100.3554,44.4877
89.8174,43.7897
89.8174,43.7897
89.8174,43.7897
95.9167,43.7836
95.9167,43.7836
95.9167,43.7836
95.8423,44.7299
95.8423,44.7299
95.8423,44.7299
97.2768,44.1106
97.2768,44.1106
97.2768,44.1106
84.0005,43.8338
84.0005,43.8338
84.0005,43.8338
106.7539,44.0445
106.7539,44.0445
106.7539,44.0445
101.219,43.7403
101.219,43.7403
101.219,43.7403
90.5695,44.1775
90.5695,44.1775
90.5695,44.1775
91.706,44.1222
91.706,44.1222
91.706,44.1222
92.9939,44.1279
92.9939,44.1279
92.9939,44.1279
106.3408,44.0969
106.3408,44.0969
106.3408,44.0969
97.9736,44.3025
97.9736,44.3025
97.9736,44.3025
96.6483,43.9235
96.6483,43.9235
96.6483,43.9235
93.8634,44.4488
93.8634,44.4488
93.8634,44.4488
108.3218,42.7368
108.3218,42.7368
108.3218,42.7368
93.307,43.7579
93.307,43.7579
93.307,43.7579
93.6035,42.2015
93.6035,42.2015
93.6035,42.2015
99.7251,44.686
99.7251,44.686
99.7251,44.686
102.3372,42.6185
102.3372,42.6185
102.3372,42.6185
89.711,43.3042
89.711,43.3042
89.711,43.3042
94.8869,43.3743
94.8869,43.3743
94.8869,43.3743
108.3066,43.0719
108.3066,43.0719
108.3066,43.0719
92.1416,43.6633
92.1416,43.6633
92.1416,43.6633
95.2873,44.5367
95.2873,44.5367
95.2873,44.5367
94.7127,43.9301
94.7127,43.9301
94.7127,43.9301
99.7416,43.3812
99.7416,43.3812
99.7416,43.3812
93.225,43.4023
93.225,43.4023
93.225,43.4023
89.4991,43.5238
89.4991,43.5238
89.4991,43.5238
98.477,44.1997
98.477,44.1997
98.477,44.1997
103.472,44.5595
103.472,44.5595
103.472,44.5595
96.7203,42.6511
96.7203,42.6511
96.7203,42.6511
85.4852,43.9596
85.4852,43.9596
85.4852,43.9596
102.2717,44.3994
102.2717,44.3994
102.2717,44.3994
97.506,43.1418
97.506,43.1418
97.506,43.1418
94.8566,44.1028
94.8566,44.1028
94.8566,44.1028
83.5915,44.1057
83.5915,44.1057
83.5915,44.1057
95.4138,44.4073
95.4138,44.4073
95.4138,44.4073
90.3772,44.2666
90.3772,44.2666
90.3772,44.2666
88.8643,43.4924
88.8643,43.4924
88.8643,43.4924
87.2653,43.5449
87.2653,43.5449
87.2653,43.5449
98.0405,43.6048
98.0405,43.6048
98.0405,43.6048
98.7871,43.0033
98.7871,43.0033
98.7871,43.0033
97.6802,42.9021
97.6802,42.9021
97.6802,42.9021
88.6332,43.7069
88.6332,43.7069
88.6332,43.7069
98.0465,43.9036
98.0465,43.9036
98.0465,43.9036
95.8399,44.5814
95.8399,44.5814
95.8399,44.5814
93.7247,43.7841
93.7247,43.7841
93.7247,43.7841
105.7541,43.5657
105.7541,43.5657
105.7541,43.5657
102.214,43.6122
102.214,43.6122
102.214,43.6122
98.7857,45.1796
98.7857,45.1796
98.7857,45.1796
102.9098,43.7215
102.9098,43.7215
102.9098,43.7215
96.4625,43.0016
96.4625,43.0016
96.4625,43.0016
92.5092,43.7598
92.5092,43.7598
92.5092,43.7598
92.3347,44.4626
92.3347,44.4626
92.3347,44.4626
101.3415,44.5576
101.3415,44.5576
101.3415,44.5576
98.0108,45.787
98.0108,45.787
98.0108,45.787
99.1049,44.1407
99.1049,44.1407
99.1049,44.1407
87.4146,43.0383
87.4146,43.0383
87.4146,43.0383
92.8285,44.3607
92.8285,44.3607
92.8285,44.3607
99.8289,44.0195
99.8289,44.0195
99.8289,44.0195
101.0324,44.2965
101.0324,44.2965
101.0324,44.2965
100.5927,44.3455
100.5927,44.3455
100.5927,44.3455
100.2659,43.8061
100.2659,43.8061
100.2659,43.8061
92.8625,44.1978
92.8625,44.1978
92.8625,44.1978
108.1836,44.4977
108.1836,44.4977
108.1836,44.4977
99.1295,44.6655
99.1295,44.6655
99.1295,44.6655
96.8553,44.2437
96.8553,44.2437
96.8553,44.2437
110.2101,43.5008
110.2101,43.5008
110.2101,43.5008
89.1577,44.4526
89.1577,44.4526
89.1577,44.4526
100.141,45.6885
100.141,45.6885
100.141,45.6885
95.935,43.3269
95.935,43.3269
95.935,43.3269
96.53,43.4011
96.53,43.4011
96.53,43.4011
104.8046,44.7984
104.8046,44.7984
104.8046,44.7984
106.7158,42.9583
106.7158,42.9583
106.7158,42.9583
95.834,44.6226
95.834,44.6226
95.834,44.6226
91.46,43.3673
91.46,43.3673
91.46,43.3673
90.8725,44.0083
90.8725,44.0083
90.8725,44.0083
102.8745,43.7076
102.8745,43.7076
102.8745,43.7076
105.8895,43.7455
105.8895,43.7455
105.8895,43.7455
87.1786,42.9038
87.1786,42.9038
87.1786,42.9038
97.9222,44.1036
97.9222,44.1036
97.9222,44.1036
89.2019,45.1572
89.2019,45.1572
89.2019,45.1572
99.7978,44.363
99.7978,44.363
99.7978,44.363
107.3121,43.9699
107.3121,43.9699
107.3121,43.9699
99.8101,43.8947
99.8101,43.8947
99.8101,43.8947
100.3637,44.5403
100.3637,44.5403
100.3637,44.5403
104.2629,44.1393
104.2629,44.1393
104.2629,44.1393
96.815,43.8471
96.815,43.8471
96.815,43.8471
100.3305,42.2837
100.3305,42.2837
100.3305,42.2837
89.8521,44.2367
89.8521,44.2367
89.8521,44.2367
94.2666,44.4152
94.2666,44.4152
94.2666,44.4152
80.8554,43.8633
80.8554,43.8633
80.8554,43.8633
101.7092,43.6442
101.7092,43.6442
101.7092,43.6442
103.2704,44.2626
103.2704,44.2626
103.2704,44.2626
97.711,45.7807
97.711,45.7807
97.711,45.7807
90.2908,43.8182
90.2908,43.8182
90.2908,43.8182
99.2491,43.3478
99.2491,43.3478
99.2491,43.3478
112.3299,43.9411
112.3299,43.9411
112.3299,43.9411
94.0687,43.4745
94.0687,43.4745
94.0687,43.4745
97.3877,43.2917
97.3877,43.2917
97.3877,43.2917
101.1648,43.8286
101.1648,43.8286
101.1648,43.8286
101.6714,44.7139
101.6714,44.7139
101.6714,44.7139
105.1356,44.9618
105.1356,44.9618
105.1356,44.9618
93.3962,44.2945
93.3962,44.2945
93.3962,44.2945
96.2562,43.9687
96.2562,43.9687
96.2562,43.9687
97.1686,44.21
97.1686,44.21
97.1686,44.21
102.3026,44.1829
102.3026,44.1829
102.3026,44.1829
102.179,44.2385
102.179,44.2385
102.179,44.2385
99.9605,44.349
99.9605,44.349
99.9605,44.349
101.7216,43.741
101.7216,43.741
101.7216,43.741
103.0862,44.052
103.0862,44.052
103.0862,44.052
101.436,46.1195
101.436,46.1195
101.436,46.1195
93.642,42.9797
93.642,42.9797
93.642,42.9797
99.6336,44.2084
99.6336,44.2084
99.6336,44.2084
101.6229,43.8253
101.6229,43.8253
101.6229,43.8253
104.0591,44.3332
104.0591,44.3332
104.0591,44.3332
95.5386,44.5297
95.5386,44.5297
95.5386,44.5297
97.2803,42.9371
97.2803,42.9371
97.2803,42.9371
91.9818,43.7698
91.9818,43.7698
91.9818,43.7698
98.5686,45.0992
98.5686,45.0992
98.5686,45.0992
99.1899,44.1348
99.1899,44.1348
99.1899,44.1348
98.5413,45.4672
98.5413,45.4672
98.5413,45.4672
95.1596,44.0762
95.1596,44.0762
95.1596,44.0762
93.1971,44.0898
93.1971,44.0898
93.1971,44.0898
97.4024,45.2395
97.4024,45.2395
97.4024,45.2395
99.1611,44.1224
99.1611,44.1224
99.1611,44.1224
103.3655,45.6972
103.3655,45.6972
103.3655,45.6972
95.4994,45.6437
95.4994,45.6437
95.4994,45.6437
97.5017,42.9457
97.5017,42.9457
97.5017,42.9457
102.1248,43.4203
102.1248,43.4203
102.1248,43.4203
100.0263,44.6886
100.0263,44.6886
100.0263,44.6886
99.2207,44.4921
99.2207,44.4921
99.2207,44.4921
105.1692,43.2777
105.1692,43.2777
105.1692,43.2777
101.8017,45.7498
101.8017,45.7498
101.8017,45.7498
96.1626,43.6147
96.1626,43.6147
96.1626,43.6147
86.4887,43.1676
86.4887,43.1676
86.4887,43.1676
100.7959,42.9456
100.7959,42.9456
100.7959,42.9456
105.7751,43.368
105.7751,43.368
105.7751,43.368
96.6324,44.4245
96.6324,44.4245
96.6324,44.4245
96.8496,42.9485
96.8496,42.9485
96.8496,42.9485
94.5103,43.9299
94.5103,43.9299
94.5103,43.9299
99.657,43.3534
99.657,43.3534
99.657,43.3534
99.0323,43.2688
99.0323,43.2688
99.0323,43.2688
101.6862,45.2997
101.6862,45.2997
101.6862,45.2997
95.2026,45.0465
95.2026,45.0465
95.2026,45.0465
101.0963,43.9718
101.0963,43.9718
101.0963,43.9718
99.1566,43.5773
99.1566,43.5773
99.1566,43.5773
94.8167,43.3487
94.8167,43.3487
94.8167,43.3487
98.2704,44.7781
98.2704,44.7781
98.2704,44.7781
100.9267,43.5391
100.9267,43.5391
100.9267,43.5391
105.7931,43.8657
105.7931,43.8657
105.7931,43.8657
88.505,44.237
88.505,44.237
88.505,44.237
95.3551,44.6521
95.3551,44.6521
95.3551,44.6521
94.2739,44.8565
94.2739,44.8565
94.2739,44.8565
105.8794,45.1709
105.8794,45.1709
105.8794,45.1709
104.2871,45.4201
104.2871,45.4201
104.2871,45.4201
103.1476,44.9481
103.1476,44.9481
103.1476,44.9481
94.2619,43.7963
94.2619,43.7963
94.2619,43.7963
96.8794,44.9239
96.8794,44.9239
96.8794,44.9239
100.623,43.6769
100.623,43.6769
100.623,43.6769
95.071,43.5964
95.071,43.5964
95.071,43.5964
100.1678,43.0185
100.1678,43.0185
100.1678,43.0185
104.1788,43.7017
104.1788,43.7017
104.1788,43.7017
86.4653,44.5256
86.4653,44.5256
86.4653,44.5256
98.0817,44.6776
98.0817,44.6776
98.0817,44.6776
98.7515,43.4944
98.7515,43.4944
98.7515,43.4944
102.5554,43.2623
102.5554,43.2623
102.5554,43.2623
93.4248,43.2313
93.4248,43.2313
93.4248,43.2313
98.6979,43.9694
98.6979,43.9694
98.6979,43.9694
95.9622,44.649
95.9622,44.649
95.9622,44.649
96.4651,43.0695
96.4651,43.0695
96.4651,43.0695
91.0262,44.4164
91.0262,44.4164
91.0262,44.4164
87.016,45.0762
87.016,45.0762
87.016,45.0762
96.663,42.6147
96.663,42.6147
96.663,42.6147
92.3433,44.5998
92.3433,44.5998
92.3433,44.5998
92.0184,45.2074
92.0184,45.2074
92.0184,45.2074
100.5735,44.1057
100.5735,44.1057
100.5735,44.1057
91.7854,43.9853
91.7854,43.9853
91.7854,43.9853
93.1927,44.7105
93.1927,44.7105
93.1927,44.7105
93.9768,44.9509
93.9768,44.9509
93.9768,44.9509
101.3744,43.3035
101.3744,43.3035
101.3744,43.3035
94.6299,44.1544
94.6299,44.1544
94.6299,44.1544
101.0743,44.1238
101.0743,44.1238
101.0743,44.1238
82.5448,44.7986
82.5448,44.7986
82.5448,44.7986
103.0381,44.7842
103.0381,44.7842
103.0381,44.7842
85.4732,43.0469
85.4732,43.0469
85.4732,43.0469
90.593,43.8082
90.593,43.8082
90.593,43.8082
98.1015,42.8311
98.1015,42.8311
98.1015,42.8311
101.234,43.6109
101.234,43.6109
101.234,43.6109
106.4968,42.7285
106.4968,42.7285
106.4968,42.7285
109.1744,44.8589
109.1744,44.8589
109.1744,44.8589
96.3303,44.0225
96.3303,44.0225
96.3303,44.0225
87.1252,44.3233
87.1252,44.3233
87.1252,44.3233
90.6332,43.1313
90.6332,43.1313
90.6332,43.1313
95.4708,44.2972
95.4708,44.2972
95.4708,44.2972
95.4367,44.0853
95.4367,44.0853
95.4367,44.0853
100.9346,44.3712
100.9346,44.3712
100.9346,44.3712
99.1339,44.1609
99.1339,44.1609
99.1339,44.1609
101.7086,45.1472
101.7086,45.1472
101.7086,45.1472
105.8076,43.9222
105.8076,43.9222
105.8076,43.9222
98.1521,42.6459
98.1521,42.6459
98.1521,42.6459
95.7116,44.2822
95.7116,44.2822
95.7116,44.2822
95.9255,44.6404
95.9255,44.6404
95.9255,44.6404
95.5806,44.3165
95.5806,44.3165
95.5806,44.3165
98.9884,45.2139
98.9884,45.2139
98.9884,45.2139
96.5963,45.7477
96.5963,45.7477
96.5963,45.7477
96.8368,44.1786
96.8368,44.1786
96.8368,44.1786
108.9915,44.4266
108.9915,44.4266
108.9915,44.4266
92.1711,44.1278
92.1711,44.1278
92.1711,44.1278
97.7402,43.6439
97.7402,43.6439
97.7402,43.6439
89.4946,43.2362
89.4946,43.2362
89.4946,43.2362
95.5508,44.4132
95.5508,44.4132
95.5508,44.4132
95.9106,43.9921
95.9106,43.9921
95.9106,43.9921
98.1395,44.2318
98.1395,44.2318
98.1395,44.2318
94.5412,43.4224
94.5412,43.4224
94.5412,43.4224
101.7548,44.0819
101.7548,44.0819
101.7548,44.0819
111.7034,44.628
111.7034,44.628
111.7034,44.628
100.9072,44.482
100.9072,44.482
100.9072,44.482
86.2882,44.4856
86.2882,44.4856
86.2882,44.4856
97.1358,44.8001
97.1358,44.8001
97.1358,44.8001
97.9121,44.1305
97.9121,44.1305
97.9121,44.1305
91.8359,44.1197
91.8359,44.1197
91.8359,44.1197
96.9991,44.3524
96.9991,44.3524
96.9991,44.3524
91.6309,44.5876
91.6309,44.5876
91.6309,44.5876
95.5725,44.486
95.5725,44.486
95.5725,44.486
85.3925,44.1132
85.3925,44.1132
85.3925,44.1132
85.3418,43.6533
85.3418,43.6533
85.3418,43.6533
92.4193,45.1848
92.4193,45.1848
92.4193,45.1848
106.3782,46.0548
106.3782,46.0548
106.3782,46.0548
85.963,43.531
85.963,43.531
85.963,43.531
96.9398,44.6248
96.9398,44.6248
96.9398,44.6248
93.4943,44.5004
93.4943,44.5004
93.4943,44.5004
88.5578,44.1931
88.5578,44.1931
88.5578,44.1931
94.8636,43.3164
94.8636,43.3164
94.8636,43.3164
93.6638,43.9132
93.6638,43.9132
93.6638,43.9132
91.6633,43.8749
91.6633,43.8749
91.6633,43.8749
97.3293,43.8021
97.3293,43.8021
97.3293,43.8021
86.0035,44.413
86.0035,44.413
86.0035,44.413
107.2679,43.9407
107.2679,43.9407
107.2679,43.9407
105.1102,44.0814
105.1102,44.0814
105.1102,44.0814
89.1651,43.5554
89.1651,43.5554
89.1651,43.5554
92.8426,43.1615
92.8426,43.1615
92.8426,43.1615
101.8253,44.0823
101.8253,44.0823
101.8253,44.0823
100.5402,42.7597
100.5402,42.7597
100.5402,42.7597
94.0269,42.5231
94.0269,42.5231
94.0269,42.5231
100.5478,44.0128
100.5478,44.0128
100.5478,44.0128
95.2757,44.8699
95.2757,44.8699
95.2757,44.8699
97.4568,45.4537
97.4568,45.4537
97.4568,45.4537
109.3967,44.9769
109.3967,44.9769
109.3967,44.9769
103.4171,44.5704
103.4171,44.5704
103.4171,44.5704
90.0652,44.3423
90.0652,44.3423
90.0652,44.3423
99.5024,44.6449
99.5024,44.6449
99.5024,44.6449
92.7617,43.8512
92.7617,43.8512
92.7617,43.8512
98.6068,43.6665
98.6068,43.6665
98.6068,43.6665
101.3243,45.3441
101.3243,45.3441
101.3243,45.3441
94.1403,44.6205
94.1403,44.6205
94.1403,44.6205
89.1676,44.0052
89.1676,44.0052
89.1676,44.0052
101.8931,43.6566
101.8931,43.6566
101.8931,43.6566
90.0223,43.6575
90.0223,43.6575
90.0223,43.6575
103.8799,43.6498
103.8799,43.6498
103.8799,43.6498
99.7298,44.5468
99.7298,44.5468
99.7298,44.5468
105.6839,45.1508
105.6839,45.1508
105.6839,45.1508
98.2561,44.0395
98.2561,44.0395
98.2561,44.0395
110.3271,44.7069
110.3271,44.7069
110.3271,44.7069
101.1506,45.2354
101.1506,45.2354
101.1506,45.2354
105.4676,43.9336
105.4676,43.9336
105.4676,43.9336
100.8645,46.2127
100.8645,46.2127
100.8645,46.2127
84.1392,44.4041
84.1392,44.4041
84.1392,44.4041
106.2094,44.4889
106.2094,44.4889
106.2094,44.4889
91.0952,43.5554
91.0952,43.5554
91.0952,43.5554
97.1886,45.8329
97.1886,45.8329
97.1886,45.8329
92.7009,43.3722
92.7009,43.3722
92.7009,43.3722
96.9129,43.5578
96.9129,43.5578
96.9129,43.5578
94.5863,44.6712
94.5863,44.6712
94.5863,44.6712
85.6717,44.9056
85.6717,44.9056
85.6717,44.9056
101.5345,42.9561
101.5345,42.9561
101.5345,42.9561
98.3016,43.6214
98.3016,43.6214
98.3016,43.6214
93.9758,44.8564
93.9758,44.8564
93.9758,44.8564
98.8759,44.2199
98.8759,44.2199
98.8759,44.2199
99.9011,44.9672
99.9011,44.9672
99.9011,44.9672
93.0493,44.2609
93.0493,44.2609
93.0493,44.2609
82.5955,44.9388
82.5955,44.9388
82.5955,44.9388
104.161,44.566
104.161,44.566
104.161,44.566
100.6672,45.1294
100.6672,45.1294
100.6672,45.1294
106.393,43.5986
106.393,43.5986
106.393,43.5986
97.4141,44.1359
97.4141,44.1359
97.4141,44.1359
97.1828,44.723
97.1828,44.723
97.1828,44.723
99.4081,44.1951
99.4081,44.1951
99.4081,44.1951
95.6699,43.6198
95.6699,43.6198
95.6699,43.6198
96.7019,44.8996
96.7019,44.8996
96.7019,44.8996
97.716,44.1075
97.716,44.1075
97.716,44.1075
95.1525,43.8718
95.1525,43.8718
95.1525,43.8718
91.2597,44.1596
91.2597,44.1596
91.2597,44.1596
90.243,45.2852
90.243,45.2852
90.243,45.2852
94.3891,44.111
94.3891,44.111
94.3891,44.111
99.0456,44.1388
99.0456,44.1388
99.0456,44.1388
100.3164,43.6434
100.3164,43.6434
100.3164,43.6434
90.9978,44.5051
90.9978,44.5051
90.9978,44.5051
95.8074,45.4198
95.8074,45.4198
95.8074,45.4198
93.2989,44.9183
93.2989,44.9183
93.2989,44.9183
98.5901,43.8219
98.5901,43.8219
98.5901,43.8219
98.8133,43.2814
98.8133,43.2814
98.8133,43.2814
103.6994,44.5641
103.6994,44.5641
103.6994,44.5641
94.2906,45.5167
94.2906,45.5167
94.2906,45.5167
95.3667,44.4667
95.3667,44.4667
95.3667,44.4667
94.1248,43.0154
94.1248,43.0154
94.1248,43.0154
99.9196,44.4529
99.9196,44.4529
99.9196,44.4529
96.6212,44.5295
96.6212,44.5295
96.6212,44.5295
93.8463,44.408
93.8463,44.408
93.8463,44.408
99.335,43.7535
99.335,43.7535
99.335,43.7535
98.1231,43.691
98.1231,43.691
98.1231,43.691
102.8476,44.7848
102.8476,44.7848
102.8476,44.7848
93.5278,44.1427
93.5278,44.1427
93.5278,44.1427
100.3558,44.5309
100.3558,44.5309
100.3558,44.5309
94.926,44.9468
94.926,44.9468
94.926,44.9468
100.741,44.5865
100.741,44.5865
100.741,44.5865
89.7377,43.0158
89.7377,43.0158
89.7377,43.0158
87.4632,44.1135
87.4632,44.1135
87.4632,44.1135
98.9016,43.7116
98.9016,43.7116
98.9016,43.7116
92.5107,45.732
92.5107,45.732
92.5107,45.732
90.0517,43.6865
90.0517,43.6865
90.0517,43.6865
103.3619,43.0729
103.3619,43.0729
103.3619,43.0729
100.1766,43.9684
100.1766,43.9684
100.1766,43.9684
89.2045,44.3046
89.2045,44.3046
89.2045,44.3046
96.2123,43.9584
96.2123,43.9584
96.2123,43.9584
93.2064,43.3855
93.2064,43.3855
93.2064,43.3855
105.5007,44.6579
105.5007,44.6579
105.5007,44.6579
94.1199,44.5303
94.1199,44.5303
94.1199,44.5303
98.0305,43.8719
98.0305,43.8719
98.0305,43.8719
99.0625,44.4562
99.0625,44.4562
99.0625,44.4562
100.7452,42.7144
100.7452,42.7144
100.7452,42.7144
94.2267,44.3784
94.2267,44.3784
94.2267,44.3784
86.7819,44.4858
86.7819,44.4858
86.7819,44.4858
89.8106,43.2581
89.8106,43.2581
89.8106,43.2581
99.2701,44.6487
99.2701,44.6487
99.2701,44.6487
97.426,43.2189
97.426,43.2189
97.426,43.2189
98.5895,44.5662
98.5895,44.5662
98.5895,44.5662
97.5671,44.6807
97.5671,44.6807
97.5671,44.6807
94.9052,44.2827
94.9052,44.2827
94.9052,44.2827
92.3165,43.7976
92.3165,43.7976
92.3165,43.7976
99.1153,44.543
99.1153,44.543
99.1153,44.543
89.376,45.0265
89.376,45.0265
89.376,45.0265
93.0394,44.2459
93.0394,44.2459
93.0394,44.2459
101.7013,44.0954
101.7013,44.0954
101.7013,44.0954
87.6996,43.8198
87.6996,43.8198
87.6996,43.8198
103.5332,43.1358
103.5332,43.1358
103.5332,43.1358
101.2077,43.7309
101.2077,43.7309
101.2077,43.7309
89.8775,43.55
89.8775,43.55
89.8775,43.55
97.9425,44.3614
97.9425,44.3614
97.9425,44.3614
88.2669,44.1707
88.2669,44.1707
88.2669,44.1707
89.5158,46.46
89.5158,46.46
89.5158,46.46
92.2179,44.5386
92.2179,44.5386
92.2179,44.5386
100.8694,44.3562
100.8694,44.3562
100.8694,44.3562
104.2825,43.6318
104.2825,43.6318
104.2825,43.6318
101.1666,43.4081
101.1666,43.4081
101.1666,43.4081
94.157,44.3713
94.157,44.3713
94.157,44.3713
108.5196,43.7355
108.5196,43.7355
108.5196,43.7355
96.3631,44.336
96.3631,44.336
96.3631,44.336
100.7103,45.0008
100.7103,45.0008
100.7103,45.0008
97.6762,43.7253
97.6762,43.7253
97.6762,43.7253
95.6513,44.1575
95.6513,44.1575
95.6513,44.1575
96.7157,44.2148
96.7157,44.2148
96.7157,44.2148
96.871,44.1582
96.871,44.1582
96.871,44.1582
96.425,43.1913
96.425,43.1913
96.425,43.1913
92.782,43.7453
92.782,43.7453
92.782,43.7453
102.2289,44.3261
102.2289,44.3261
102.2289,44.3261
94.0368,43.502
94.0368,43.502
94.0368,43.502
99.887,43.3472
99.887,43.3472
99.887,43.3472
98.0478,44.1753
98.0478,44.1753
98.0478,44.1753
95.4465,43.6841
95.4465,43.6841
95.4465,43.6841
106.1322,44.2478
106.1322,44.2478
106.1322,44.2478
98.5345,44.9803
98.5345,44.9803
98.5345,44.9803
109.8044,44.9943
109.8044,44.9943
109.8044,44.9943
88.896,45.3565
88.896,45.3565
88.896,45.3565
95.4823,45.2531
95.4823,45.2531
95.4823,45.2531
93.2058,42.8762
93.2058,42.8762
93.2058,42.8762
96.7589,44.1674
96.7589,44.1674
96.7589,44.1674
104.8154,44.407
104.8154,44.407
104.8154,44.407
92.1103,43.7555
92.1103,43.7555
92.1103,43.7555
110.4955,45.5033
110.4955,45.5033
110.4955,45.5033
91.4924,43.9521
91.4924,43.9521
91.4924,43.9521
93.7243,44.938
93.7243,44.938
93.7243,44.938
109.8108,44.7223
109.8108,44.7223
109.8108,44.7223
98.9424,43.6421
98.9424,43.6421
98.9424,43.6421
97.4033,43.9
97.4033,43.9
97.4033,43.9
90.834,43.8579
90.834,43.8579
90.834,43.8579
94.7726,44.3143
94.7726,44.3143
94.7726,44.3143
96.8663,44.0778
96.8663,44.0778
96.8663,44.0778
94.0713,43.5305
94.0713,43.5305
94.0713,43.5305
98.003,42.9285
98.003,42.9285
98.003,42.9285
104.931,44.4459
104.931,44.4459
104.931,44.4459
109.8412,44.0292
109.8412,44.0292
109.8412,44.0292
106.464,45.6068
106.464,45.6068
106.464,45.6068
98.2683,43.0563
98.2683,43.0563
98.2683,43.0563
97.9458,45.2741
97.9458,45.2741
97.9458,45.2741
102.7578,44.3805
102.7578,44.3805
102.7578,44.3805
91.8799,43.9894
91.8799,43.9894
91.8799,43.9894
97.0928,43.6501
97.0928,43.6501
97.0928,43.6501
95.7417,43.5937
95.7417,43.5937
95.7417,43.5937
99.439,44.2254
99.439,44.2254
99.439,44.2254
90.6003,44.3496
90.6003,44.3496
90.6003,44.3496
94.9824,44.4926
94.9824,44.4926
94.9824,44.4926
99.4352,43.3224
99.4352,43.3224
99.4352,43.3224
98.0774,43.5487
98.0774,43.5487
98.0774,43.5487
106.8481,43.1496
106.8481,43.1496
106.8481,43.1496
103.7745,44.2857
103.7745,44.2857
103.7745,44.2857
94.5473,43.9044
94.5473,43.9044
94.5473,43.9044
93.1636,44.3098
93.1636,44.3098
93.1636,44.3098
103.8789,44.4365
103.8789,44.4365
103.8789,44.4365
92.6472,45.3496
92.6472,45.3496
92.6472,45.3496
93.9391,43.4497
93.9391,43.4497
93.9391,43.4497
104.63,44.6222
104.63,44.6222
104.63,44.6222
99.8535,45.5597
99.8535,45.5597
99.8535,45.5597
101.2097,44.8674
101.2097,44.8674
101.2097,44.8674
96.1278,45.1176
96.1278,45.1176
96.1278,45.1176
84.2047,43.5718
84.2047,43.5718
84.2047,43.5718
91.6889,44.8233
91.6889,44.8233
91.6889,44.8233
97.7092,43.9703
97.7092,43.9703
97.7092,43.9703
82.1126,44.3494
82.1126,44.3494
82.1126,44.3494
99.9795,43.8149
99.9795,43.8149
99.9795,43.8149
89.0768,43.8845
89.0768,43.8845
89.0768,43.8845
113.8332,44.6708
113.8332,44.6708
113.8332,44.6708
98.3386,42.9146
98.3386,42.9146
98.3386,42.9146
102.144,44.7429
102.144,44.7429
102.144,44.7429
87.7611,43.1638
87.7611,43.1638
87.7611,43.1638
93.2984,44.9776
93.2984,44.9776
93.2984,44.9776
94.2233,43.9695
94.2233,43.9695
94.2233,43.9695
87.0193,43.6198
87.0193,43.6198
87.0193,43.6198
95.5288,44.1827
95.5288,44.1827
95.5288,44.1827
105.8798,44.9817
105.8798,44.9817
105.8798,44.9817
102.8326,44.0025
102.8326,44.0025
102.8326,44.0025
87.8631,44.6727
87.8631,44.6727
87.8631,44.6727
87.1705,43.6095
87.1705,43.6095
87.1705,43.6095
89.556,43.3644
89.556,43.3644
89.556,43.3644
84.7286,44.5537
84.7286,44.5537
84.7286,44.5537
87.9058,44.5819
87.9058,44.5819
87.9058,44.5819
101.3409,44.5103
101.3409,44.5103
101.3409,44.5103
98.9333,44.8771
98.9333,44.8771
98.9333,44.8771
87.2983,44.0362
87.2983,44.0362
87.2983,44.0362
98.139,43.8909
98.139,43.8909
98.139,43.8909
86.8572,45.4844
86.8572,45.4844
86.8572,45.4844
104.1258,44.2337
104.1258,44.2337
104.1258,44.2337
100.8407,44.3994
100.8407,44.3994
100.8407,44.3994
91.0294,43.8458
91.0294,43.8458
91.0294,43.8458
99.7257,43.4477
99.7257,43.4477
99.7257,43.4477
92.8983,45.7547
92.8983,45.7547
92.8983,45.7547
108.9582,44.8682
108.9582,44.8682
108.9582,44.8682
93.8916,45.1868
93.8916,45.1868
93.8916,45.1868
96.988,44.8557
96.988,44.8557
96.988,44.8557
100.5921,44.2422
100.5921,44.2422
100.5921,44.2422
92.2176,45.0253
92.2176,45.0253
92.2176,45.0253
100.6644,43.5264
100.6644,43.5264
100.6644,43.5264
103.9454,44.4919
103.9454,44.4919
103.9454,44.4919
92.4219,45.3598
92.4219,45.3598
92.4219,45.3598
91.0666,43.0585
91.0666,43.0585
91.0666,43.0585
103.8642,43.7452
103.8642,43.7452
103.8642,43.7452
99.3243,44.5247
99.3243,44.5247
99.3243,44.5247
92.1322,44.3535
92.1322,44.3535
92.1322,44.3535
87.9175,44.319
87.9175,44.319
87.9175,44.319
100.4584,44.5902
100.4584,44.5902
100.4584,44.5902
89.9977,44.0949
89.9977,44.0949
89.9977,44.0949
98.3195,44.8962
98.3195,44.8962
98.3195,44.8962
105.4453,43.1177
105.4453,43.1177
105.4453,43.1177
95.5195,44.3543
95.5195,44.3543
95.5195,44.3543
103.2437,44.3683
103.2437,44.3683
103.2437,44.3683
97.6725,44.8174
97.6725,44.8174
97.6725,44.8174
96.1711,44.4519
96.1711,44.4519
96.1711,44.4519
96.747,44.1442
96.747,44.1442
96.747,44.1442
92.5528,43.5103
92.5528,43.5103
92.5528,43.5103
95.7599,44.4476
95.7599,44.4476
95.7599,44.4476
102.7068,44.7518
102.7068,44.7518
102.7068,44.7518
96.8666,43.8008
96.8666,43.8008
96.8666,43.8008
88.4573,44.3893
88.4573,44.3893
88.4573,44.3893
103.2146,45.2466
103.2146,45.2466
103.2146,45.2466
89.7996,44.0101
89.7996,44.0101
89.7996,44.0101
100.4094,43.6246
100.4094,43.6246
100.4094,43.6246
97.3782,44.7529
97.3782,44.7529
97.3782,44.7529
91.979,44.099
91.979,44.099
91.979,44.099
98.0768,44.9023
98.0768,44.9023
98.0768,44.9023
99.5394,42.9917
99.5394,42.9917
99.5394,42.9917
88.0125,44.9388
88.0125,44.9388
88.0125,44.9388
90.9065,43.059
90.9065,43.059
90.9065,43.059
97.6435,45.1558
97.6435,45.1558
97.6435,45.1558
102.3248,43.9663
102.3248,43.9663
102.3248,43.9663
103.16,42.8748
103.16,42.8748
103.16,42.8748
93.8511,44.4928
93.8511,44.4928
93.8511,44.4928
98.7172,44.2571
98.7172,44.2571
98.7172,44.2571
95.371,44.6048
95.371,44.6048
95.371,44.6048
97.681,46.498
97.681,46.498
97.681,46.498
93.688,44.393
93.688,44.393
93.688,44.393
89.1575,43.4395
89.1575,43.4395
89.1575,43.4395
96.1801,43.4952
96.1801,43.4952
96.1801,43.4952
100.6868,44.181
100.6868,44.181
100.6868,44.181
91.8172,45.8936
91.8172,45.8936
91.8172,45.8936
105.4936,43.3924
105.4936,43.3924
105.4936,43.3924
93.2464,45.9686
93.2464,45.9686
93.2464,45.9686
87.0838,43.6523
87.0838,43.6523
87.0838,43.6523
105.5907,44.2147
105.5907,44.2147
105.5907,44.2147
97.3462,43.5205
97.3462,43.5205
97.3462,43.5205
100.6386,45.2239
100.6386,45.2239
100.6386,45.2239
93.4055,46.0625
93.4055,46.0625
93.4055,46.0625
98.0156,43.2392
98.0156,43.2392
98.0156,43.2392
99.2026,43.5691
99.2026,43.5691
99.2026,43.5691
98.1357,44.4271
98.1357,44.4271
98.1357,44.4271
90.303,42.6777
90.303,42.6777
90.303,42.6777
93.7789,43.8104
93.7789,43.8104
93.7789,43.8104
96.066,44.6744
96.066,44.6744
96.066,44.6744
107.3894,43.61
107.3894,43.61
107.3894,43.61
85.8459,45.8589
85.8459,45.8589
85.8459,45.8589
92.3315,44.2581
92.3315,44.2581
92.3315,44.2581
99.5887,43.785
99.5887,43.785
99.5887,43.785
88.1894,45.0256
88.1894,45.0256
88.1894,45.0256
91.51,45.438
91.51,45.438
91.51,45.438
90.9262,44.702
90.9262,44.702
90.9262,44.702
92.4916,44.2561
92.4916,44.2561
92.4916,44.2561
94.7936,43.6248
94.7936,43.6248
94.7936,43.6248
111.8962,44.2776
111.8962,44.2776
111.8962,44.2776
94.2949,44.417
94.2949,44.417
94.2949,44.417
87.4447,43.4558
87.4447,43.4558
87.4447,43.4558
93.4241,44.4269
93.4241,44.4269
93.4241,44.4269
108.0889,43.8224
108.0889,43.8224
108.0889,43.8224
93.7736,43.639
93.7736,43.639
93.7736,43.639
91.0004,44.2409
91.0004,44.2409
91.0004,44.2409
90.3119,43.8953
90.3119,43.8953
90.3119,43.8953
98.6637,44.8706
98.6637,44.8706
98.6637,44.8706
95.5672,43.738
95.5672,43.738
95.5672,43.738
95.2863,43.8751
95.2863,43.8751
95.2863,43.8751
87.521,43.5664
87.521,43.5664
87.521,43.5664
100.1391,44.1002
100.1391,44.1002
100.1391,44.1002
98.6122,43.9678
98.6122,43.9678
98.6122,43.9678
94.2456,43.4347
94.2456,43.4347
94.2456,43.4347
88.363,43.178
88.363,43.178
88.363,43.178
91.465,44.7586
91.465,44.7586
91.465,44.7586
103.7111,45.4123
103.7111,45.4123
103.7111,45.4123
97.7731,44.4949
97.7731,44.4949
97.7731,44.4949
95.3168,44.6847
95.3168,44.6847
95.3168,44.6847
108.4529,45.042
108.4529,45.042
108.4529,45.042
104.7909,43.997
104.7909,43.997
104.7909,43.997
98.2736,44.2482
98.2736,44.2482
98.2736,44.2482
87.2518,44.7197
87.2518,44.7197
87.2518,44.7197
101.1943,44.0322
101.1943,44.0322
101.1943,44.0322
98.0948,44.4819
98.0948,44.4819
98.0948,44.4819
88.66,44.4587
88.66,44.4587
88.66,44.4587
85.827,43.5505
85.827,43.5505
85.827,43.5505
95.9032,44.9154
95.9032,44.9154
95.9032,44.9154
91.3043,44.2894
91.3043,44.2894
91.3043,44.2894
108.2861,44.5027
108.2861,44.5027
108.2861,44.5027
102.0222,44.3941
102.0222,44.3941
102.0222,44.3941
103.2225,44.5572
103.2225,44.5572
103.2225,44.5572
93.4626,44.7652
93.4626,44.7652
93.4626,44.7652
97.5133,43.8286
97.5133,43.8286
97.5133,43.8286
92.6702,43.2484
92.6702,43.2484
92.6702,43.2484
92.7515,44.9514
92.7515,44.9514
92.7515,44.9514
92.6011,43.3152
92.6011,43.3152
92.6011,43.3152
112.3265,43.9104
112.3265,43.9104
112.3265,43.9104
89.4759,43.7751
89.4759,43.7751
89.4759,43.7751
91.4019,44.521
91.4019,44.521
91.4019,44.521
93.7212,42.7567
93.7212,42.7567
93.7212,42.7567
95.4492,45.0905
95.4492,45.0905
95.4492,45.0905
92.1326,44.2988
92.1326,44.2988
92.1326,44.2988
82.0264,44.4132
82.0264,44.4132
82.0264,44.4132
95.0232,44.5882
95.0232,44.5882
95.0232,44.5882
96.9188,45.7064
96.9188,45.7064
96.9188,45.7064
95.3407,44.3594
95.3407,44.3594
95.3407,44.3594
106.912,45.2983
106.912,45.2983
106.912,45.2983
95.013,42.7649
95.013,42.7649
95.013,42.7649
90.3884,44.1591
90.3884,44.1591
90.3884,44.1591
88.307,44.5737
88.307,44.5737
88.307,44.5737
89.5564,43.8533
89.5564,43.8533
89.5564,43.8533
91.9134,45.2332
91.9134,45.2332
91.9134,45.2332
97.6633,42.932
97.6633,42.932
97.6633,42.932
91.7228,44.0518
91.7228,44.0518
91.7228,44.0518
96.0664,42.7758
96.0664,42.7758
96.0664,42.7758
94.3518,44.8764
94.3518,44.8764
94.3518,44.8764
93.6204,45.03
93.6204,45.03
93.6204,45.03
99.8539,43.6937
99.8539,43.6937
99.8539,43.6937
107.0604,45.6982
107.0604,45.6982
107.0604,45.6982
89.2838,44.6621
89.2838,44.6621
89.2838,44.6621
97.8206,43.2597
97.8206,43.2597
97.8206,43.2597
93.5311,44.259
93.5311,44.259
93.5311,44.259
102.9317,43.8566
102.9317,43.8566
102.9317,43.8566
98.4696,43.0929
98.4696,43.0929
98.4696,43.0929
102.4161,44.6944
102.4161,44.6944
102.4161,44.6944
97.3046,43.4449
97.3046,43.4449
97.3046,43.4449
96.5538,44.748
96.5538,44.748
96.5538,44.748
93.3756,43.8008
93.3756,43.8008
93.3756,43.8008
92.629,44.2965
92.629,44.2965
92.629,44.2965
97.3488,43.8227
97.3488,43.8227
97.3488,43.8227
91.7986,43.7588
91.7986,43.7588
91.7986,43.7588
102.6486,44.0238
102.6486,44.0238
102.6486,44.0238
93.0444,44.3593
93.0444,44.3593
93.0444,44.3593
89.6043,44.1655
89.6043,44.1655
89.6043,44.1655
98.0206,44.2408
98.0206,44.2408
98.0206,44.2408
93.4302,44.392
93.4302,44.392
93.4302,44.392
105.0866,43.6119
105.0866,43.6119
105.0866,43.6119
87.5794,45.2572
87.5794,45.2572
87.5794,45.2572
101.4001,45.1759
101.4001,45.1759
101.4001,45.1759
100.0966,44.2247
100.0966,44.2247
100.0966,44.2247
84.3096,43.1268
84.3096,43.1268
84.3096,43.1268
101.5212,44.3534
101.5212,44.3534
101.5212,44.3534
106.9839,44.6708
106.9839,44.6708
106.9839,44.6708
94.5762,44.3218
94.5762,44.3218
94.5762,44.3218
103.1195,45.2738
103.1195,45.2738
103.1195,45.2738
88.7318,43.5437
88.7318,43.5437
88.7318,43.5437
87.5389,43.5718
87.5389,43.5718
87.5389,43.5718
94.9349,43.9462
94.9349,43.9462
94.9349,43.9462
93.9626,44.3866
93.9626,44.3866
93.9626,44.3866
91.0207,44.8675
91.0207,44.8675
91.0207,44.8675
98.2232,43.9856
98.2232,43.9856
98.2232,43.9856
88.3076,45.3562
88.3076,45.3562
88.3076,45.3562
99.2688,45.0057
99.2688,45.0057
99.2688,45.0057
96.721,44.0827
96.721,44.0827
96.721,44.0827
86.3711,44.2432
86.3711,44.2432
86.3711,44.2432
94.7241,46.0159
94.7241,46.0159
94.7241,46.0159
95.6172,45.5158
95.6172,45.5158
95.6172,45.5158
106.4694,44.6531
106.4694,44.6531
106.4694,44.6531
102.2962,44.7121
102.2962,44.7121
102.2962,44.7121
91.049,44.7349
91.049,44.7349
91.049,44.7349
100.1377,44.14
100.1377,44.14
100.1377,44.14
92.7955,44.4147
92.7955,44.4147
92.7955,44.4147
93.7201,44.9722
93.7201,44.9722
93.7201,44.9722
83.689,43.6036
83.689,43.6036
83.689,43.6036
92.8631,44.7498
92.8631,44.7498
92.8631,44.7498
99.0659,44.5995
99.0659,44.5995
99.0659,44.5995
90.7536,44.1929
90.7536,44.1929
90.7536,44.1929
99.1161,44.1966
99.1161,44.1966
99.1161,44.1966
102.2875,44.1186
102.2875,44.1186
102.2875,44.1186
86.2331,44.1076
86.2331,44.1076
86.2331,44.1076
89.9624,45.1838
89.9624,45.1838
89.9624,45.1838
97.7638,44.8914
97.7638,44.8914
97.7638,44.8914
91.3058,43.5638
91.3058,43.5638
91.3058,43.5638
100.4786,45.3537
100.4786,45.3537
100.4786,45.3537
104.5321,44.3971
104.5321,44.3971
104.5321,44.3971
103.5453,43.9685
103.5453,43.9685
103.5453,43.9685
97.2628,44.8935
97.2628,44.8935
97.2628,44.8935
96.3523,44.7825
96.3523,44.7825
96.3523,44.7825
83.7474,43.6122
83.7474,43.6122
83.7474,43.6122
93.846,44.0476
93.846,44.0476
93.846,44.0476
83.2227,44.4421
83.2227,44.4421
83.2227,44.4421
87.8747,43.8947
87.8747,43.8947
87.8747,43.8947
93.3457,43.7233
93.3457,43.7233
93.3457,43.7233
95.8844,43.5959
95.8844,43.5959
95.8844,43.5959
97.2889,44.7954
97.2889,44.7954
97.2889,44.7954
91.1844,44.5235
91.1844,44.5235
91.1844,44.5235
90.1661,44.4268
90.1661,44.4268
90.1661,44.4268
101.6457,44.2692
101.6457,44.2692
101.6457,44.2692
94.4097,43.7861
94.4097,43.7861
94.4097,43.7861
84.0786,43.7457
84.0786,43.7457
84.0786,43.7457
93.8052,44.8609
93.8052,44.8609
93.8052,44.8609
90.5654,44.1224
90.5654,44.1224
90.5654,44.1224
103.2463,44.9082
103.2463,44.9082
103.2463,44.9082
96.0473,44.7261
96.0473,44.7261
96.0473,44.7261
100.6572,45.0183
100.6572,45.0183
100.6572,45.0183
93.9378,44.8169
93.9378,44.8169
93.9378,44.8169
85.1439,44.2344
85.1439,44.2344
85.1439,44.2344
94.8463,45.6181
94.8463,45.6181
94.8463,45.6181
111.5399,44.1403
111.5399,44.1403
111.5399,44.1403
95.7616,43.9949
95.7616,43.9949
95.7616,43.9949
84.6553,44.7781
84.6553,44.7781
84.6553,44.7781
89.8532,44.419
89.8532,44.419
89.8532,44.419
94.6828,43.8269
94.6828,43.8269
94.6828,43.8269
100.1836,42.8845
100.1836,42.8845
100.1836,42.8845
93.0061,44.8117
93.0061,44.8117
93.0061,44.8117
96.2684,43.9625
96.2684,43.9625
96.2684,43.9625
87.6012,43.4855
87.6012,43.4855
87.6012,43.4855
93.5419,43.7758
93.5419,43.7758
93.5419,43.7758
103.1281,44.4413
103.1281,44.4413
103.1281,44.4413
97.5585,43.9882
97.5585,43.9882
97.5585,43.9882
97.5159,43.8913
97.5159,43.8913
97.5159,43.8913
93.6928,44.5586
93.6928,44.5586
93.6928,44.5586
85.3693,43.5521
85.3693,43.5521
85.3693,43.5521
94.1341,44.438
94.1341,44.438
94.1341,44.438
105.152,44.7392
105.152,44.7392
105.152,44.7392
101.2575,43.2639
101.2575,43.2639
101.2575,43.2639
84.8373,44.9327
84.8373,44.9327
84.8373,44.9327
92.0411,44.1941
92.0411,44.1941
92.0411,44.1941
91.53,43.9836
91.53,43.9836
91.53,43.9836
102.2588,44.2801
102.2588,44.2801
102.2588,44.2801
100.4149,44.0857
100.4149,44.0857
100.4149,44.0857
98.9958,44.6684
98.9958,44.6684
98.9958,44.6684
93.8954,44.9063
93.8954,44.9063
93.8954,44.9063
95.7613,43.608
95.7613,43.608
95.7613,43.608
88.3378,44.9395
88.3378,44.9395
88.3378,44.9395
99.5191,43.5264
99.5191,43.5264
99.5191,43.5264
88.9126,43.8179
88.9126,43.8179
88.9126,43.8179
88.649,44.2332
88.649,44.2332
88.649,44.2332
98.1579,44.5509
98.1579,44.5509
98.1579,44.5509
91.2149,44.8846
91.2149,44.8846
91.2149,44.8846
99.3636,44.1749
99.3636,44.1749
99.3636,44.1749
104.7731,44.8866
104.7731,44.8866
104.7731,44.8866
92.1724,43.9044
92.1724,43.9044
92.1724,43.9044
96.8472,44.1587
96.8472,44.1587
96.8472,44.1587
93.0074,44.7153
93.0074,44.7153
93.0074,44.7153
97.0769,45.0976
97.0769,45.0976
97.0769,45.0976
94.2526,46.1799
94.2526,46.1799
94.2526,46.1799
90.8193,43.9188
90.8193,43.9188
90.8193,43.9188
103.6328,44.9664
103.6328,44.9664
103.6328,44.9664
95.003,44.7598
95.003,44.7598
95.003,44.7598
94.8435,44.5812
94.8435,44.5812
94.8435,44.5812
88.0166,44.5821
88.0166,44.5821
88.0166,44.5821
93.5451,43.949
93.5451,43.949
93.5451,43.949
100.5864,44.907
100.5864,44.907
100.5864,44.907
91.1796,44.1629
91.1796,44.1629
91.1796,44.1629
95.382,44.6475
95.382,44.6475
95.382,44.6475
86.4838,44.6616
86.4838,44.6616
86.4838,44.6616
104.4086,45.8165
104.4086,45.8165
104.4086,45.8165
96.3829,44.1595
96.3829,44.1595
96.3829,44.1595
99.7066,44.7509
99.7066,44.7509
99.7066,44.7509
87.593,44.4712
87.593,44.4712
87.593,44.4712
104.7023,45.2704
104.7023,45.2704
104.7023,45.2704
97.5863,44.6338
97.5863,44.6338
97.5863,44.6338
90.4677,45.2538
90.4677,45.2538
90.4677,45.2538
101.155,45.0299
101.155,45.0299
101.155,45.0299
87.93,44.859
87.93,44.859
87.93,44.859
89.6152,42.9949
89.6152,42.9949
89.6152,42.9949
92.2338,44.8325
92.2338,44.8325
92.2338,44.8325
97.519,44.4996
97.519,44.4996
97.519,44.4996
98.7642,44.5298
98.7642,44.5298
98.7642,44.5298
91.5435,44.0991
91.5435,44.0991
91.5435,44.0991
95.5736,45.8419
95.5736,45.8419
95.5736,45.8419
92.1801,45.4752
92.1801,45.4752
92.1801,45.4752
95.1035,44.6627
95.1035,44.6627
95.1035,44.6627
93.7516,43.0154
93.7516,43.0154
93.7516,43.0154
104.8772,44.8461
104.8772,44.8461
104.8772,44.8461
101.8004,44.7617
101.8004,44.7617
101.8004,44.7617
88.7684,43.9683
88.7684,43.9683
88.7684,43.9683
94.8455,43.9105
94.8455,43.9105
94.8455,43.9105
89.6367,44.4029
89.6367,44.4029
89.6367,44.4029
100.527,44.8765
100.527,44.8765
100.527,44.8765
101.3794,44.4902
101.3794,44.4902
101.3794,44.4902
95.806,44.4037
95.806,44.4037
95.806,44.4037
94.7916,45.0298
94.7916,45.0298
94.7916,45.0298
84.1993,44.302
84.1993,44.302
84.1993,44.302
104.7574,45.1864
104.7574,45.1864
104.7574,45.1864
92.6302,43.4956
92.6302,43.4956
92.6302,43.4956
98.3659,44.5394
98.3659,44.5394
98.3659,44.5394
83.7717,44.9857
83.7717,44.9857
83.7717,44.9857
92.1479,44.8055
92.1479,44.8055
92.1479,44.8055
94.5134,44.2686
94.5134,44.2686
94.5134,44.2686
91.8922,43.0688
91.8922,43.0688
91.8922,43.0688
96.4931,44.6519
96.4931,44.6519
96.4931,44.6519
94.9081,44.8995
94.9081,44.8995
94.9081,44.8995
97.6224,44.6982
97.6224,44.6982
97.6224,44.6982
96.5133,44.3194
96.5133,44.3194
96.5133,44.3194
90.3382,44.5023
90.3382,44.5023
90.3382,44.5023
98.3028,44.1265
98.3028,44.1265
98.3028,44.1265
88.8291,43.8753
88.8291,43.8753
88.8291,43.8753
103.0864,43.5523
103.0864,43.5523
103.0864,43.5523
93.7496,44.7897
93.7496,44.7897
93.7496,44.7897
97.6527,43.7779
97.6527,43.7779
97.6527,43.7779
94.949,44.8055
94.949,44.8055
94.949,44.8055
97.7267,44.2265
97.7267,44.2265
97.7267,44.2265
90.8278,44.9111
90.8278,44.9111
90.8278,44.9111
92.6121,43.2971
92.6121,43.2971
92.6121,43.2971
88.7411,44.2563
88.7411,44.2563
88.7411,44.2563
98.1393,45.6111
98.1393,45.6111
98.1393,45.6111
101.5282,44.6824
101.5282,44.6824
101.5282,44.6824
87.9842,43.8955
87.9842,43.8955
87.9842,43.8955
98.2705,45.4291
98.2705,45.4291
98.2705,45.4291
91.5863,43.9577
91.5863,43.9577
91.5863,43.9577
88.446,44.7979
88.446,44.7979
88.446,44.7979
86.1931,43.3444
86.1931,43.3444
86.1931,43.3444
98.351,43.9441
98.351,43.9441
98.351,43.9441
94.9476,44.4963
94.9476,44.4963
94.9476,44.4963
90.3056,44.052
90.3056,44.052
90.3056,44.052
94.9507,44.9083
94.9507,44.9083
94.9507,44.9083
90.8522,43.0802
90.8522,43.0802
90.8522,43.0802
87.9142,45.242
87.9142,45.242
87.9142,45.242
95.0427,44.7267
95.0427,44.7267
95.0427,44.7267
88.6437,44.0432
88.6437,44.0432
88.6437,44.0432
91.2562,45.1883
91.2562,45.1883
91.2562,45.1883
94.8039,43.664
94.8039,43.664
94.8039,43.664
98.3655,44.3382
98.3655,44.3382
98.3655,44.3382
101.8942,44.9309
101.8942,44.9309
101.8942,44.9309
99.2135,43.8481
99.2135,43.8481
99.2135,43.8481
88.9032,43.1938
88.9032,43.1938
88.9032,43.1938
96.2826,44.3219
96.2826,44.3219
96.2826,44.3219
103.5773,46.2426
103.5773,46.2426
103.5773,46.2426
85.8013,43.9701
85.8013,43.9701
85.8013,43.9701
100.6907,43.8395
100.6907,43.8395
100.6907,43.8395
84.9249,44.6629
84.9249,44.6629
84.9249,44.6629
89.8671,44.4944
89.8671,44.4944
89.8671,44.4944
108.8536,44.2241
108.8536,44.2241
108.8536,44.2241
89.6604,44.2424
89.6604,44.2424
89.6604,44.2424
96.1059,44.472
96.1059,44.472
96.1059,44.472
93.0062,43.6658
93.0062,43.6658
93.0062,43.6658
96.6451,44.7031
96.6451,44.7031
96.6451,44.7031
100.1291,44.1374
100.1291,44.1374
100.1291,44.1374
91.1015,44.7416
91.1015,44.7416
91.1015,44.7416
88.1884,45.5109
88.1884,45.5109
88.1884,45.5109
86.6597,43.4945
86.6597,43.4945
86.6597,43.4945
93.2472,45.1149
93.2472,45.1149
93.2472,45.1149
97.518,43.8512
97.518,43.8512
97.518,43.8512
91.621,44.8851
91.621,44.8851
91.621,44.8851
95.0184,44.2543
95.0184,44.2543
95.0184,44.2543
100.1736,44.7144
100.1736,44.7144
100.1736,44.7144
96.6672,44.3954
96.6672,44.3954
96.6672,44.3954
99.5634,43.9978
99.5634,43.9978
99.5634,43.9978
97.476,44.9116
97.476,44.9116
97.476,44.9116
99.1537,45.2229
99.1537,45.2229
99.1537,45.2229
96.1848,43.039
96.1848,43.039
96.1848,43.039
93.5447,44.501
93.5447,44.501
93.5447,44.501
91.2391,43.8163
91.2391,43.8163
91.2391,43.8163
104.2837,44.8831
104.2837,44.8831
104.2837,44.8831
90.9052,44.7573
90.9052,44.7573
90.9052,44.7573
89.8591,44.7322
89.8591,44.7322
89.8591,44.7322
93.4597,44.1593
93.4597,44.1593
93.4597,44.1593
89.0986,44.8794
89.0986,44.8794
89.0986,44.8794
89.9535,44.3384
89.9535,44.3384
89.9535,44.3384
102.6732,43.9322
102.6732,43.9322
102.6732,43.9322
98.3901,44.8872
98.3901,44.8872
98.3901,44.8872
96.021,44.4053
96.021,44.4053
96.021,44.4053
90.2352,44.5254
90.2352,44.5254
90.2352,44.5254
88.0811,44.1304
88.0811,44.1304
88.0811,44.1304
101.9768,44.1396
101.9768,44.1396
101.9768,44.1396
103.2902,44.0622
103.2902,44.0622
103.2902,44.0622
89.0205,45.4805
89.0205,45.4805
89.0205,45.4805
106.8335,44.958
106.8335,44.958
106.8335,44.958
93.9837,44.3162
93.9837,44.3162
93.9837,44.3162
99.7597,44.2726
99.7597,44.2726
99.7597,44.2726
96.3873,44.0108
96.3873,44.0108
96.3873,44.0108
90.0418,45.1806
90.0418,45.1806
90.0418,45.1806
92.3836,44.7886
92.3836,44.7886
92.3836,44.7886
95.0068,45.3052
95.0068,45.3052
95.0068,45.3052
106.6957,43.778
106.6957,43.778
106.6957,43.778
102.861,43.9298
102.861,43.9298
102.861,43.9298
94.1988,44.2443
94.1988,44.2443
94.1988,44.2443
104.8494,43.7579
104.8494,43.7579
104.8494,43.7579
98.6678,44.3176
98.6678,44.3176
98.6678,44.3176
88.3872,43.425
88.3872,43.425
88.3872,43.425
93.1317,45.4257
93.1317,45.4257
93.1317,45.4257
105.1906,44.7319
105.1906,44.7319
105.1906,44.7319
97.3452,43.8567
97.3452,43.8567
97.3452,43.8567
88.9894,44.5362
88.9894,44.5362
88.9894,44.5362
90.6746,45.0161
90.6746,45.0161
90.6746,45.0161
96.4295,42.9949
96.4295,42.9949
96.4295,42.9949
103.5871,44.9166
103.5871,44.9166
103.5871,44.9166
95.4356,43.3731
95.4356,43.3731
95.4356,43.3731
89.1484,44.4117
89.1484,44.4117
89.1484,44.4117
89.5911,45.4919
89.5911,45.4919
89.5911,45.4919
93.1508,44.8459
93.1508,44.8459
93.1508,44.8459
99.895,44.4201
99.895,44.4201
99.895,44.4201
86.0074,44.3617
86.0074,44.3617
86.0074,44.3617
96.1234,44.7243
96.1234,44.7243
96.1234,44.7243
100.1139,44.0645
100.1139,44.0645
100.1139,44.0645
91.6066,44.4442
91.6066,44.4442
91.6066,44.4442
87.3893,43.4074
87.3893,43.4074
87.3893,43.4074
89.7151,44.2346
89.7151,44.2346
89.7151,44.2346
94.504,44.1221
94.504,44.1221
94.504,44.1221
97.2891,44.2295
97.2891,44.2295
97.2891,44.2295
90.7663,44.8686
90.7663,44.8686
90.7663,44.8686
89.5682,44.6716
89.5682,44.6716
89.5682,44.6716
102.3034,44.2647
102.3034,44.2647
102.3034,44.2647
87.6032,44.9105
87.6032,44.9105
87.6032,44.9105
94.116,43.8935
94.116,43.8935
94.116,43.8935
99.4614,45.358
99.4614,45.358
99.4614,45.358
89.1338,43.7788
89.1338,43.7788
89.1338,43.7788
99.8356,44.1317
99.8356,44.1317
99.8356,44.1317
82.5523,44.3208
82.5523,44.3208
82.5523,44.3208
99.9716,45.3871
99.9716,45.3871
99.9716,45.3871
97.9188,44.6203
97.9188,44.6203
97.9188,44.6203
99.5212,44.0264
99.5212,44.0264
99.5212,44.0264
92.1279,44.9627
92.1279,44.9627
92.1279,44.9627
86.4938,43.9047
86.4938,43.9047
86.4938,43.9047
91.8251,44.3947
91.8251,44.3947
91.8251,44.3947
101.0339,44.2947
101.0339,44.2947
101.0339,44.2947
91.4897,43.6885
91.4897,43.6885
91.4897,43.6885
84.0513,44.8786
84.0513,44.8786
84.0513,44.8786
100.6494,44.9626
100.6494,44.9626
100.6494,44.9626
96.3899,44.4126
96.3899,44.4126
96.3899,44.4126
88.4762,44.1348
88.4762,44.1348
88.4762,44.1348
99.9521,45.2324
99.9521,45.2324
99.9521,45.2324
93.8335,44.7473
93.8335,44.7473
93.8335,44.7473
92.6907,44.0395
92.6907,44.0395
92.6907,44.0395
92.5718,44.304
92.5718,44.304
92.5718,44.304
91.066,43.7394
91.066,43.7394
91.066,43.7394
92.8538,44.6242
92.8538,44.6242
92.8538,44.6242
97.7065,43.3046
97.7065,43.3046
97.7065,43.3046
89.9141,44.4895
89.9141,44.4895
89.9141,44.4895
96.7048,44.7177
96.7048,44.7177
96.7048,44.7177
99.62,43.8551
99.62,43.8551
99.62,43.8551
97.3052,44.5012
97.3052,44.5012
97.3052,44.5012
92.1083,44.5282
92.1083,44.5282
92.1083,44.5282
88.7482,44.9
88.7482,44.9
88.7482,44.9
91.5157,43.3996
91.5157,43.3996
91.5157,43.3996
96.6596,46.8532
96.6596,46.8532
96.6596,46.8532
92.7167,44.606
92.7167,44.606
92.7167,44.606
89.1473,44.2305
89.1473,44.2305
89.1473,44.2305
90.3552,44.2638
90.3552,44.2638
90.3552,44.2638
94.3515,44.943
94.3515,44.943
94.3515,44.943
99.0458,44.6817
99.0458,44.6817
99.0458,44.6817
93.4391,44.1832
93.4391,44.1832
93.4391,44.1832
88.1723,44.9166
88.1723,44.9166
88.1723,44.9166
92.4866,45.6172
92.4866,45.6172
92.4866,45.6172
101.6818,44.099
101.6818,44.099
101.6818,44.099
94.313,44.5153
94.313,44.5153
94.313,44.5153
87.5067,44.673
87.5067,44.673
87.5067,44.673
99.1902,44.9843
99.1902,44.9843
99.1902,44.9843
94.3551,44.4219
94.3551,44.4219
94.3551,44.4219
98.0796,45.1415
98.0796,45.1415
98.0796,45.1415
96.0049,43.8779
96.0049,43.8779
96.0049,43.8779
106.0974,43.7318
106.0974,43.7318
106.0974,43.7318
100.4764,44.518
100.4764,44.518
100.4764,44.518
89.0989,43.4169
89.0989,43.4169
89.0989,43.4169
95.8813,43.5333
95.8813,43.5333
95.8813,43.5333
101.6518,42.85
101.6518,42.85
101.6518,42.85
94.9139,43.7141
94.9139,43.7141
94.9139,43.7141
93.293,44.1621
93.293,44.1621
93.293,44.1621
93.206,44.2964
93.206,44.2964
93.206,44.2964
88.6946,44.828
88.6946,44.828
88.6946,44.828
92.8588,44.3699
92.8588,44.3699
92.8588,44.3699
92.0578,45.1295
92.0578,45.1295
92.0578,45.1295
84.3086,45.669
84.3086,45.669
84.3086,45.669
90.2596,45.3971
90.2596,45.3971
90.2596,45.3971
105.8436,44.0618
105.8436,44.0618
105.8436,44.0618
96.5431,44.6645
96.5431,44.6645
96.5431,44.6645
93.1363,44.0844
93.1363,44.0844
93.1363,44.0844
91.7828,44.7869
91.7828,44.7869
91.7828,44.7869
91.9458,45.2247
91.9458,45.2247
91.9458,45.2247
102.4153,44.0753
102.4153,44.0753
102.4153,44.0753
95.2908,44.5881
95.2908,44.5881
95.2908,44.5881
95.5205,44.0176
95.5205,44.0176
95.5205,44.0176
92.1346,43.7419
92.1346,43.7419
92.1346,43.7419
93.7557,44.9321
93.7557,44.9321
93.7557,44.9321
95.247,44.622
95.247,44.622
95.247,44.622
92.6869,43.7954
92.6869,43.7954
92.6869,43.7954
91.4565,44.1762
91.4565,44.1762
91.4565,44.1762
100.7224,43.9645
100.7224,43.9645
100.7224,43.9645
90.1278,44.7298
90.1278,44.7298
90.1278,44.7298
94.2373,45.7008
94.2373,45.7008
94.2373,45.7008
94.5069,44.3015
94.5069,44.3015
94.5069,44.3015
85.7847,44.5347
85.7847,44.5347
85.7847,44.5347
92.1072,43.9086
92.1072,43.9086
92.1072,43.9086
94.8963,44.7113
94.8963,44.7113
94.8963,44.7113
99.7793,44.1463
99.7793,44.1463
99.7793,44.1463
92.7486,44.357
92.7486,44.357
92.7486,44.357
89.8505,45.1924
89.8505,45.1924
89.8505,45.1924
93.1536,45.7059
93.1536,45.7059
93.1536,45.7059
89.1223,44.5607
89.1223,44.5607
89.1223,44.5607
94.5051,45.6064
94.5051,45.6064
94.5051,45.6064
101.0774,43.4925
101.0774,43.4925
101.0774,43.4925
96.1424,45.0008
96.1424,45.0008
96.1424,45.0008
92.0201,45.245
92.0201,45.245
92.0201,45.245
97.1019,44.6186
97.1019,44.6186
97.1019,44.6186
99.6407,44.5122
99.6407,44.5122
99.6407,44.5122
99.2798,45.4998
99.2798,45.4998
99.2798,45.4998
90.6494,43.8396
90.6494,43.8396
90.6494,43.8396
88.2673,44.6602
88.2673,44.6602
88.2673,44.6602
87.8384,43.6643
87.8384,43.6643
87.8384,43.6643
100.4904,44.5403
100.4904,44.5403
100.4904,44.5403
93.259,44.4532
93.259,44.4532
93.259,44.4532
96.1565,43.6439
96.1565,43.6439
96.1565,43.6439
83.7791,44.0379
83.7791,44.0379
83.7791,44.0379
98.2563,44.6627
98.2563,44.6627
98.2563,44.6627
97.5349,45.6929
97.5349,45.6929
97.5349,45.6929
90.7757,44.1571
90.7757,44.1571
90.7757,44.1571
96.3845,44.2145
96.3845,44.2145
96.3845,44.2145
95.2797,43.0083
95.2797,43.0083
95.2797,43.0083
86.8809,44.0568
86.8809,44.0568
86.8809,44.0568
94.4558,45.8703
94.4558,45.8703
94.4558,45.8703
88.0769,44.2096
88.0769,44.2096
88.0769,44.2096
91.4001,44.2775
91.4001,44.2775
91.4001,44.2775
88.9195,45.4666
88.9195,45.4666
88.9195,45.4666
94.9446,44.5088
94.9446,44.5088
94.9446,44.5088
94.2333,45.2092
94.2333,45.2092
94.2333,45.2092
91.2098,44.2911
91.2098,44.2911
91.2098,44.2911
106.8519,46.0508
106.8519,46.0508
106.8519,46.0508
87.1345,44.1516
87.1345,44.1516
87.1345,44.1516
99.7814,44.862
99.7814,44.862
99.7814,44.862
87.4062,44.5103
87.4062,44.5103
87.4062,44.5103
107.7116,45.0583
107.7116,45.0583
107.7116,45.0583
93.5707,44.5407
93.5707,44.5407
93.5707,44.5407
96.7244,44.5162
96.7244,44.5162
96.7244,44.5162
100.1999,44.4307
100.1999,44.4307
100.1999,44.4307
96.1868,44.8264
96.1868,44.8264
96.1868,44.8264
91.3465,45.9824
91.3465,45.9824
91.3465,45.9824
99.2047,44.271
99.2047,44.271
99.2047,44.271
99.8731,44.1888
99.8731,44.1888
99.8731,44.1888
93.6279,45.2057
93.6279,45.2057
93.6279,45.2057
98.0078,44.7128
98.0078,44.7128
98.0078,44.7128
84.5491,43.7847
84.5491,43.7847
84.5491,43.7847
91.5771,44.6951
91.5771,44.6951
91.5771,44.6951
92.1851,44.946
92.1851,44.946
92.1851,44.946
96.6905,44.3808
96.6905,44.3808
96.6905,44.3808
100.324,44.3704
100.324,44.3704
100.324,44.3704
93.3373,44.544
93.3373,44.544
93.3373,44.544
97.3677,44.5733
97.3677,44.5733
97.3677,44.5733
90.1685,44.931
90.1685,44.931
90.1685,44.931
88.0486,44.6612
88.0486,44.6612
88.0486,44.6612
91.5242,45.1598
91.5242,45.1598
91.5242,45.1598
97.4193,45.054
97.4193,45.054
97.4193,45.054
103.9246,44.9483
103.9246,44.9483
103.9246,44.9483
89.5858,44.5419
89.5858,44.5419
89.5858,44.5419
95.2259,44.3268
95.2259,44.3268
95.2259,44.3268
89.9397,43.9942
89.9397,43.9942
89.9397,43.9942
98.7897,44.601
98.7897,44.601
98.7897,44.601
90.5527,44.8218
90.5527,44.8218
90.5527,44.8218
100.4768,44.9115
100.4768,44.9115
100.4768,44.9115
92.5507,43.8822
92.5507,43.8822
92.5507,43.8822
84.3011,44.8803
84.3011,44.8803
84.3011,44.8803
99.3272,44.8088
99.3272,44.8088
99.3272,44.8088
88.6814,44.3115
88.6814,44.3115
88.6814,44.3115
91.3206,44.7562
91.3206,44.7562
91.3206,44.7562
90.0009,43.4506
90.0009,43.4506
90.0009,43.4506
97.867,44.437
97.867,44.437
97.867,44.437
83.7526,44.5522
83.7526,44.5522
83.7526,44.5522
93.2796,43.6558
93.2796,43.6558
93.2796,43.6558
99.1516,44.7263
99.1516,44.7263
99.1516,44.7263
88.4248,43.4495
88.4248,43.4495
88.4248,43.4495
83.0207,44.8005
83.0207,44.8005
83.0207,44.8005
96.1813,44.1532
96.1813,44.1532
96.1813,44.1532
92.3013,45.4706
92.3013,45.4706
92.3013,45.4706
89.3589,45.0517
89.3589,45.0517
89.3589,45.0517
100.2879,44.9132
100.2879,44.9132
100.2879,44.9132
93.1303,45.0799
93.1303,45.0799
93.1303,45.0799
95.3947,44.6306
95.3947,44.6306
95.3947,44.6306
96.9924,44.2375
96.9924,44.2375
96.9924,44.2375
94.0891,44.4157
94.0891,44.4157
94.0891,44.4157
94.0741,45.2229
94.0741,45.2229
94.0741,45.2229
88.4666,43.6998
88.4666,43.6998
88.4666,43.6998
101.6168,45.2904
101.6168,45.2904
101.6168,45.2904
103.755,42.6958
103.755,42.6958
103.755,42.6958
82.1152,44.9516
82.1152,44.9516
82.1152,44.9516
89.4047,43.5938
89.4047,43.5938
89.4047,43.5938
93.8318,45.3085
93.8318,45.3085
93.8318,45.3085
95.5278,44.4621
95.5278,44.4621
95.5278,44.4621
97.5998,42.6278
97.5998,42.6278
97.5998,42.6278
85.5721,43.2957
85.5721,43.2957
85.5721,43.2957
94.0878,43.5542
94.0878,43.5542
94.0878,43.5542
91.8834,45.0146
91.8834,45.0146
91.8834,45.0146
90.3336,43.437
90.3336,43.437
90.3336,43.437
96.5635,44.5654
96.5635,44.5654
96.5635,44.5654
94.1069,44.9082
94.1069,44.9082
94.1069,44.9082
91.6877,45.5351
91.6877,45.5351
91.6877,45.5351
93.158,44.4876
93.158,44.4876
93.158,44.4876
94.2848,45.1154
94.2848,45.1154
94.2848,45.1154
97.5997,44.7124
97.5997,44.7124
97.5997,44.7124
100.9979,43.1432
100.9979,43.1432
100.9979,43.1432
89.9759,44.7837
89.9759,44.7837
89.9759,44.7837
83.3945,44.1412
83.3945,44.1412
83.3945,44.1412
89.8344,44.7575
89.8344,44.7575
89.8344,44.7575
97.5845,44.4891
97.5845,44.4891
97.5845,44.4891
107.7583,43.2909
107.7583,43.2909
107.7583,43.2909
97.4489,43.3306
97.4489,43.3306
97.4489,43.3306
91.1845,44.3407
91.1845,44.3407
91.1845,44.3407
97.5081,44.5793
97.5081,44.5793
97.5081,44.5793
100.515,45.9146
100.515,45.9146
100.515,45.9146
95.3237,45.5464
95.3237,45.5464
95.3237,45.5464
91.4782,44.6431
91.4782,44.6431
91.4782,44.6431
94.4761,42.9991
94.4761,42.9991
94.4761,42.9991
92.0639,45.3518
92.0639,45.3518
92.0639,45.3518
90.459,43.5375
90.459,43.5375
90.459,43.5375
84.843,44.4616
84.843,44.4616
84.843,44.4616
83.7278,43.9034
83.7278,43.9034
83.7278,43.9034
93.3842,43.6513
93.3842,43.6513
93.3842,43.6513
93.0066,45.0087
93.0066,45.0087
93.0066,45.0087
90.8598,44.4786
90.8598,44.4786
90.8598,44.4786
95.5731,43.9156
95.5731,43.9156
95.5731,43.9156
94.089,44.8147
94.089,44.8147
94.089,44.8147
88.2104,43.4367
88.2104,43.4367
88.2104,43.4367
86.1666,43.9369
86.1666,43.9369
86.1666,43.9369
97.6855,44.0722
97.6855,44.0722
97.6855,44.0722
86.8958,44.5965
86.8958,44.5965
86.8958,44.5965
96.0511,45.2089
96.0511,45.2089
96.0511,45.2089
99.0095,44.6262
99.0095,44.6262
99.0095,44.6262
87.2811,44.4643
87.2811,44.4643
87.2811,44.4643
96.7047,44.0083
96.7047,44.0083
96.7047,44.0083
86.5018,45.0788
86.5018,45.0788
86.5018,45.0788
101.8695,43.5706
101.8695,43.5706
101.8695,43.5706
86.3021,45.0773
86.3021,45.0773
86.3021,45.0773
97.7382,44.6596
97.7382,44.6596
97.7382,44.6596
91.6522,44.1053
91.6522,44.1053
91.6522,44.1053
103.7938,45.0947
103.7938,45.0947
103.7938,45.0947
90.1983,43.9066
90.1983,43.9066
90.1983,43.9066
94.0354,45.6074
94.0354,45.6074
94.0354,45.6074
86.0971,44.7026
86.0971,44.7026
86.0971,44.7026
91.9512,44.4133
91.9512,44.4133
91.9512,44.4133
101.7318,43.8816
101.7318,43.8816
101.7318,43.8816
89.8387,44.2619
89.8387,44.2619
89.8387,44.2619
93.6693,43.6481
93.6693,43.6481
93.6693,43.6481
100.8024,44.6616
100.8024,44.6616
100.8024,44.6616
98.9118,44.2405
98.9118,44.2405
98.9118,44.2405
105.759,44.3116
105.759,44.3116
105.759,44.3116
96.3479,44.0363
96.3479,44.0363
96.3479,44.0363
91.3046,43.6527
91.3046,43.6527
91.3046,43.6527
115.5289,44.7412
115.5289,44.7412
115.5289,44.7412
96.6571,44.5781
96.6571,44.5781
96.6571,44.5781
92.0879,45.0115
92.0879,45.0115
92.0879,45.0115
99.7251,43.5014
99.7251,43.5014
99.7251,43.5014
83.8022,43.6723
83.8022,43.6723
83.8022,43.6723
104.3122,43.6927
104.3122,43.6927
104.3122,43.6927
83.5687,45.3512
83.5687,45.3512
83.5687,45.3512
89.7745,44.5616
89.7745,44.5616
89.7745,44.5616
101.2229,45.441
101.2229,45.441
101.2229,45.441
86.6346,45.6125
86.6346,45.6125
86.6346,45.6125
93.6044,44.7915
93.6044,44.7915
93.6044,44.7915
97.4588,43.587
97.4588,43.587
97.4588,43.587
99.8722,44.8558
99.8722,44.8558
99.8722,44.8558
82.4856,45.9083
82.4856,45.9083
82.4856,45.9083
88.5032,45.6673
88.5032,45.6673
88.5032,45.6673
90.1195,42.8077
90.1195,42.8077
90.1195,42.8077
94.5226,44.2617
94.5226,44.2617
94.5226,44.2617
96.3077,44.8424
96.3077,44.8424
96.3077,44.8424
99.3955,42.8992
99.3955,42.8992
99.3955,42.8992
99.9653,44.269
99.9653,44.269
99.9653,44.269
94.7477,44.5272
94.7477,44.5272
94.7477,44.5272
92.2434,44.6751
92.2434,44.6751
92.2434,44.6751
94.1113,44.443
94.1113,44.443
94.1113,44.443
103.0272,44.8281
103.0272,44.8281
103.0272,44.8281
85.9128,44.2399
85.9128,44.2399
85.9128,44.2399
99.8346,44.7111
99.8346,44.7111
99.8346,44.7111
93.0405,44.5255
93.0405,44.5255
93.0405,44.5255
96.2599,44.2993
96.2599,44.2993
96.2599,44.2993
89.1,44.4082
89.1,44.4082
89.1,44.4082
94.8463,45.3251
94.8463,45.3251
94.8463,45.3251
94.6055,44.6232
94.6055,44.6232
94.6055,44.6232
94.594,45.683
94.594,45.683
94.594,45.683
86.3472,43.452
86.3472,43.452
86.3472,43.452
97.3496,43.9451
97.3496,43.9451
97.3496,43.9451
96.9915,45.8016
96.9915,45.8016
96.9915,45.8016
86.1841,44.1266
86.1841,44.1266
86.1841,44.1266
96.2531,44.2676
96.2531,44.2676
96.2531,44.2676
91.4076,44.0955
91.4076,44.0955
91.4076,44.0955
95.4735,44.4913
95.4735,44.4913
95.4735,44.4913
90.5265,44.8656
90.5265,44.8656
90.5265,44.8656
93.0836,45.4115
93.0836,45.4115
93.0836,45.4115
95.3666,45.023
95.3666,45.023
95.3666,45.023
94.4534,44.2837
94.4534,44.2837
94.4534,44.2837
90.4546,44.7137
90.4546,44.7137
90.4546,44.7137
91.863,43.7098
91.863,43.7098
91.863,43.7098
98.9674,44.0839
98.9674,44.0839
98.9674,44.0839
87.715,43.6827
87.715,43.6827
87.715,43.6827
92.7339,44.3927
92.7339,44.3927
92.7339,44.3927
92.2879,45.1287
92.2879,45.1287
92.2879,45.1287
84.8231,45.1445
84.8231,45.1445
84.8231,45.1445
82.3568,44.4065
82.3568,44.4065
82.3568,44.4065
94.8234,43.7612
94.8234,43.7612
94.8234,43.7612
95.5979,43.246
95.5979,43.246
95.5979,43.246
100.1999,43.315
100.1999,43.315
100.1999,43.315
98.0289,44.9576
98.0289,44.9576
98.0289,44.9576
95.4567,45.0442
95.4567,45.0442
95.4567,45.0442
98.2631,44.8245
98.2631,44.8245
98.2631,44.8245
99.036,43.4419
99.036,43.4419
99.036,43.4419
91.0115,43.455
91.0115,43.455
91.0115,43.455
93.8883,45.3249
93.8883,45.3249
93.8883,45.3249
83.4453,44.8384
83.4453,44.8384
83.4453,44.8384
89.8405,45.239
89.8405,45.239
89.8405,45.239
99.4388,44.2016
99.4388,44.2016
99.4388,44.2016
96.0039,45.3799
96.0039,45.3799
96.0039,45.3799
102.5825,44.5277
102.5825,44.5277
102.5825,44.5277
87.8531,45.7284
87.8531,45.7284
87.8531,45.7284
95.0578,44.9372
95.0578,44.9372
95.0578,44.9372
96.0142,44.023
96.0142,44.023
96.0142,44.023
95.7147,45.086
95.7147,45.086
95.7147,45.086
91.2993,44.8615
91.2993,44.8615
91.2993,44.8615
108.1382,44.6663
108.1382,44.6663
108.1382,44.6663
82.0012,43.7531
82.0012,43.7531
82.0012,43.7531
87.8271,44.8866
87.8271,44.8866
87.8271,44.8866
90.2807,43.5712
90.2807,43.5712
90.2807,43.5712
101.2871,43.8501
101.2871,43.8501
101.2871,43.8501
98.1325,44.5961
98.1325,44.5961
98.1325,44.5961
103.057,45.0528
103.057,45.0528
103.057,45.0528
100.0985,43.7688
100.0985,43.7688
100.0985,43.7688
94.31,45.2728
94.31,45.2728
94.31,45.2728
86.1369,45.6437
86.1369,45.6437
86.1369,45.6437
101.3451,44.2178
101.3451,44.2178
101.3451,44.2178
94.9727,45.4008
94.9727,45.4008
94.9727,45.4008
91.849,44.2413
91.849,44.2413
91.849,44.2413
98.8329,44.5433
98.8329,44.5433
98.8329,44.5433
93.5947,45.0318
93.5947,45.0318
93.5947,45.0318
95.203,44.5234
95.203,44.5234
95.203,44.5234
92.9047,43.7797
92.9047,43.7797
92.9047,43.7797
89.4944,44.9592
89.4944,44.9592
89.4944,44.9592
91.5824,44.6175
91.5824,44.6175
91.5824,44.6175
86.5063,45.4965
86.5063,45.4965
86.5063,45.4965
93.8169,44.3419
93.8169,44.3419
93.8169,44.3419
94.8493,44.7096
94.8493,44.7096
94.8493,44.7096
88.1098,43.3467
88.1098,43.3467
88.1098,43.3467
95.5521,43.6792
95.5521,43.6792
95.5521,43.6792
83.6632,44.5893
83.6632,44.5893
83.6632,44.5893
90.9603,43.7466
90.9603,43.7466
90.9603,43.7466
96.5884,44.7517
96.5884,44.7517
96.5884,44.7517
88.5091,44.6325
88.5091,44.6325
88.5091,44.6325
94.2416,44.7317
94.2416,44.7317
94.2416,44.7317
88.1691,44.6022
88.1691,44.6022
88.1691,44.6022
96.2348,43.9691
96.2348,43.9691
96.2348,43.9691
94.0181,44.1432
94.0181,44.1432
94.0181,44.1432
93.8174,43.4431
93.8174,43.4431
93.8174,43.4431
95.3557,43.9073
95.3557,43.9073
95.3557,43.9073
101.7466,45.4585
101.7466,45.4585
101.7466,45.4585
94.2406,44.4734
94.2406,44.4734
94.2406,44.4734
91.5007,44.7364
91.5007,44.7364
91.5007,44.7364
83.5365,44.376
83.5365,44.376
83.5365,44.376
96.231,44.3355
96.231,44.3355
96.231,44.3355
96.6719,45.5924
96.6719,45.5924
96.6719,45.5924
90.2411,45.2652
90.2411,45.2652
90.2411,45.2652
91.8778,44.4851
91.8778,44.4851
91.8778,44.4851
94.1589,45.1502
94.1589,45.1502
94.1589,45.1502
86.0239,45.1234
86.0239,45.1234
86.0239,45.1234
94.7861,45.531
94.7861,45.531
94.7861,45.531
89.8411,44.9322
89.8411,44.9322
89.8411,44.9322
86.372,44.9247
86.372,44.9247
86.372,44.9247
92.349,43.7154
92.349,43.7154
92.349,43.7154
84.6454,44.1407
84.6454,44.1407
84.6454,44.1407
88.1334,45.0509
88.1334,45.0509
88.1334,45.0509
102.7638,44.3924
102.7638,44.3924
102.7638,44.3924
90.6096,44.9541
90.6096,44.9541
90.6096,44.9541
96.9322,44.4773
96.9322,44.4773
96.9322,44.4773
93.4115,44.8217
93.4115,44.8217
93.4115,44.8217
101.3565,43.904
101.3565,43.904
101.3565,43.904
94.5702,42.9266
94.5702,42.9266
94.5702,42.9266
96.3907,43.7917
96.3907,43.7917
96.3907,43.7917
90.9796,45.1681
90.9796,45.1681
90.9796,45.1681
95.2066,44.2867
95.2066,44.2867
95.2066,44.2867
90.8761,44.9007
90.8761,44.9007
90.8761,44.9007
89.4482,44.7974
89.4482,44.7974
89.4482,44.7974
96.7215,45.3359
96.7215,45.3359
96.7215,45.3359
94.997,44.6662
94.997,44.6662
94.997,44.6662
99.1386,45.5668
99.1386,45.5668
99.1386,45.5668
96.7197,43.8768
96.7197,43.8768
96.7197,43.8768
99.9386,45.0504
99.9386,45.0504
99.9386,45.0504
93.0636,43.9003
93.0636,43.9003
93.0636,43.9003
84.9774,45.1539
84.9774,45.1539
84.9774,45.1539
89.7436,44.2673
89.7436,44.2673
89.7436,44.2673
94.3751,45.7673
94.3751,45.7673
94.3751,45.7673
95.3583,43.7817
95.3583,43.7817
95.3583,43.7817
100.1768,43.7102
100.1768,43.7102
100.1768,43.7102
102.878,44.129
102.878,44.129
102.878,44.129
95.1069,44.8248
95.1069,44.8248
95.1069,44.8248
86.3917,44.7119
86.3917,44.7119
86.3917,44.7119
87.0476,44.589
87.0476,44.589
87.0476,44.589
89.1337,45.4693
89.1337,45.4693
89.1337,45.4693
83.6815,43.9166
83.6815,43.9166
83.6815,43.9166
105.9335,44.7043
105.9335,44.7043
105.9335,44.7043
99.71,45.8206
99.71,45.8206
99.71,45.8206
91.6125,43.4522
91.6125,43.4522
91.6125,43.4522
89.8062,44.1554
89.8062,44.1554
89.8062,44.1554
101.2998,45.208
101.2998,45.208
101.2998,45.208
93.3374,43.9812
93.3374,43.9812
93.3374,43.9812
93.9961,44.5611
93.9961,44.5611
93.9961,44.5611
104.1302,45.4853
104.1302,45.4853
104.1302,45.4853
95.5744,45.1806
95.5744,45.1806
95.5744,45.1806
85.5107,44.2996
85.5107,44.2996
85.5107,44.2996
89.5227,44.2224
89.5227,44.2224
89.5227,44.2224
97.5595,44.2033
97.5595,44.2033
97.5595,44.2033
101.3366,44.7366
101.3366,44.7366
101.3366,44.7366
88.0271,44.2488
88.0271,44.2488
88.0271,44.2488
96.6164,44.9481
96.6164,44.9481
96.6164,44.9481
87.3375,44.2465
87.3375,44.2465
87.3375,44.2465
103.3887,44.3145
103.3887,44.3145
103.3887,44.3145
100.7881,44.3813
100.7881,44.3813
100.7881,44.3813
89.1905,43.0735
89.1905,43.0735
89.1905,43.0735
103.5518,45.001
103.5518,45.001
103.5518,45.001
96.6725,43.6107
96.6725,43.6107
96.6725,43.6107
79.8181,43.3953
79.8181,43.3953
79.8181,43.3953
99.2204,43.6249
99.2204,43.6249
99.2204,43.6249
96.4888,47.1001
96.4888,47.1001
96.4888,47.1001
87.6525,44.5059
87.6525,44.5059
87.6525,44.5059
92.5364,44.5692
92.5364,44.5692
92.5364,44.5692
97.2254,45.0633
97.2254,45.0633
97.2254,45.0633
91.0489,44.835
91.0489,44.835
91.0489,44.835
90.0151,44.2995
90.0151,44.2995
90.0151,44.2995
88.2594,44.1356
88.2594,44.1356
88.2594,44.1356
97.9297,43.4787
97.9297,43.4787
97.9297,43.4787
99.454,44.0108
99.454,44.0108
99.454,44.0108
97.1252,44.3616
97.1252,44.3616
97.1252,44.3616
92.782,44.0855
92.782,44.0855
92.782,44.0855
99.9658,43.7941
99.9658,43.7941
99.9658,43.7941
103.8902,43.8496
103.8902,43.8496
103.8902,43.8496
89.9672,44.9782
89.9672,44.9782
89.9672,44.9782
84.6734,44.8244
84.6734,44.8244
84.6734,44.8244
86.2097,44.7361
86.2097,44.7361
86.2097,44.7361
88.1069,44.4446
88.1069,44.4446
88.1069,44.4446
100.4981,45.3777
100.4981,45.3777
100.4981,45.3777
95.3413,44.0805
95.3413,44.0805
95.3413,44.0805
87.4009,45.0749
87.4009,45.0749
87.4009,45.0749
93.6741,43.7534
93.6741,43.7534
93.6741,43.7534
100.6092,45.2116
100.6092,45.2116
100.6092,45.2116
88.7206,43.9445
88.7206,43.9445
88.7206,43.9445
92.2356,44.4694
92.2356,44.4694
92.2356,44.4694
102.9879,44.7462
102.9879,44.7462
102.9879,44.7462
95.841,44.1696
95.841,44.1696
95.841,44.1696
83.3707,43.1709
83.3707,43.1709
83.3707,43.1709
95.74,44.9433
95.74,44.9433
95.74,44.9433
107.6864,44.4143
107.6864,44.4143
107.6864,44.4143
82.4584,45.1289
82.4584,45.1289
82.4584,45.1289
98.6935,43.4206
98.6935,43.4206
98.6935,43.4206
92.7906,43.6753
92.7906,43.6753
92.7906,43.6753
97.8795,43.4343
97.8795,43.4343
97.8795,43.4343
89.1261,44.8588
89.1261,44.8588
89.1261,44.8588
99.6146,44.6713
99.6146,44.6713
99.6146,44.6713
103.4531,44.5558
103.4531,44.5558
103.4531,44.5558
106.73,45.1569
106.73,45.1569
106.73,45.1569
92.6551,44.8357
92.6551,44.8357
92.6551,44.8357
93.1124,44.9048
93.1124,44.9048
93.1124,44.9048
101.758,43.4167
101.758,43.4167
101.758,43.4167
93.9934,45.4131
93.9934,45.4131
93.9934,45.4131
96.5481,44.973
96.5481,44.973
96.5481,44.973
96.8569,43.4607
96.8569,43.4607
96.8569,43.4607
92.4974,44.7107
92.4974,44.7107
92.4974,44.7107
90.3222,44.0985
90.3222,44.0985
90.3222,44.0985
96.5448,44.2093
96.5448,44.2093
96.5448,44.2093
101.7027,44.1078
101.7027,44.1078
101.7027,44.1078
100.4527,44.4271
100.4527,44.4271
100.4527,44.4271
89.4201,45.5272
89.4201,45.5272
89.4201,45.5272
104.6622,44.9293
104.6622,44.9293
104.6622,44.9293
101.0911,44.8855
101.0911,44.8855
101.0911,44.8855
91.2158,44.6097
91.2158,44.6097
91.2158,44.6097
101.4745,45.0904
101.4745,45.0904
101.4745,45.0904
84.6705,43.9153
84.6705,43.9153
84.6705,43.9153
93.5632,45.012
93.5632,45.012
93.5632,45.012
96.5251,44.5655
96.5251,44.5655
96.5251,44.5655
106.5877,43.8675
106.5877,43.8675
106.5877,43.8675
92.4873,44.0144
92.4873,44.0144
92.4873,44.0144
96.7344,44.4668
96.7344,44.4668
96.7344,44.4668
96.9612,44.6471
96.9612,44.6471
96.9612,44.6471
96.7402,45.5608
96.7402,45.5608
96.7402,45.5608
92.693,44.8347
92.693,44.8347
92.693,44.8347
97.6736,45.675
97.6736,45.675
97.6736,45.675
90.9202,45.048
90.9202,45.048
90.9202,45.048
107.5627,45.2049
107.5627,45.2049
107.5627,45.2049
94.9639,43.3567
94.9639,43.3567
94.9639,43.3567
97.6339,44.4218
97.6339,44.4218
97.6339,44.4218
99.276,45.0848
99.276,45.0848
99.276,45.0848
102.85,43.3567
102.85,43.3567
102.85,43.3567
88.3525,45.1759
88.3525,45.1759
88.3525,45.1759
92.988,45.4952
92.988,45.4952
92.988,45.4952
104.8555,44.6602
104.8555,44.6602
104.8555,44.6602
95.8265,43.7595
95.8265,43.7595
95.8265,43.7595
102.9945,44.8093
102.9945,44.8093
102.9945,44.8093
85.9387,43.8946
85.9387,43.8946
85.9387,43.8946
90.058,43.5029
90.058,43.5029
90.058,43.5029
94.9579,45.1318
94.9579,45.1318
94.9579,45.1318
101.3091,44.3862
101.3091,44.3862
101.3091,44.3862
106.3966,44.9588
106.3966,44.9588
106.3966,44.9588
98.4676,44.6915
98.4676,44.6915
98.4676,44.6915
99.5676,44.3003
99.5676,44.3003
99.5676,44.3003
97.9889,44.9518
97.9889,44.9518
97.9889,44.9518
91.0327,43.9272
91.0327,43.9272
91.0327,43.9272
89.1103,43.6422
89.1103,43.6422
89.1103,43.6422
95.1939,44.5833
95.1939,44.5833
95.1939,44.5833
86.2178,44.4852
86.2178,44.4852
86.2178,44.4852
85.1561,45.7602
85.1561,45.7602
85.1561,45.7602
98.3996,44.051
98.3996,44.051
98.3996,44.051
99.215,43.5209
99.215,43.5209
99.215,43.5209
85.9092,43.3532
85.9092,43.3532
85.9092,43.3532
101.5012,45.2408
101.5012,45.2408
101.5012,45.2408
101.8317,44.3177
101.8317,44.3177
101.8317,44.3177
87.9465,44.473
87.9465,44.473
87.9465,44.473
97.3787,44.2833
97.3787,44.2833
97.3787,44.2833
96.1556,44.6575
96.1556,44.6575
96.1556,44.6575
101.332,43.6624
101.332,43.6624
101.332,43.6624
93.9726,43.6846
93.9726,43.6846
93.9726,43.6846
82.4915,44.3115
82.4915,44.3115
82.4915,44.3115
86.9493,45.2953
86.9493,45.2953
86.9493,45.2953
84.049,44.0791
84.049,44.0791
84.049,44.0791
85.2496,45.4981
85.2496,45.4981
85.2496,45.4981
93.5187,45.1894
93.5187,45.1894
93.5187,45.1894
92.6902,44.5674
92.6902,44.5674
92.6902,44.5674
93.3635,44.0018
93.3635,44.0018
93.3635,44.0018
89.2172,44.3317
89.2172,44.3317
89.2172,44.3317
86.5114,44.5904
86.5114,44.5904
86.5114,44.5904
99.4157,43.7673
99.4157,43.7673
99.4157,43.7673
94.4643,44.5778
94.4643,44.5778
94.4643,44.5778
96.3705,45.2229
96.3705,45.2229
96.3705,45.2229
105.7573,43.3384
105.7573,43.3384
105.7573,43.3384
100.2918,45.1594
100.2918,45.1594
100.2918,45.1594
89.3887,45.5869
89.3887,45.5869
89.3887,45.5869
91.6154,45.0218
91.6154,45.0218
91.6154,45.0218
95.5031,45.093
95.5031,45.093
95.5031,45.093
91.996,44.2961
91.996,44.2961
91.996,44.2961
93.7882,45.0625
93.7882,45.0625
93.7882,45.0625
93.3412,44.0366
93.3412,44.0366
93.3412,44.0366
97.4483,43.8371
97.4483,43.8371
97.4483,43.8371
94.5506,44.6966
94.5506,44.6966
94.5506,44.6966
90.4424,44.6632
90.4424,44.6632
90.4424,44.6632
87.8452,45.2112
87.8452,45.2112
87.8452,45.2112
83.4844,44.4279
83.4844,44.4279
83.4844,44.4279
99.0473,44.0044
99.0473,44.0044
99.0473,44.0044
88.3183,43.8307
88.3183,43.8307
88.3183,43.8307
99.1589,44.978
99.1589,44.978
99.1589,44.978
96.7309,43.4045
96.7309,43.4045
96.7309,43.4045
90.8374,44.5292
90.8374,44.5292
90.8374,44.5292
98.674,43.947
98.674,43.947
98.674,43.947
96.2521,44.7608
96.2521,44.7608
96.2521,44.7608
97.2391,43.7255
97.2391,43.7255
97.2391,43.7255
95.2739,44.2575
95.2739,44.2575
95.2739,44.2575
83.5891,43.9351
83.5891,43.9351
83.5891,43.9351
92.6219,44.5253
92.6219,44.5253
92.6219,44.5253
88.8375,44.3503
88.8375,44.3503
88.8375,44.3503
98.9798,44.583
98.9798,44.583
98.9798,44.583
94.1055,43.5462
94.1055,43.5462
94.1055,43.5462
97.8713,43.4419
97.8713,43.4419
97.8713,43.4419
97.6705,45.8668
97.6705,45.8668
97.6705,45.8668
89.4653,44.4439
89.4653,44.4439
89.4653,44.4439
98.6774,44.6888
98.6774,44.6888
98.6774,44.6888
86.8536,44.605
86.8536,44.605
86.8536,44.605
88.6017,45.5611
88.6017,45.5611
88.6017,45.5611
93.2684,45.2025
93.2684,45.2025
93.2684,45.2025
103.7856,44.3147
103.7856,44.3147
103.7856,44.3147
94.8548,45.3795
94.8548,45.3795
94.8548,45.3795
93.2739,43.8475
93.2739,43.8475
93.2739,43.8475
85.9795,43.7668
85.9795,43.7668
85.9795,43.7668
92.3997,44.6641
92.3997,44.6641
92.3997,44.6641
85.1898,45.7353
85.1898,45.7353
85.1898,45.7353
95.5156,44.655
95.5156,44.655
95.5156,44.655
92.5235,44.0807
92.5235,44.0807
92.5235,44.0807
99.3917,44.1274
99.3917,44.1274
99.3917,44.1274
90.1022,44.933
90.1022,44.933
90.1022,44.933
80.4177,44.8274
80.4177,44.8274
80.4177,44.8274
94.2788,43.3306
94.2788,43.3306
94.2788,43.3306
96.3015,44.5533
96.3015,44.5533
96.3015,44.5533
88.061,45.2751
88.061,45.2751
88.061,45.2751
90.0588,44.1817
90.0588,44.1817
90.0588,44.1817
87.0914,45.0957
87.0914,45.0957
87.0914,45.0957
101.0167,44.3883
101.0167,44.3883
101.0167,44.3883
96.3629,44.0064
96.3629,44.0064
96.3629,44.0064
83.7167,44.661
83.7167,44.661
83.7167,44.661
89.5172,44.7948
89.5172,44.7948
89.5172,44.7948
93.1668,43.9713
93.1668,43.9713
93.1668,43.9713
90.754,43.6783
90.754,43.6783
90.754,43.6783
91.2336,44.3976
91.2336,44.3976
91.2336,44.3976
98.0423,45.0167
98.0423,45.0167
98.0423,45.0167
95.5919,45.3296
95.5919,45.3296
95.5919,45.3296
85.3397,44.9828
85.3397,44.9828
85.3397,44.9828
96.218,43.7569
96.218,43.7569
96.218,43.7569
91.8332,44.3396
91.8332,44.3396
91.8332,44.3396
97.3192,44.4076
97.3192,44.4076
97.3192,44.4076
87.1023,44.6528
87.1023,44.6528
87.1023,44.6528
90.2388,44.4636
90.2388,44.4636
90.2388,44.4636
97.5584,44.0489
97.5584,44.0489
97.5584,44.0489
92.3253,44.3875
92.3253,44.3875
92.3253,44.3875
100.462,44.586
100.462,44.586
100.462,44.586
92.9212,44.6698
92.9212,44.6698
92.9212,44.6698
94.9718,44.4066
94.9718,44.4066
94.9718,44.4066
89.9284,45.3588
89.9284,45.3588
89.9284,45.3588
94.5665,44.9467
94.5665,44.9467
94.5665,44.9467
88.942,43.8589
88.942,43.8589
88.942,43.8589
88.2506,44.5659
88.2506,44.5659
88.2506,44.5659
98.9557,44.299
98.9557,44.299
98.9557,44.299
86.8978,45.2977
86.8978,45.2977
86.8978,45.2977
96.3844,45.0595
96.3844,45.0595
96.3844,45.0595
96.2003,45.0183
96.2003,45.0183
96.2003,45.0183
91.3706,44.3986
91.3706,44.3986
91.3706,44.3986
99.1151,44.645
99.1151,44.645
99.1151,44.645
104.1065,45.5808
104.1065,45.5808
104.1065,45.5808
89.8497,43.9357
89.8497,43.9357
89.8497,43.9357
96.3204,44.7895
96.3204,44.7895
96.3204,44.7895
96.3263,44.7085
96.3263,44.7085
96.3263,44.7085
86.2168,43.9227
86.2168,43.9227
86.2168,43.9227
93.8786,43.8735
93.8786,43.8735
93.8786,43.8735
94.4828,44.0607
94.4828,44.0607
94.4828,44.0607
95.0176,43.79
95.0176,43.79
95.0176,43.79
91.4922,43.3065
91.4922,43.3065
91.4922,43.3065
102.1433,44.6507
102.1433,44.6507
102.1433,44.6507
102.7705,44.0041
102.7705,44.0041
102.7705,44.0041
93.273,43.9746
93.273,43.9746
93.273,43.9746
84.6424,44.7026
84.6424,44.7026
84.6424,44.7026
84.9309,44.7067
84.9309,44.7067
84.9309,44.7067
107.5868,44.7279
107.5868,44.7279
107.5868,44.7279
99.0425,45.122
99.0425,45.122
99.0425,45.122
88.657,45.2562
88.657,45.2562
88.657,45.2562
91.9075,43.4403
91.9075,43.4403
91.9075,43.4403
92.9671,44.9526
92.9671,44.9526
92.9671,44.9526
92.0977,43.876
92.0977,43.876
92.0977,43.876
92.7156,44.9518
92.7156,44.9518
92.7156,44.9518
91.263,44.0973
91.263,44.0973
91.263,44.0973
95.0962,44.5436
95.0962,44.5436
95.0962,44.5436
96.4294,43.3997
96.4294,43.3997
96.4294,43.3997
94.2157,44.7319
94.2157,44.7319
94.2157,44.7319
94.8177,43.7203
94.8177,43.7203
94.8177,43.7203
102.3109,45.2156
102.3109,45.2156
102.3109,45.2156
91.7521,45.2315
91.7521,45.2315
91.7521,45.2315
93.0495,45.2353
93.0495,45.2353
93.0495,45.2353
87.3777,45.3194
87.3777,45.3194
87.3777,45.3194
87.9603,44.2748
87.9603,44.2748
87.9603,44.2748
99.2278,45.2896
99.2278,45.2896
99.2278,45.2896
89.512,45.5863
89.512,45.5863
89.512,45.5863
96.8291,44.2566
96.8291,44.2566
96.8291,44.2566
100.0546,44.7872
100.0546,44.7872
100.0546,44.7872
97.1909,44.7965
97.1909,44.7965
97.1909,44.7965
93.044,44.0777
93.044,44.0777
93.044,44.0777
93.9332,45.9055
93.9332,45.9055
93.9332,45.9055
91.7015,44.1141
91.7015,44.1141
91.7015,44.1141
83.5016,44.2427
83.5016,44.2427
83.5016,44.2427
93.5189,44.3669
93.5189,44.3669
93.5189,44.3669
95.5759,43.7207
95.5759,43.7207
95.5759,43.7207
93.0638,44.4679
93.0638,44.4679
93.0638,44.4679
99.6574,45.5938
99.6574,45.5938
99.6574,45.5938
95.2418,44.0212
95.2418,44.0212
95.2418,44.0212
89.1155,44.1627
89.1155,44.1627
89.1155,44.1627
96.8942,44.3502
96.8942,44.3502
96.8942,44.3502
97.4802,43.8841
97.4802,43.8841
97.4802,43.8841
102.4426,45.6233
102.4426,45.6233
102.4426,45.6233
100.2508,45.1544
100.2508,45.1544
100.2508,45.1544
93.5286,44.2102
93.5286,44.2102
93.5286,44.2102
92.5456,44.3489
92.5456,44.3489
92.5456,44.3489
95.26,45.0084
95.26,45.0084
95.26,45.0084
96.4127,43.8853
96.4127,43.8853
96.4127,43.8853
82.7988,44.5942
82.7988,44.5942
82.7988,44.5942
99.2766,44.3142
99.2766,44.3142
99.2766,44.3142
94.9052,45.0422
94.9052,45.0422
94.9052,45.0422
97.6925,44.1939
97.6925,44.1939
97.6925,44.1939
84.7638,45.3143
84.7638,45.3143
84.7638,45.3143
95.602,44.9314
95.602,44.9314
95.602,44.9314
90.4745,43.1839
90.4745,43.1839
90.4745,43.1839
95.5776,44.0122
95.5776,44.0122
95.5776,44.0122
93.8158,43.7639
93.8158,43.7639
93.8158,43.7639
101.9239,43.7649
101.9239,43.7649
101.9239,43.7649
90.2166,44.3425
90.2166,44.3425
90.2166,44.3425
92.0485,45.0379
92.0485,45.0379
92.0485,45.0379
103.2569,43.912
103.2569,43.912
103.2569,43.912
99.6581,44.7147
99.6581,44.7147
99.6581,44.7147
94.734,45.1824
94.734,45.1824
94.734,45.1824
93.0067,45.5656
93.0067,45.5656
93.0067,45.5656
87.9619,45.4708
87.9619,45.4708
87.9619,45.4708
99.1377,45.3485
99.1377,45.3485
99.1377,45.3485
96.7035,44.8139
96.7035,44.8139
96.7035,44.8139
100.372,44.3229
100.372,44.3229
100.372,44.3229
96.9865,44.5575
96.9865,44.5575
96.9865,44.5575
89.5033,43.7601
89.5033,43.7601
89.5033,43.7601
100.5207,45.0686
100.5207,45.0686
100.5207,45.0686
91.968,44.3892
91.968,44.3892
91.968,44.3892
91.7964,43.8237
91.7964,43.8237
91.7964,43.8237
83.4658,44.6882
83.4658,44.6882
83.4658,44.6882
92.215,43.4486
92.215,43.4486
92.215,43.4486
85.2374,45.2991
85.2374,45.2991
85.2374,45.2991
88.2755,44.7193
88.2755,44.7193
88.2755,44.7193
104.5038,45.1428
104.5038,45.1428
104.5038,45.1428
89.1517,44.9433
89.1517,44.9433
89.1517,44.9433
93.6935,44.9314
93.6935,44.9314
93.6935,44.9314
92.7193,44.7896
92.7193,44.7896
92.7193,44.7896
95.4721,44.6291
95.4721,44.6291
95.4721,44.6291
93.223,45.2169
93.223,45.2169
93.223,45.2169
91.4072,43.3359
91.4072,43.3359
91.4072,43.3359
99.1004,44.6075
99.1004,44.6075
99.1004,44.6075
91.5668,43.9552
91.5668,43.9552
91.5668,43.9552
86.9584,45.7987
86.9584,45.7987
86.9584,45.7987
100.061,43.7918
100.061,43.7918
100.061,43.7918
99.7631,45.1169
99.7631,45.1169
99.7631,45.1169
95.9293,44.7609
95.9293,44.7609
95.9293,44.7609
97.5318,43.3694
97.5318,43.3694
97.5318,43.3694
87.4021,44.5832
87.4021,44.5832
87.4021,44.5832
90.14,44.3695
90.14,44.3695
90.14,44.3695
87.8166,44.4018
87.8166,44.4018
87.8166,44.4018
99.5492,44.1367
99.5492,44.1367
99.5492,44.1367
90.5044,44.0641
90.5044,44.0641
90.5044,44.0641
95.6066,44.9569
95.6066,44.9569
95.6066,44.9569
102.7593,43.9567
102.7593,43.9567
102.7593,43.9567
100.497,44.3405
100.497,44.3405
100.497,44.3405
95.6912,43.5708
95.6912,43.5708
95.6912,43.5708
87.3487,45.3993
87.3487,45.3993
87.3487,45.3993
93.2249,44.9795
93.2249,44.9795
93.2249,44.9795
105.3846,45.1329
105.3846,45.1329
105.3846,45.1329
106.4246,43.5523
106.4246,43.5523
106.4246,43.5523
91.5515,44.7857
91.5515,44.7857
91.5515,44.7857
89.1484,44.7257
89.1484,44.7257
89.1484,44.7257
102.7744,43.0613
102.7744,43.0613
102.7744,43.0613
105.005,43.4299
105.005,43.4299
105.005,43.4299
94.8105,44.7582
94.8105,44.7582
94.8105,44.7582
106.9768,43.0867
106.9768,43.0867
106.9768,43.0867
93.4537,45.8785
93.4537,45.8785
93.4537,45.8785
94.917,44.075
94.917,44.075
94.917,44.075
92.6296,44.2384
92.6296,44.2384
92.6296,44.2384
92.7338,44.3406
92.7338,44.3406
92.7338,44.3406
93.4621,44.8956
93.4621,44.8956
93.4621,44.8956
101.5404,45.0879
101.5404,45.0879
101.5404,45.0879
85.6991,43.613
85.6991,43.613
85.6991,43.613
87.9086,45.7124
87.9086,45.7124
87.9086,45.7124
101.8442,43.6589
101.8442,43.6589
101.8442,43.6589
96.6764,44.6739
96.6764,44.6739
96.6764,44.6739
97.201,44.813
97.201,44.813
97.201,44.813
89.4888,44.8928
89.4888,44.8928
89.4888,44.8928
95.6886,44.2173
95.6886,44.2173
95.6886,44.2173
101.6448,44.4467
101.6448,44.4467
101.6448,44.4467
91.2033,45.0386
91.2033,45.0386
91.2033,45.0386
87.4849,45.4667
87.4849,45.4667
87.4849,45.4667
90.53,45.1389
90.53,45.1389
90.53,45.1389
91.6445,43.77
91.6445,43.77
91.6445,43.77
85.3876,45.5042
85.3876,45.5042
85.3876,45.5042
88.1786,45.1833
88.1786,45.1833
88.1786,45.1833
101.0064,43.2684
101.0064,43.2684
101.0064,43.2684
98.3337,43.8771
98.3337,43.8771
98.3337,43.8771
106.0868,44.4936
106.0868,44.4936
106.0868,44.4936
105.121,43.5997
105.121,43.5997
105.121,43.5997
89.9455,44.3319
89.9455,44.3319
89.9455,44.3319
98.2076,44.3439
98.2076,44.3439
98.2076,44.3439
95.6228,44.4172
95.6228,44.4172
95.6228,44.4172
94.6055,44.9527
94.6055,44.9527
94.6055,44.9527
91.377,44.7804
91.377,44.7804
91.377,44.7804
98.851,44.4114
98.851,44.4114
98.851,44.4114
95.6731,45.388
95.6731,45.388
95.6731,45.388
88.2035,44.6342
88.2035,44.6342
88.2035,44.6342
88.2818,45.3753
88.2818,45.3753
88.2818,45.3753
92.6627,45.1007
92.6627,45.1007
92.6627,45.1007
87.0675,44.5732
87.0675,44.5732
87.0675,44.5732
91.3467,44.7539
91.3467,44.7539
91.3467,44.7539
97.865,44.5334
97.865,44.5334
97.865,44.5334
97.7043,44.6422
97.7043,44.6422
97.7043,44.6422
99.921,43.7922
99.921,43.7922
99.921,43.7922
82.7332,44.3025
82.7332,44.3025
82.7332,44.3025
96.2387,44.5129
96.2387,44.5129
96.2387,44.5129
86.0531,44.052
86.0531,44.052
86.0531,44.052
97.9066,45.2228
97.9066,45.2228
97.9066,45.2228
104.193,45.1129
104.193,45.1129
104.193,45.1129
100.7268,43.8487
100.7268,43.8487
100.7268,43.8487
99.5196,43.9664
99.5196,43.9664
99.5196,43.9664
91.4129,43.5046
91.4129,43.5046
91.4129,43.5046
98.1923,44.8827
98.1923,44.8827
98.1923,44.8827
87.3505,46.1508
87.3505,46.1508
87.3505,46.1508
103.2502,45.389
103.2502,45.389
103.2502,45.389
94.8246,45.5166
94.8246,45.5166
94.8246,45.5166
92.7989,44.8545
92.7989,44.8545
92.7989,44.8545
89.5325,44.6199
89.5325,44.6199
89.5325,44.6199
95.8822,44.3684
95.8822,44.3684
95.8822,44.3684
104.7658,44.7798
104.7658,44.7798
104.7658,44.7798
102.9744,45.1125
102.9744,45.1125
102.9744,45.1125
91.4028,44.7967
91.4028,44.7967
91.4028,44.7967
97.4463,43.8478
97.4463,43.8478
97.4463,43.8478
102.0855,44.9548
102.0855,44.9548
102.0855,44.9548
84.7258,44.4196
84.7258,44.4196
84.7258,44.4196
93.7072,44.6079
93.7072,44.6079
93.7072,44.6079
91.3345,45.5704
91.3345,45.5704
91.3345,45.5704
100.6083,44.8315
100.6083,44.8315
100.6083,44.8315
97.0163,44.8288
97.0163,44.8288
97.0163,44.8288
97.8429,44.4655
97.8429,44.4655
97.8429,44.4655
93.3263,43.8839
93.3263,43.8839
93.3263,43.8839
91.2187,44.2712
91.2187,44.2712
91.2187,44.2712
98.4662,44.6456
98.4662,44.6456
98.4662,44.6456
94.6017,43.4398
94.6017,43.4398
94.6017,43.4398
88.422,45.3552
88.422,45.3552
88.422,45.3552
88.6419,45.2578
88.6419,45.2578
88.6419,45.2578
94.2693,45.0072
94.2693,45.0072
94.2693,45.0072
85.575,44.2956
85.575,44.2956
85.575,44.2956
101.5054,44.0219
101.5054,44.0219
101.5054,44.0219
94.37,45.1957
94.37,45.1957
94.37,45.1957
86.4891,43.5642
86.4891,43.5642
86.4891,43.5642
92.5359,43.8991
92.5359,43.8991
92.5359,43.8991
93.8586,44.5415
93.8586,44.5415
93.8586,44.5415
91.333,44.9001
91.333,44.9001
91.333,44.9001
91.6954,43.9822
91.6954,43.9822
91.6954,43.9822
101.5839,43.0748
101.5839,43.0748
101.5839,43.0748
90.7373,44.1619
90.7373,44.1619
90.7373,44.1619
84.6597,45.1724
84.6597,45.1724
84.6597,45.1724
97.7016,44.3589
97.7016,44.3589
97.7016,44.3589
93.1201,44.6591
93.1201,44.6591
93.1201,44.6591
95.3338,43.8418
95.3338,43.8418
95.3338,43.8418
88.9131,44.4268
88.9131,44.4268
88.9131,44.4268
93.2968,44.2821
93.2968,44.2821
93.2968,44.2821
83.7109,44.1835
83.7109,44.1835
83.7109,44.1835
99.2851,44.2314
99.2851,44.2314
99.2851,44.2314
98.4503,44.954
98.4503,44.954
98.4503,44.954
100.7287,44.3618
100.7287,44.3618
100.7287,44.3618
98.0459,44.737
98.0459,44.737
98.0459,44.737
95.9205,43.7662
95.9205,43.7662
95.9205,43.7662
87.6654,44.332
87.6654,44.332
87.6654,44.332
92.8313,43.7651
92.8313,43.7651
92.8313,43.7651
82.7637,45.3506
82.7637,45.3506
82.7637,45.3506
94.0932,45.1585
94.0932,45.1585
94.0932,45.1585
92.8347,44.8282
92.8347,44.8282
92.8347,44.8282
92.4798,44.7586
92.4798,44.7586
92.4798,44.7586
102.2431,43.9235
102.2431,43.9235
102.2431,43.9235
92.7651,44.8451
92.7651,44.8451
92.7651,44.8451
96.2596,44.7955
96.2596,44.7955
96.2596,44.7955
95.9781,45.2782
95.9781,45.2782
95.9781,45.2782
94.0844,44.4985
94.0844,44.4985
94.0844,44.4985
82.2145,44.1009
82.2145,44.1009
82.2145,44.1009
83.5125,44.2249
83.5125,44.2249
83.5125,44.2249
104.1755,44.6519
104.1755,44.6519
104.1755,44.6519
98.5923,45.8546
98.5923,45.8546
98.5923,45.8546
100.3984,44.7221
100.3984,44.7221
100.3984,44.7221
89.6367,44.7487
89.6367,44.7487
89.6367,44.7487
83.0446,45.0066
83.0446,45.0066
83.0446,45.0066
84.6922,44.5317
84.6922,44.5317
84.6922,44.5317
96.0871,44.5774
96.0871,44.5774
96.0871,44.5774
84.0697,44.4028
84.0697,44.4028
84.0697,44.4028
90.0541,44.8029
90.0541,44.8029
90.0541,44.8029
92.0284,44.5794
92.0284,44.5794
92.0284,44.5794
88.6827,44.8502
88.6827,44.8502
88.6827,44.8502
95.8354,43.5825
95.8354,43.5825
95.8354,43.5825
82.5704,44.6774
82.5704,44.6774
82.5704,44.6774
98.5809,43.527
98.5809,43.527
98.5809,43.527
91.0434,45.8149
91.0434,45.8149
91.0434,45.8149
91.7474,44.9224
91.7474,44.9224
91.7474,44.9224
90.291,44.8077
90.291,44.8077
90.291,44.8077
91.6772,44.666
91.6772,44.666
91.6772,44.666
103.4133,44.3101
103.4133,44.3101
103.4133,44.3101
97.188,43.8033
97.188,43.8033
97.188,43.8033
92.9871,43.6223
92.9871,43.6223
92.9871,43.6223
93.3194,43.5618
93.3194,43.5618
93.3194,43.5618
100.0481,43.8554
100.0481,43.8554
100.0481,43.8554
90.685,44.7768
90.685,44.7768
90.685,44.7768
93.1434,44.0189
93.1434,44.0189
93.1434,44.0189
99.0251,44.8974
99.0251,44.8974
99.0251,44.8974
95.8726,44.9171
95.8726,44.9171
95.8726,44.9171
95.0912,44.9974
95.0912,44.9974
95.0912,44.9974
89.4638,43.6781
89.4638,43.6781
89.4638,43.6781
99.0621,43.5432
99.0621,43.5432
99.0621,43.5432
88.2366,43.9834
88.2366,43.9834
88.2366,43.9834
96.9822,44.3185
96.9822,44.3185
96.9822,44.3185
103.3713,44.9569
103.3713,44.9569
103.3713,44.9569
94.1827,45.1163
94.1827,45.1163
94.1827,45.1163
91.6076,44.2863
91.6076,44.2863
91.6076,44.2863
94.332,44.8719
94.332,44.8719
94.332,44.8719
90.5474,45.3077
90.5474,45.3077
90.5474,45.3077
91.0861,43.6065
91.0861,43.6065
91.0861,43.6065
95.751,44.6238
95.751,44.6238
95.751,44.6238
98.5577,44.8559
98.5577,44.8559
98.5577,44.8559
104.5636,45.0858
104.5636,45.0858
104.5636,45.0858
101.0219,44.8022
101.0219,44.8022
101.0219,44.8022
86.0225,43.9161
86.0225,43.9161
86.0225,43.9161
85.8967,45.3607
85.8967,45.3607
85.8967,45.3607
101.8266,44.8208
101.8266,44.8208
101.8266,44.8208
95.515,45.3445
95.515,45.3445
95.515,45.3445
88.4077,45.3522
88.4077,45.3522
88.4077,45.3522
95.5536,45.021
95.5536,45.021
95.5536,45.021
87.7913,44.4163
87.7913,44.4163
87.7913,44.4163
81.5134,44.2951
81.5134,44.2951
81.5134,44.2951
84.45,44.9788
84.45,44.9788
84.45,44.9788
93.7673,45.1876
93.7673,45.1876
93.7673,45.1876
96.6678,44.3595
96.6678,44.3595
96.6678,44.3595
95.2487,44.3949
95.2487,44.3949
95.2487,44.3949
95.4559,44.4238
95.4559,44.4238
95.4559,44.4238
84.3193,43.2625
84.3193,43.2625
84.3193,43.2625
98.0622,44.6669
98.0622,44.6669
98.0622,44.6669
98.6898,43.7518
98.6898,43.7518
98.6898,43.7518
96.8305,44.6563
96.8305,44.6563
96.8305,44.6563
102.6267,44.6332
102.6267,44.6332
102.6267,44.6332
92.4902,45.1775
92.4902,45.1775
92.4902,45.1775
98.718,44.9358
98.718,44.9358
98.718,44.9358
88.789,44.3182
88.789,44.3182
88.789,44.3182
85.4051,43.8503
85.4051,43.8503
85.4051,43.8503
92.8864,45.2692
92.8864,45.2692
92.8864,45.2692
99.3367,45.3072
99.3367,45.3072
99.3367,45.3072
91.0953,44.3966
91.0953,44.3966
91.0953,44.3966
91.4291,44.8941
91.4291,44.8941
91.4291,44.8941
99.6407,45.425
99.6407,45.425
99.6407,45.425
91.1897,45.4019
91.1897,45.4019
91.1897,45.4019
85.6354,44.2437
85.6354,44.2437
85.6354,44.2437
103.3166,44.7719
103.3166,44.7719
103.3166,44.7719
101.5788,45.2819
101.5788,45.2819
101.5788,45.2819
92.574,43.8849
92.574,43.8849
92.574,43.8849
90.8377,43.746
90.8377,43.746
90.8377,43.746
94.9305,43.3991
94.9305,43.3991
94.9305,43.3991
92.4586,44.9681
92.4586,44.9681
92.4586,44.9681
92.3808,44.986
92.3808,44.986
92.3808,44.986
92.4165,45.012
92.4165,45.012
92.4165,45.012
96.9027,44.4491
96.9027,44.4491
96.9027,44.4491
90.0597,44.3975
90.0597,44.3975
90.0597,44.3975
105.7597,43.2358
105.7597,43.2358
105.7597,43.2358
84.2035,44.7933
84.2035,44.7933
84.2035,44.7933
88.6228,44.9267
88.6228,44.9267
88.6228,44.9267
102.2254,43.8523
102.2254,43.8523
102.2254,43.8523
91.6632,44.5446
91.6632,44.5446
91.6632,44.5446
94.5834,44.6555
94.5834,44.6555
94.5834,44.6555
95.9041,44.7679
95.9041,44.7679
95.9041,44.7679
101.9053,44.8704
101.9053,44.8704
101.9053,44.8704
98.4807,45.6223
98.4807,45.6223
98.4807,45.6223
97.1572,43.6374
97.1572,43.6374
97.1572,43.6374
94.6546,44.4217
94.6546,44.4217
94.6546,44.4217
100.5871,44.9751
100.5871,44.9751
100.5871,44.9751
100.9939,45.0017
100.9939,45.0017
100.9939,45.0017
97.411,45.4878
97.411,45.4878
97.411,45.4878
84.4975,44.993
84.4975,44.993
84.4975,44.993
90.8753,45.1157
90.8753,45.1157
90.8753,45.1157
93.8844,44.8546
93.8844,44.8546
93.8844,44.8546
88.5727,44.6835
88.5727,44.6835
88.5727,44.6835
97.0379,44.6572
97.0379,44.6572
97.0379,44.6572
94.612,43.3414
94.612,43.3414
94.612,43.3414
105.1287,44.3007
105.1287,44.3007
105.1287,44.3007
95.0063,44.9953
95.0063,44.9953
95.0063,44.9953
91.7391,44.0454
91.7391,44.0454
91.7391,44.0454
92.9294,45.4241
92.9294,45.4241
92.9294,45.4241
95.4624,44.4605
95.4624,44.4605
95.4624,44.4605
98.8722,44.5223
98.8722,44.5223
98.8722,44.5223
86.6541,45.3745
86.6541,45.3745
86.6541,45.3745
95.686,44.6733
95.686,44.6733
95.686,44.6733
98.54,44.5262
98.54,44.5262
98.54,44.5262
85.9475,44.3852
85.9475,44.3852
85.9475,44.3852
100.3339,45.2147
100.3339,45.2147
100.3339,45.2147
95.53,43.6872
95.53,43.6872
95.53,43.6872
86.4786,44.9719
86.4786,44.9719
86.4786,44.9719
86.9849,43.4353
86.9849,43.4353
86.9849,43.4353
94.4296,45.9499
94.4296,45.9499
94.4296,45.9499
94.9008,44.4385
94.9008,44.4385
94.9008,44.4385
80.9116,44.9349
80.9116,44.9349
80.9116,44.9349
89.5221,45.5467
89.5221,45.5467
89.5221,45.5467
89.1502,44.3302
89.1502,44.3302
89.1502,44.3302
82.9867,45.1995
82.9867,45.1995
82.9867,45.1995
93.1221,45.2463
93.1221,45.2463
93.1221,45.2463
94.6769,46.1395
94.6769,46.1395
94.6769,46.1395
87.9788,44.1102
87.9788,44.1102
87.9788,44.1102
91.2065,43.3282
91.2065,43.3282
91.2065,43.3282
93.5762,44.7404
93.5762,44.7404
93.5762,44.7404
94.3488,44.5856
94.3488,44.5856
94.3488,44.5856
89.839,44.7899
89.839,44.7899
89.839,44.7899
99.6645,45.1072
99.6645,45.1072
99.6645,45.1072
88.201,43.8315
88.201,43.8315
88.201,43.8315
90.3825,45.2489
90.3825,45.2489
90.3825,45.2489
92.5439,44.0581
92.5439,44.0581
92.5439,44.0581
98.0988,45.5392
98.0988,45.5392
98.0988,45.5392
89.7472,45.3505
89.7472,45.3505
89.7472,45.3505
87.2156,45.375
87.2156,45.375
87.2156,45.375
91.5403,44.6798
91.5403,44.6798
91.5403,44.6798
94.7196,44.7343
94.7196,44.7343
94.7196,44.7343
95.6603,44.0517
95.6603,44.0517
95.6603,44.0517
87.1916,43.8803
87.1916,43.8803
87.1916,43.8803
92.0236,43.8833
92.0236,43.8833
92.0236,43.8833
93.0882,43.9767
93.0882,43.9767
93.0882,43.9767
88.6896,44.9001
88.6896,44.9001
88.6896,44.9001
89.3152,44.2621
89.3152,44.2621
89.3152,44.2621
81.1202,44.121
81.1202,44.121
81.1202,44.121
87.0315,44.5018
87.0315,44.5018
87.0315,44.5018
92.3139,43.8252
92.3139,43.8252
92.3139,43.8252
87.4623,44.9468
87.4623,44.9468
87.4623,44.9468
97.1983,46.0407
97.1983,46.0407
97.1983,46.0407
92.5491,44.2359
92.5491,44.2359
92.5491,44.2359
90.68,44.5818
90.68,44.5818
90.68,44.5818
96.6867,43.5517
96.6867,43.5517
96.6867,43.5517
96.467,43.8213
96.467,43.8213
96.467,43.8213
95.8893,45.0668
95.8893,45.0668
95.8893,45.0668
92.5614,44.2601
92.5614,44.2601
92.5614,44.2601
95.9201,44.1099
95.9201,44.1099
95.9201,44.1099
102.6732,44.0878
102.6732,44.0878
102.6732,44.0878
89.84,45.1966
89.84,45.1966
89.84,45.1966
88.1758,43.8703
88.1758,43.8703
88.1758,43.8703
93.771,44.2714
93.771,44.2714
93.771,44.2714
91.766,45.5881
91.766,45.5881
91.766,45.5881
86.1154,45.4857
86.1154,45.4857
86.1154,45.4857
95.2206,44.3438
95.2206,44.3438
95.2206,44.3438
95.8264,44.1912
95.8264,44.1912
95.8264,44.1912
84.1972,44.8562
84.1972,44.8562
84.1972,44.8562
86.8679,45.3159
86.8679,45.3159
86.8679,45.3159
96.9645,45.1174
96.9645,45.1174
96.9645,45.1174
89.0368,44.8756
89.0368,44.8756
89.0368,44.8756
86.4954,43.8262
86.4954,43.8262
86.4954,43.8262
91.8047,43.8989
91.8047,43.8989
91.8047,43.8989
89.2942,44.918
89.2942,44.918
89.2942,44.918
83.9741,44.8832
83.9741,44.8832
83.9741,44.8832
84.8562,44.3636
84.8562,44.3636
84.8562,44.3636
85.4042,45.43
85.4042,45.43
85.4042,45.43
83.3719,44.3344
83.3719,44.3344
83.3719,44.3344
99.39,44.6475
99.39,44.6475
99.39,44.6475
94.1486,45.1471
94.1486,45.1471
94.1486,45.1471
99.7436,44.7378
99.7436,44.7378
99.7436,44.7378
96.5412,44.5918
96.5412,44.5918
96.5412,44.5918
79.9823,43.5329
79.9823,43.5329
79.9823,43.5329
86.4531,44.9489
86.4531,44.9489
86.4531,44.9489
105.5277,43.8415
105.5277,43.8415
105.5277,43.8415
103.3822,44.9979
103.3822,44.9979
103.3822,44.9979
91.2526,44.8388
91.2526,44.8388
91.2526,44.8388
94.2568,45.2012
94.2568,45.2012
94.2568,45.2012
96.0688,44.9122
96.0688,44.9122
96.0688,44.9122
93.651,44.8601
93.651,44.8601
93.651,44.8601
96.9966,44.5453
96.9966,44.5453
96.9966,44.5453
94.2331,44.158
94.2331,44.158
94.2331,44.158
95.7245,45.0175
95.7245,45.0175
95.7245,45.0175
91.9495,43.8978
91.9495,43.8978
91.9495,43.8978
81.9829,44.1791
81.9829,44.1791
81.9829,44.1791
83.9396,45.4533
83.9396,45.4533
83.9396,45.4533
86.3873,45.1208
86.3873,45.1208
86.3873,45.1208
102.857,44.0525
102.857,44.0525
102.857,44.0525
94.4806,44.0522
94.4806,44.0522
94.4806,44.0522
106.177,44.8197
106.177,44.8197
106.177,44.8197
91.7249,45.4531
91.7249,45.4531
91.7249,45.4531
93.0634,44.1367
93.0634,44.1367
93.0634,44.1367
97.6653,43.598
97.6653,43.598
97.6653,43.598
93.2279,45.8667
93.2279,45.8667
93.2279,45.8667
87.433,44.6369
87.433,44.6369
87.433,44.6369
89.0785,43.2011
89.0785,43.2011
89.0785,43.2011
92.4376,44.4685
92.4376,44.4685
92.4376,44.4685
94.4045,45.5922
94.4045,45.5922
94.4045,45.5922
88.381,43.8943
88.381,43.8943
88.381,43.8943
89.447,43.1118
89.447,43.1118
89.447,43.1118
97.902,45.4359
97.902,45.4359
97.902,45.4359
95.2307,45.1915
95.2307,45.1915
95.2307,45.1915
92.2457,44.7972
92.2457,44.7972
92.2457,44.7972
98.4746,45.2952
98.4746,45.2952
98.4746,45.2952
99.3106,44.7841
99.3106,44.7841
99.3106,44.7841
93.585,45.0811
93.585,45.0811
93.585,45.0811
95.6535,44.2114
95.6535,44.2114
95.6535,44.2114
89.846,44.2791
89.846,44.2791
89.846,44.2791
101.7711,45.06
101.7711,45.06
101.7711,45.06
85.7894,43.3248
85.7894,43.3248
85.7894,43.3248
83.426,44.2686
83.426,44.2686
83.426,44.2686
97.886,45.5729
97.886,45.5729
97.886,45.5729
85.5154,44.6742
85.5154,44.6742
85.5154,44.6742
93.0502,44.3634
93.0502,44.3634
93.0502,44.3634
96.1349,45.088
96.1349,45.088
96.1349,45.088
91.8459,44.233
91.8459,44.233
91.8459,44.233
91.4083,43.7302
91.4083,43.7302
91.4083,43.7302
92.9607,43.6156
92.9607,43.6156
92.9607,43.6156
94.4174,44.7029
94.4174,44.7029
94.4174,44.7029
97.2214,44.5942
97.2214,44.5942
97.2214,44.5942
84.0299,44.8348
84.0299,44.8348
84.0299,44.8348
94.7884,45.3369
94.7884,45.3369
94.7884,45.3369
92.6542,44.1123
92.6542,44.1123
92.6542,44.1123
93.0529,44.1686
93.0529,44.1686
93.0529,44.1686
91.4297,44.799
91.4297,44.799
91.4297,44.799
98.8835,44.0525
98.8835,44.0525
98.8835,44.0525
84.4558,46.5843
84.4558,46.5843
84.4558,46.5843
89.4897,44.2807
89.4897,44.2807
89.4897,44.2807
97.9206,44.2955
97.9206,44.2955
97.9206,44.2955
88.5904,43.9616
88.5904,43.9616
88.5904,43.9616
92.8241,43.7133
92.8241,43.7133
92.8241,43.7133
86.1641,43.458
86.1641,43.458
86.1641,43.458
94.2933,44.7446
94.2933,44.7446
94.2933,44.7446
93.8316,46.1852
93.8316,46.1852
93.8316,46.1852
98.5879,44.2157
98.5879,44.2157
98.5879,44.2157
93.7527,44.9732
93.7527,44.9732
93.7527,44.9732
93.8985,43.2013
93.8985,43.2013
93.8985,43.2013
91.2317,44.2286
91.2317,44.2286
91.2317,44.2286
97.9451,45.7356
97.9451,45.7356
97.9451,45.7356
95.0454,44.4653
95.0454,44.4653
95.0454,44.4653
98.583,44.8561
98.583,44.8561
98.583,44.8561
95.6283,45.7243
95.6283,45.7243
95.6283,45.7243
92.1794,44.592
92.1794,44.592
92.1794,44.592
94.2293,44.5742
94.2293,44.5742
94.2293,44.5742
99.2618,43.729
99.2618,43.729
99.2618,43.729
90.0576,45.6868
90.0576,45.6868
90.0576,45.6868
96.6668,44.9711
96.6668,44.9711
96.6668,44.9711
82.1585,43.7617
82.1585,43.7617
82.1585,43.7617
82.0734,45.4901
82.0734,45.4901
82.0734,45.4901
92.5325,43.6281
92.5325,43.6281
92.5325,43.6281
96.2041,44.2452
96.2041,44.2452
96.2041,44.2452
90.5447,44.1883
90.5447,44.1883
90.5447,44.1883
104.1088,44.0278
104.1088,44.0278
104.1088,44.0278
94.24,43.6495
94.24,43.6495
94.24,43.6495
83.5161,44.5422
83.5161,44.5422
83.5161,44.5422
88.7235,44.4666
88.7235,44.4666
88.7235,44.4666
89.9372,43.886
89.9372,43.886
89.9372,43.886
91.651,43.6077
91.651,43.6077
91.651,43.6077
97.876,45.6098
97.876,45.6098
97.876,45.6098
105.5724,45.2599
105.5724,45.2599
105.5724,45.2599
94.8405,45.5894
94.8405,45.5894
94.8405,45.5894
89.9833,44.8762
89.9833,44.8762
89.9833,44.8762
94.888,46.0118
94.888,46.0118
94.888,46.0118
96.8939,45.1587
96.8939,45.1587
96.8939,45.1587
102.9642,44.4156
102.9642,44.4156
102.9642,44.4156
93.5175,44.7471
93.5175,44.7471
93.5175,44.7471
89.4495,44.3642
89.4495,44.3642
89.4495,44.3642
87.7917,44.49
87.7917,44.49
87.7917,44.49
94.3215,44.9516
94.3215,44.9516
94.3215,44.9516
95.3196,43.9642
95.3196,43.9642
95.3196,43.9642
94.3488,44.5865
94.3488,44.5865
94.3488,44.5865
83.131,45.1788
83.131,45.1788
83.131,45.1788
101.3095,44.3258
101.3095,44.3258
101.3095,44.3258
90.5724,43.2815
90.5724,43.2815
90.5724,43.2815
97.0581,45.7184
97.0581,45.7184
97.0581,45.7184
88.8378,44.9038
88.8378,44.9038
88.8378,44.9038
106.2537,44.6799
106.2537,44.6799
106.2537,44.6799
96.8492,44.6208
96.8492,44.6208
96.8492,44.6208
93.3042,44.9157
93.3042,44.9157
93.3042,44.9157
98.1133,43.261
98.1133,43.261
98.1133,43.261
86.1844,45.2468
86.1844,45.2468
86.1844,45.2468
83.3613,44.5913
83.3613,44.5913
83.3613,44.5913
84.0207,43.8443
84.0207,43.8443
84.0207,43.8443
97.2311,45.2734
97.2311,45.2734
97.2311,45.2734
97.8297,44.9114
97.8297,44.9114
97.8297,44.9114
95.2748,44.0942
95.2748,44.0942
95.2748,44.0942
91.9707,44.8955
91.9707,44.8955
91.9707,44.8955
91.3128,44.1872
91.3128,44.1872
91.3128,44.1872
95.359,44.9328
95.359,44.9328
95.359,44.9328
93.8405,44.0685
93.8405,44.0685
93.8405,44.0685
93.8285,45.043
93.8285,45.043
93.8285,45.043
88.4935,44.5779
88.4935,44.5779
88.4935,44.5779
104.2823,45.0118
104.2823,45.0118
104.2823,45.0118
87.3097,44.8697
87.3097,44.8697
87.3097,44.8697
88.582,44.5053
88.582,44.5053
88.582,44.5053
93.4949,44.4996
93.4949,44.4996
93.4949,44.4996
98.4734,45.5262
98.4734,45.5262
98.4734,45.5262
87.0385,45.5898
87.0385,45.5898
87.0385,45.5898
90.4811,44.4065
90.4811,44.4065
90.4811,44.4065
88.6169,44.5164
88.6169,44.5164
88.6169,44.5164
83.588,44.8786
83.588,44.8786
83.588,44.8786
96.665,45.8813
96.665,45.8813
96.665,45.8813
97.8328,43.6765
97.8328,43.6765
97.8328,43.6765
88.1376,45.3842
88.1376,45.3842
88.1376,45.3842
96.8322,44.9599
96.8322,44.9599
96.8322,44.9599
95.9692,43.9011
95.9692,43.9011
95.9692,43.9011
97.1453,44.3567
97.1453,44.3567
97.1453,44.3567
101.2086,44.1171
101.2086,44.1171
101.2086,44.1171
97.0976,43.8622
97.0976,43.8622
97.0976,43.8622
89.528,43.6209
89.528,43.6209
89.528,43.6209
92.1196,44.9662
92.1196,44.9662
92.1196,44.9662
92.2751,44.236
92.2751,44.236
92.2751,44.236
92.8818,45.4515
92.8818,45.4515
92.8818,45.4515
91.1103,44.2213
91.1103,44.2213
91.1103,44.2213
90.8303,45.924
90.8303,45.924
90.8303,45.924
91.0295,44.1327
91.0295,44.1327
91.0295,44.1327
93.6384,44.0499
93.6384,44.0499
93.6384,44.0499
91.8148,44.4187
91.8148,44.4187
91.8148,44.4187
103.1975,44.6921
103.1975,44.6921
103.1975,44.6921
93.0152,43.8282
93.0152,43.8282
93.0152,43.8282
97.7875,45.931
97.7875,45.931
97.7875,45.931
97.0932,44.4923
97.0932,44.4923
97.0932,44.4923
101.6804,43.9392
101.6804,43.9392
101.6804,43.9392
90.942,44.7833
90.942,44.7833
90.942,44.7833
91.7176,44.4817
91.7176,44.4817
91.7176,44.4817
89.3802,44.3902
89.3802,44.3902
89.3802,44.3902
93.0205,45.3386
93.0205,45.3386
93.0205,45.3386
98.6439,45.0958
98.6439,45.0958
98.6439,45.0958
92.38,43.893
92.38,43.893
92.38,43.893
84.9581,44.9056
84.9581,44.9056
84.9581,44.9056
92.056,43.5471
92.056,43.5471
92.056,43.5471
93.5493,44.5535
93.5493,44.5535
93.5493,44.5535
97.2434,43.9731
97.2434,43.9731
97.2434,43.9731
87.8971,44.6234
87.8971,44.6234
87.8971,44.6234
100.653,44.8686
100.653,44.8686
100.653,44.8686
95.4169,43.5636
95.4169,43.5636
95.4169,43.5636
87.7224,46.1757
87.7224,46.1757
87.7224,46.1757
95.9313,44.7306
95.9313,44.7306
95.9313,44.7306
86.4725,43.6632
86.4725,43.6632
86.4725,43.6632
93.7115,43.4044
93.7115,43.4044
93.7115,43.4044
90.8314,45.2688
90.8314,45.2688
90.8314,45.2688
96.6401,46.0876
96.6401,46.0876
96.6401,46.0876
88.6402,43.8542
88.6402,43.8542
88.6402,43.8542
93.2613,44.5581
93.2613,44.5581
93.2613,44.5581
85.0938,43.6027
85.0938,43.6027
85.0938,43.6027
96.6043,43.7495
96.6043,43.7495
96.6043,43.7495
96.1898,43.9639
96.1898,43.9639
96.1898,43.9639
87.5682,45.8074
87.5682,45.8074
87.5682,45.8074
96.4236,44.273
96.4236,44.273
96.4236,44.273
91.5524,44.8219
91.5524,44.8219
91.5524,44.8219
96.2164,43.1694
96.2164,43.1694
96.2164,43.1694
88.5636,43.4249
88.5636,43.4249
88.5636,43.4249
86.9482,44.435
86.9482,44.435
86.9482,44.435
90.1635,44.5322
90.1635,44.5322
90.1635,44.5322
94.1508,44.4737
94.1508,44.4737
94.1508,44.4737
93.0513,45.1095
93.0513,45.1095
93.0513,45.1095
96.5938,44.7595
96.5938,44.7595
96.5938,44.7595
92.0898,45.1514
92.0898,45.1514
92.0898,45.1514
92.6861,43.0311
92.6861,43.0311
92.6861,43.0311
101.5555,45.768
101.5555,45.768
101.5555,45.768
97.7512,43.5739
97.7512,43.5739
97.7512,43.5739
98.4307,44.3441
98.4307,44.3441
98.4307,44.3441
99.177,44.5573
99.177,44.5573
99.177,44.5573
102.6229,46.0841
102.6229,46.0841
102.6229,46.0841
101.2065,43.03
101.2065,43.03
101.2065,43.03
97.0798,44.8514
97.0798,44.8514
97.0798,44.8514
100.2458,45.4248
100.2458,45.4248
100.2458,45.4248
89.7062,44.9468
89.7062,44.9468
89.7062,44.9468
98.9528,45.0858
98.9528,45.0858
98.9528,45.0858
95.074,44.9748
95.074,44.9748
95.074,44.9748
95.7924,45.6107
95.7924,45.6107
95.7924,45.6107
86.6529,44.1291
86.6529,44.1291
86.6529,44.1291
90.1799,44.4919
90.1799,44.4919
90.1799,44.4919
104.0472,44.9
104.0472,44.9
104.0472,44.9
86.5985,44.4609
86.5985,44.4609
86.5985,44.4609
90.2851,45.5164
90.2851,45.5164
90.2851,45.5164
93.2091,44.243
93.2091,44.243
93.2091,44.243
90.4331,44.7164
90.4331,44.7164
90.4331,44.7164
100.4734,44.1645
100.4734,44.1645
100.4734,44.1645
94.7884,45.7333
94.7884,45.7333
94.7884,45.7333
107.6846,44.2189
107.6846,44.2189
107.6846,44.2189
90.0207,43.649
90.0207,43.649
90.0207,43.649
92.4272,45.2652
92.4272,45.2652
92.4272,45.2652
100.6906,45.0699
100.6906,45.0699
100.6906,45.0699
89.3895,44.7959
89.3895,44.7959
89.3895,44.7959
89.2646,45.0319
89.2646,45.0319
89.2646,45.0319
94.0849,44.3477
94.0849,44.3477
94.0849,44.3477
89.1164,43.6393
89.1164,43.6393
89.1164,43.6393
91.7266,44.1915
91.7266,44.1915
91.7266,44.1915
96.2316,43.4507
96.2316,43.4507
96.2316,43.4507
96.1307,44.3534
96.1307,44.3534
96.1307,44.3534
91.1896,44.0193
91.1896,44.0193
91.1896,44.0193
99.2757,45.3767
99.2757,45.3767
99.2757,45.3767
89.4103,43.9853
89.4103,43.9853
89.4103,43.9853
94.4487,45.2059
94.4487,45.2059
94.4487,45.2059
84.3992,44.6093
84.3992,44.6093
84.3992,44.6093
98.4345,44.6474
98.4345,44.6474
98.4345,44.6474
89.017,44.5886
89.017,44.5886
89.017,44.5886
92.3297,44.7471
92.3297,44.7471
92.3297,44.7471
90.7809,43.8006
90.7809,43.8006
90.7809,43.8006
88.187,47.0067
88.187,47.0067
88.187,47.0067
91.53,44.5916
91.53,44.5916
91.53,44.5916
87.6361,44.4597
87.6361,44.4597
87.6361,44.4597
91.7031,43.6341
91.7031,43.6341
91.7031,43.6341
92.6886,44.7419
92.6886,44.7419
92.6886,44.7419
94.7723,45.0821
94.7723,45.0821
94.7723,45.0821
90.9964,43.1912
90.9964,43.1912
90.9964,43.1912
90.5504,44.3122
90.5504,44.3122
90.5504,44.3122
83.8015,45.5797
83.8015,45.5797
83.8015,45.5797
90.1805,44.463
90.1805,44.463
90.1805,44.463
99.2711,45.152
99.2711,45.152
99.2711,45.152
93.0901,44.9442
93.0901,44.9442
93.0901,44.9442
96.9413,44.3482
96.9413,44.3482
96.9413,44.3482
98.9132,45.4877
98.9132,45.4877
98.9132,45.4877
92.1342,44.3405
92.1342,44.3405
92.1342,44.3405
95.0308,45.012
95.0308,45.012
95.0308,45.012
98.9939,44.4339
98.9939,44.4339
98.9939,44.4339
101.1347,44.1663
101.1347,44.1663
101.1347,44.1663
96.0971,45.1412
96.0971,45.1412
96.0971,45.1412
96.9943,44.4378
96.9943,44.4378
96.9943,44.4378
99.7666,45.4816
99.7666,45.4816
99.7666,45.4816
92.1751,43.394
92.1751,43.394
92.1751,43.394
88.4032,45.4578
88.4032,45.4578
88.4032,45.4578
88.4089,44.4237
88.4089,44.4237
88.4089,44.4237
95.0685,44.5155
95.0685,44.5155
95.0685,44.5155
99.8721,44.4957
99.8721,44.4957
99.8721,44.4957
94.7145,44.6694
94.7145,44.6694
94.7145,44.6694
96.2687,43.8023
96.2687,43.8023
96.2687,43.8023
96.9793,45.2796
96.9793,45.2796
96.9793,45.2796
89.537,43.9964
89.537,43.9964
89.537,43.9964
98.5858,43.9925
98.5858,43.9925
98.5858,43.9925
78.2346,43.3964
78.2346,43.3964
78.2346,43.3964
92.2114,44.7666
92.2114,44.7666
92.2114,44.7666
101.912,44.2946
101.912,44.2946
101.912,44.2946
99.6955,44.5544
99.6955,44.5544
99.6955,44.5544
88.2932,45.2106
88.2932,45.2106
88.2932,45.2106
90.7044,44.8156
90.7044,44.8156
90.7044,44.8156
85.1593,44.6819
85.1593,44.6819
85.1593,44.6819
91.9362,44.2987
91.9362,44.2987
91.9362,44.2987
87.9504,45.2245
87.9504,45.2245
87.9504,45.2245
90.1943,44.3095
90.1943,44.3095
90.1943,44.3095
86.6838,44.6686
86.6838,44.6686
86.6838,44.6686
97.5642,43.9493
97.5642,43.9493
97.5642,43.9493
89.2903,44.1715
89.2903,44.1715
89.2903,44.1715
92.5512,44.1247
92.5512,44.1247
92.5512,44.1247
97.4982,44.5086
97.4982,44.5086
97.4982,44.5086
104.8182,46.0687
104.8182,46.0687
104.8182,46.0687
85.639,44.4568
85.639,44.4568
85.639,44.4568
85.5644,44.2907
85.5644,44.2907
85.5644,44.2907
95.8144,44.9302
95.8144,44.9302
95.8144,44.9302
95.4943,43.9321
95.4943,43.9321
95.4943,43.9321
82.3486,44.3709
82.3486,44.3709
82.3486,44.3709
90.0461,44.6628
90.0461,44.6628
90.0461,44.6628
100.1953,45.1708
100.1953,45.1708
100.1953,45.1708
88.4851,44.6981
88.4851,44.6981
88.4851,44.6981
97.4551,44.6238
97.4551,44.6238
97.4551,44.6238
99.1623,45.8153
99.1623,45.8153
99.1623,45.8153
89.7995,44.3186
89.7995,44.3186
89.7995,44.3186
89.0527,44.3652
89.0527,44.3652
89.0527,44.3652
89.8928,44.3967
89.8928,44.3967
89.8928,44.3967
86.7614,45.4939
86.7614,45.4939
86.7614,45.4939
84.783,45.0929
84.783,45.0929
84.783,45.0929
87.0897,44.7627
87.0897,44.7627
87.0897,44.7627
101.5579,44.8806
101.5579,44.8806
101.5579,44.8806
87.868,44.8011
87.868,44.8011
87.868,44.8011
97.9492,44.8342
97.9492,44.8342
97.9492,44.8342
87.2075,44.168
87.2075,44.168
87.2075,44.168
92.3567,44.3403
92.3567,44.3403
92.3567,44.3403
86.7359,44.2344
86.7359,44.2344
86.7359,44.2344
98.0391,44.4885
98.0391,44.4885
98.0391,44.4885
87.523,44.3747
87.523,44.3747
87.523,44.3747
96.9384,46.3455
96.9384,46.3455
96.9384,46.3455
94.3009,45.2204
94.3009,45.2204
94.3009,45.2204
91.5825,46.2363
91.5825,46.2363
91.5825,46.2363
102.5392,43.8092
102.5392,43.8092
102.5392,43.8092
93.1267,45.9408
93.1267,45.9408
93.1267,45.9408
95.4917,44.6389
95.4917,44.6389
95.4917,44.6389
95.4436,45.5563
95.4436,45.5563
95.4436,45.5563
90.3661,44.8473
90.3661,44.8473
90.3661,44.8473
100.8834,45.4776
100.8834,45.4776
100.8834,45.4776
88.1926,44.6329
88.1926,44.6329
88.1926,44.6329
96.3526,44.153
96.3526,44.153
96.3526,44.153
89.647,45.1787
89.647,45.1787
89.647,45.1787
87.5128,43.3771
87.5128,43.3771
87.5128,43.3771
87.5934,44.5176
87.5934,44.5176
87.5934,44.5176
99.2499,43.5936
99.2499,43.5936
99.2499,43.5936
105.0431,44.6858
105.0431,44.6858
105.0431,44.6858
92.8543,44.0884
92.8543,44.0884
92.8543,44.0884
97.5991,45.7155
97.5991,45.7155
97.5991,45.7155
90.6962,44.4368
90.6962,44.4368
90.6962,44.4368
97.6848,45.0841
97.6848,45.0841
97.6848,45.0841
101.1992,44.0464
101.1992,44.0464
101.1992,44.0464
92.2419,45.4751
92.2419,45.4751
92.2419,45.4751
95.078,44.8815
95.078,44.8815
95.078,44.8815
103.1213,43.3368
103.1213,43.3368
103.1213,43.3368
90.8581,43.8132
90.8581,43.8132
90.8581,43.8132
80.2458,44.348
80.2458,44.348
80.2458,44.348
96.9335,44.7954
96.9335,44.7954
96.9335,44.7954
93.6651,44.6986
93.6651,44.6986
93.6651,44.6986
89.7546,44.1091
89.7546,44.1091
89.7546,44.1091
94.8372,44.0614
94.8372,44.0614
94.8372,44.0614
94.9757,44.313
94.9757,44.313
94.9757,44.313
90.1993,45.9689
90.1993,45.9689
90.1993,45.9689
95.2982,44.3912
95.2982,44.3912
95.2982,44.3912
96.2354,44.0631
96.2354,44.0631
96.2354,44.0631
85.1831,44.3303
85.1831,44.3303
85.1831,44.3303
103.0514,43.7468
103.0514,43.7468
103.0514,43.7468
100.6763,44.3717
100.6763,44.3717
100.6763,44.3717
94.9809,44.5575
94.9809,44.5575
94.9809,44.5575
95.5485,44.7607
95.5485,44.7607
95.5485,44.7607
97.9982,44.8757
97.9982,44.8757
97.9982,44.8757
94.3542,44.663
94.3542,44.663
94.3542,44.663
93.9729,43.1007
93.9729,43.1007
93.9729,43.1007
96.3523,45.5968
96.3523,45.5968
96.3523,45.5968
92.4883,45.0971
92.4883,45.0971
92.4883,45.0971
96.5582,44.6408
96.5582,44.6408
96.5582,44.6408
83.3347,44.5281
83.3347,44.5281
83.3347,44.5281
87.7822,44.997
87.7822,44.997
87.7822,44.997
93.3279,44.6831
93.3279,44.6831
93.3279,44.6831
96.7645,44.986
96.7645,44.986
96.7645,44.986
92.9725,44.8906
92.9725,44.8906
92.9725,44.8906
89.8624,45.6276
89.8624,45.6276
89.8624,45.6276
94.0806,44.5815
94.0806,44.5815
94.0806,44.5815
99.8216,43.7949
99.8216,43.7949
99.8216,43.7949
85.9256,44.6908
85.9256,44.6908
85.9256,44.6908
88.7067,45.4029
88.7067,45.4029
88.7067,45.4029
100.2969,45.2808
100.2969,45.2808
100.2969,45.2808
92.3472,44.4111
92.3472,44.4111
92.3472,44.4111
101.4149,45.4982
101.4149,45.4982
101.4149,45.4982
94.1109,44.6659
94.1109,44.6659
94.1109,44.6659
86.5897,43.6741
86.5897,43.6741
86.5897,43.6741
96.1722,45.4664
96.1722,45.4664
96.1722,45.4664
88.7352,44.4889
88.7352,44.4889
88.7352,44.4889
101.3929,45.0678
101.3929,45.0678
101.3929,45.0678
98.8586,44.2793
98.8586,44.2793
98.8586,44.2793
87.1409,44.1532
87.1409,44.1532
87.1409,44.1532
96.5893,43.5775
96.5893,43.5775
96.5893,43.5775
92.2755,44.0777
92.2755,44.0777
92.2755,44.0777
103.2444,45.4776
103.2444,45.4776
103.2444,45.4776
93.6585,44.2717
93.6585,44.2717
93.6585,44.2717
93.806,43.8733
93.806,43.8733
93.806,43.8733
94.0389,43.8791
94.0389,43.8791
94.0389,43.8791
89.6117,44.7533
89.6117,44.7533
89.6117,44.7533
96.1048,43.5448
96.1048,43.5448
96.1048,43.5448
93.3867,44.6038
93.3867,44.6038
93.3867,44.6038
89.1813,44.9831
89.1813,44.9831
89.1813,44.9831
95.5863,44.3951
95.5863,44.3951
95.5863,44.3951
98.928,45.3707
98.928,45.3707
98.928,45.3707
90.9712,45.3769
90.9712,45.3769
90.9712,45.3769
102.4838,44.7614
102.4838,44.7614
102.4838,44.7614
86.4557,44.9082
86.4557,44.9082
86.4557,44.9082
83.5223,43.3861
83.5223,43.3861
83.5223,43.3861
93.4559,44.1325
93.4559,44.1325
93.4559,44.1325
87.801,44.3987
87.801,44.3987
87.801,44.3987
87.0894,45.8195
87.0894,45.8195
87.0894,45.8195
98.4835,44.8357
98.4835,44.8357
98.4835,44.8357
98.6292,44.9545
98.6292,44.9545
98.6292,44.9545
83.9389,43.9773
83.9389,43.9773
83.9389,43.9773
89.8256,44.211
89.8256,44.211
89.8256,44.211
88.4076,44.648
88.4076,44.648
88.4076,44.648
95.2785,43.687
95.2785,43.687
95.2785,43.687
88.2146,44.4358
88.2146,44.4358
88.2146,44.4358
98.5763,43.3766
98.5763,43.3766
98.5763,43.3766
99.6242,45.4137
99.6242,45.4137
99.6242,45.4137
95.8771,44.7753
95.8771,44.7753
95.8771,44.7753
91.6849,45.0003
91.6849,45.0003
91.6849,45.0003
92.6155,45.3587
92.6155,45.3587
92.6155,45.3587
91.5223,43.0314
91.5223,43.0314
91.5223,43.0314
93.6643,44.737
93.6643,44.737
93.6643,44.737
81.7837,45.3272
81.7837,45.3272
81.7837,45.3272
96.3963,44.9715
96.3963,44.9715
96.3963,44.9715
101.7084,44.9706
101.7084,44.9706
101.7084,44.9706
106.8947,45.0473
106.8947,45.0473
106.8947,45.0473
98.4673,44.4678
98.4673,44.4678
98.4673,44.4678
102.732,45.3433
102.732,45.3433
102.732,45.3433
94.7225,45.0472
94.7225,45.0472
94.7225,45.0472
94.0287,44.5589
94.0287,44.5589
94.0287,44.5589
93.1963,44.5196
93.1963,44.5196
93.1963,44.5196
88.7726,45.3959
88.7726,45.3959
88.7726,45.3959
97.4103,44.4935
97.4103,44.4935
97.4103,44.4935
80.6389,44.2042
80.6389,44.2042
80.6389,44.2042
95.7538,44.2127
95.7538,44.2127
95.7538,44.2127
86.72,45.1505
86.72,45.1505
86.72,45.1505
87.5557,46.4575
87.5557,46.4575
87.5557,46.4575
87.6488,44.5192
87.6488,44.5192
87.6488,44.5192
89.4244,43.5532
89.4244,43.5532
89.4244,43.5532
87.6392,44.4784
87.6392,44.4784
87.6392,44.4784
92.3259,44.2867
92.3259,44.2867
92.3259,44.2867
91.0177,44.7017
91.0177,44.7017
91.0177,44.7017
81.6148,45.0069
81.6148,45.0069
81.6148,45.0069
92.1042,44.6493
92.1042,44.6493
92.1042,44.6493
86.2818,44.6072
86.2818,44.6072
86.2818,44.6072
89.3139,43.9484
89.3139,43.9484
89.3139,43.9484
88.5706,44.3125
88.5706,44.3125
88.5706,44.3125
80.8686,43.84
80.8686,43.84
80.8686,43.84
103.5253,44.1127
103.5253,44.1127
103.5253,44.1127
96.8664,45.4353
96.8664,45.4353
96.8664,45.4353
94.2838,45.0557
94.2838,45.0557
94.2838,45.0557
79.2212,45.0516
79.2212,45.0516
79.2212,45.0516
87.4622,44.0639
87.4622,44.0639
87.4622,44.0639
93.5104,44.3066
93.5104,44.3066
93.5104,44.3066
88.1624,44.3301
88.1624,44.3301
88.1624,44.3301
82.4972,45.2425
82.4972,45.2425
82.4972,45.2425
88.6563,43.5593
88.6563,43.5593
88.6563,43.5593
100.526,45.7631
100.526,45.7631
100.526,45.7631
104.116,43.5505
104.116,43.5505
104.116,43.5505
83.5323,44.232
83.5323,44.232
83.5323,44.232
86.3693,45.4805
86.3693,45.4805
86.3693,45.4805
99.2411,45.4263
99.2411,45.4263
99.2411,45.4263
91.9893,45.1489
91.9893,45.1489
91.9893,45.1489
91.1364,44.539
91.1364,44.539
91.1364,44.539
100.3991,44.137
100.3991,44.137
100.3991,44.137
97.2739,45.6064
97.2739,45.6064
97.2739,45.6064
95.1166,44.6656
95.1166,44.6656
95.1166,44.6656
97.3147,45.9629
97.3147,45.9629
97.3147,45.9629
96.0535,44.5077
96.0535,44.5077
96.0535,44.5077
104.0567,44.4686
104.0567,44.4686
104.0567,44.4686
90.9797,45.5943
90.9797,45.5943
90.9797,45.5943
94.4333,45.1214
94.4333,45.1214
94.4333,45.1214
88.1251,45.18
88.1251,45.18
88.1251,45.18
103.5981,44.7232
103.5981,44.7232
103.5981,44.7232
89.7497,45.0981
89.7497,45.0981
89.7497,45.0981
94.0435,44.7419
94.0435,44.7419
94.0435,44.7419
92.2175,45.5566
92.2175,45.5566
92.2175,45.5566
90.555,44.2745
90.555,44.2745
90.555,44.2745
92.3552,44.8719
92.3552,44.8719
92.3552,44.8719
98.1038,45.4134
98.1038,45.4134
98.1038,45.4134
103.806,44.861
103.806,44.861
103.806,44.861
103.0929,45.4544
103.0929,45.4544
103.0929,45.4544
108.6778,45.4413
108.6778,45.4413
108.6778,45.4413
104.9764,44.2547
104.9764,44.2547
104.9764,44.2547
87.1392,44.1517
87.1392,44.1517
87.1392,44.1517
92.1356,44.2912
92.1356,44.2912
92.1356,44.2912
95.1916,44.4522
95.1916,44.4522
95.1916,44.4522
91.6171,43.7567
91.6171,43.7567
91.6171,43.7567
102.2668,44.8128
102.2668,44.8128
102.2668,44.8128
89.1961,44.0036
89.1961,44.0036
89.1961,44.0036
95.8366,45.1411
95.8366,45.1411
95.8366,45.1411
93.8223,46.2297
93.8223,46.2297
93.8223,46.2297
91.0356,43.7105
91.0356,43.7105
91.0356,43.7105
101.2034,44.7501
101.2034,44.7501
101.2034,44.7501
91.2816,44.1721
91.2816,44.1721
91.2816,44.1721
98.1264,43.5889
98.1264,43.5889
98.1264,43.5889
91.3339,44.1114
91.3339,44.1114
91.3339,44.1114
85.5241,44.1016
85.5241,44.1016
85.5241,44.1016
91.1803,45.3135
91.1803,45.3135
91.1803,45.3135
96.5044,44.6643
96.5044,44.6643
96.5044,44.6643
93.7963,44.4371
93.7963,44.4371
93.7963,44.4371
89.1051,44.4731
89.1051,44.4731
89.1051,44.4731
90.7846,44.8314
90.7846,44.8314
90.7846,44.8314
104.1539,44.4971
104.1539,44.4971
104.1539,44.4971
91.5208,45.7782
91.5208,45.7782
91.5208,45.7782
89.0167,44.7507
89.0167,44.7507
89.0167,44.7507
95.4249,44.8456
95.4249,44.8456
95.4249,44.8456
101.3519,45.9262
101.3519,45.9262
101.3519,45.9262
100.1686,45.3846
100.1686,45.3846
100.1686,45.3846
94.1138,44.374
94.1138,44.374
94.1138,44.374
86.8052,44.6896
86.8052,44.6896
86.8052,44.6896
86.9126,44.9369
86.9126,44.9369
86.9126,44.9369
86.392,43.4468
86.392,43.4468
86.392,43.4468
86.4311,44.9155
86.4311,44.9155
86.4311,44.9155
86.257,44.3074
86.257,44.3074
86.257,44.3074
93.9432,44.9429
93.9432,44.9429
93.9432,44.9429
91.874,44.0272
91.874,44.0272
91.874,44.0272
104.3211,45.7005
104.3211,45.7005
104.3211,45.7005
86.1096,43.9631
86.1096,43.9631
86.1096,43.9631
95.6504,45.463
95.6504,45.463
95.6504,45.463
88.804,44.2319
88.804,44.2319
88.804,44.2319
85.8087,44.3363
85.8087,44.3363
85.8087,44.3363
94.209,44.6841
94.209,44.6841
94.209,44.6841
85.7661,43.6773
85.7661,43.6773
85.7661,43.6773
88.6658,44.949
88.6658,44.949
88.6658,44.949
105.012,45.1981
105.012,45.1981
105.012,45.1981
83.7909,45.2664
83.7909,45.2664
83.7909,45.2664
91.5993,45.0353
91.5993,45.0353
91.5993,45.0353
86.7132,44.7634
86.7132,44.7634
86.7132,44.7634
95.964,44.8328
95.964,44.8328
95.964,44.8328
93.9021,45.809
93.9021,45.809
93.9021,45.809
81.6664,44.7398
81.6664,44.7398
81.6664,44.7398
95.0783,44.8707
95.0783,44.8707
95.0783,44.8707
88.8628,43.5729
88.8628,43.5729
88.8628,43.5729
97.9642,44.3434
97.9642,44.3434
97.9642,44.3434
94.2441,45.2777
94.2441,45.2777
94.2441,45.2777
96.8669,44.6277
96.8669,44.6277
96.8669,44.6277
90.7035,44.5733
90.7035,44.5733
90.7035,44.5733
88.3148,45.2328
88.3148,45.2328
88.3148,45.2328
95.9072,43.712
95.9072,43.712
95.9072,43.712
83.6018,44.3457
83.6018,44.3457
83.6018,44.3457
94.2382,44.7268
94.2382,44.7268
94.2382,44.7268
85.3212,43.1731
85.3212,43.1731
85.3212,43.1731
97.7096,44.4744
97.7096,44.4744
97.7096,44.4744
85.2056,45.1076
85.2056,45.1076
85.2056,45.1076
92.3174,43.6886
92.3174,43.6886
92.3174,43.6886
90.3475,44.7852
90.3475,44.7852
90.3475,44.7852
88.1745,44.8391
88.1745,44.8391
88.1745,44.8391
92.3444,43.9452
92.3444,43.9452
92.3444,43.9452
86.3319,45.2801
86.3319,45.2801
86.3319,45.2801
88.8608,44.5763
88.8608,44.5763
88.8608,44.5763
100.7181,43.9357
100.7181,43.9357
100.7181,43.9357
82.9555,45.9235
82.9555,45.9235
82.9555,45.9235
99.1678,44.9714
99.1678,44.9714
99.1678,44.9714
91.1202,45.3776
91.1202,45.3776
91.1202,45.3776
93.8762,45.736
93.8762,45.736
93.8762,45.736
95.5891,45.0939
95.5891,45.0939
95.5891,45.0939
85.0878,44.148
85.0878,44.148
85.0878,44.148
102.5,45.2047
102.5,45.2047
102.5,45.2047
94.4321,45.5558
94.4321,45.5558
94.4321,45.5558
96.4353,45.4056
96.4353,45.4056
96.4353,45.4056
93.3811,44.2982
93.3811,44.2982
93.3811,44.2982
90.1246,45.4059
90.1246,45.4059
90.1246,45.4059
82.4971,45.4237
82.4971,45.4237
82.4971,45.4237
89.3911,45.6423
89.3911,45.6423
89.3911,45.6423
94.4528,44.6185
94.4528,44.6185
94.4528,44.6185
97.8403,44.7635
97.8403,44.7635
97.8403,44.7635
91.2897,44.1146
91.2897,44.1146
91.2897,44.1146
99.2369,43.6689
99.2369,43.6689
99.2369,43.6689
87.1253,45.5549
87.1253,45.5549
87.1253,45.5549
91.3236,44.6469
91.3236,44.6469
91.3236,44.6469
89.7044,44.6354
89.7044,44.6354
89.7044,44.6354
86.9791,44.8633
86.9791,44.8633
86.9791,44.8633
93.6743,43.5237
93.6743,43.5237
93.6743,43.5237
90.8457,44.884
90.8457,44.884
90.8457,44.884
87.8079,45.5
87.8079,45.5
87.8079,45.5
91.3057,45.0701
91.3057,45.0701
91.3057,45.0701
100.3879,46.0634
100.3879,46.0634
100.3879,46.0634
93.9099,44.0053
93.9099,44.0053
93.9099,44.0053
94.0094,44.8266
94.0094,44.8266
94.0094,44.8266
92.2662,43.759
92.2662,43.759
92.2662,43.759
95.7026,44.5473
95.7026,44.5473
95.7026,44.5473
92.3739,44.5601
92.3739,44.5601
92.3739,44.5601
105.19,44.2493
105.19,44.2493
105.19,44.2493
90.8786,45.6848
90.8786,45.6848
90.8786,45.6848
91.9341,44.0297
91.9341,44.0297
91.9341,44.0297
97.4461,45.1299
97.4461,45.1299
97.4461,45.1299
103.5945,45.2715
103.5945,45.2715
103.5945,45.2715
94.0691,44.2958
94.0691,44.2958
94.0691,44.2958
85.2322,46.4287
85.2322,46.4287
85.2322,46.4287
102.9307,44.52
102.9307,44.52
102.9307,44.52
93.1957,44.4323
93.1957,44.4323
93.1957,44.4323
85.0213,44.4138
85.0213,44.4138
85.0213,44.4138
102.2601,44.0579
102.2601,44.0579
102.2601,44.0579
90.0656,44.2791
90.0656,44.2791
90.0656,44.2791
95.3867,43.2773
95.3867,43.2773
95.3867,43.2773
104.3514,44.2511
104.3514,44.2511
104.3514,44.2511
88.4353,44.2888
88.4353,44.2888
88.4353,44.2888
97.0957,44.9131
97.0957,44.9131
97.0957,44.9131
88.7734,43.9396
88.7734,43.9396
88.7734,43.9396
84.4002,44.5533
84.4002,44.5533
84.4002,44.5533
88.8823,46.0045
88.8823,46.0045
88.8823,46.0045
90.4844,44.5291
90.4844,44.5291
90.4844,44.5291
88.7425,44.6329
88.7425,44.6329
88.7425,44.6329
89.4615,45.4148
89.4615,45.4148
89.4615,45.4148
103.1866,43.845
103.1866,43.845
103.1866,43.845
81.5517,45.0316
81.5517,45.0316
81.5517,45.0316
92.6699,44.1114
92.6699,44.1114
92.6699,44.1114
99.3596,44.6867
99.3596,44.6867
99.3596,44.6867
94.0509,44.7802
94.0509,44.7802
94.0509,44.7802
96.3228,44.9576
96.3228,44.9576
96.3228,44.9576
103.3379,45.282
103.3379,45.282
103.3379,45.282
86.8784,44.5197
86.8784,44.5197
86.8784,44.5197
88.99,43.8835
88.99,43.8835
88.99,43.8835
87.7497,44.2719
87.7497,44.2719
87.7497,44.2719
81.829,44.9098
81.829,44.9098
81.829,44.9098
93.6584,44.2585
93.6584,44.2585
93.6584,44.2585
100.6406,45.4294
100.6406,45.4294
100.6406,45.4294
88.5526,45.3659
88.5526,45.3659
88.5526,45.3659
93.2001,44.708
93.2001,44.708
93.2001,44.708
90.1576,44.2456
90.1576,44.2456
90.1576,44.2456
96.1601,43.9497
96.1601,43.9497
96.1601,43.9497
95.7997,44.3322
95.7997,44.3322
95.7997,44.3322
83.2236,44.6498
83.2236,44.6498
83.2236,44.6498
99.1128,43.7989
99.1128,43.7989
99.1128,43.7989
82.5666,44.6252
82.5666,44.6252
82.5666,44.6252
93.2404,44.5782
93.2404,44.5782
93.2404,44.5782
94.8552,43.4469
94.8552,43.4469
94.8552,43.4469
91.2489,45.1532
91.2489,45.1532
91.2489,45.1532
90.8149,44.9053
90.8149,44.9053
90.8149,44.9053
104.2963,44.5235
104.2963,44.5235
104.2963,44.5235
77.1882,44.3901
77.1882,44.3901
77.1882,44.3901
98.6735,44.9921
98.6735,44.9921
98.6735,44.9921
88.5166,45.1804
88.5166,45.1804
88.5166,45.1804
89.7091,44.273
89.7091,44.273
89.7091,44.273
93.5661,44.9337
93.5661,44.9337
93.5661,44.9337
99.4782,43.7016
99.4782,43.7016
99.4782,43.7016
86.4925,43.1974
86.4925,43.1974
86.4925,43.1974
94.9322,44.5739
94.9322,44.5739
94.9322,44.5739
88.7029,45.4729
88.7029,45.4729
88.7029,45.4729
89.5239,44.6289
89.5239,44.6289
89.5239,44.6289
93.1425,44.9635
93.1425,44.9635
93.1425,44.9635
92.985,43.9896
92.985,43.9896
92.985,43.9896
96.7444,45.3027
96.7444,45.3027
96.7444,45.3027
102.1951,44.2287
102.1951,44.2287
102.1951,44.2287
93.5628,45.6145
93.5628,45.6145
93.5628,45.6145
91.2189,45.3572
91.2189,45.3572
91.2189,45.3572
95.0165,44.019
95.0165,44.019
95.0165,44.019
95.5483,44.8669
95.5483,44.8669
95.5483,44.8669
102.6693,44.6555
102.6693,44.6555
102.6693,44.6555
85.904,45.7483
85.904,45.7483
85.904,45.7483
93.9753,46.4746
93.9753,46.4746
93.9753,46.4746
90.4789,44.0591
90.4789,44.0591
90.4789,44.0591
102.6036,43.3737
102.6036,43.3737
102.6036,43.3737
92.4781,43.6883
92.4781,43.6883
92.4781,43.6883
90.9471,45.5597
90.9471,45.5597
90.9471,45.5597
97.1009,44.2589
97.1009,44.2589
97.1009,44.2589
93.206,45.145
93.206,45.145
93.206,45.145
90.549,46.3217
90.549,46.3217
90.549,46.3217
95.5815,45.3097
95.5815,45.3097
95.5815,45.3097
86.7106,44.3672
86.7106,44.3672
86.7106,44.3672
98.4223,45.2137
98.4223,45.2137
98.4223,45.2137
94.721,44.4366
94.721,44.4366
94.721,44.4366
89.506,43.7295
89.506,43.7295
89.506,43.7295
90.2846,45.5049
90.2846,45.5049
90.2846,45.5049
99.4302,45.8793
99.4302,45.8793
99.4302,45.8793
86.9467,44.2367
86.9467,44.2367
86.9467,44.2367
97.5286,43.7758
97.5286,43.7758
97.5286,43.7758
91.257,45.5416
91.257,45.5416
91.257,45.5416
94.8816,44.0485
94.8816,44.0485
94.8816,44.0485
87.5776,44.8554
87.5776,44.8554
87.5776,44.8554
100.8416,44.7967
100.8416,44.7967
100.8416,44.7967
91.5683,44.6962
91.5683,44.6962
91.5683,44.6962
86.4471,43.6315
86.4471,43.6315
86.4471,43.6315
94.0586,44.2689
94.0586,44.2689
94.0586,44.2689
93.0362,44.3514
93.0362,44.3514
93.0362,44.3514
96.2194,44.6481
96.2194,44.6481
96.2194,44.6481
85.2295,44.1012
85.2295,44.1012
85.2295,44.1012
88.1116,44.7687
88.1116,44.7687
88.1116,44.7687
92.2083,43.711
92.2083,43.711
92.2083,43.711
93.6281,46.0946
93.6281,46.0946
93.6281,46.0946
91.2262,45.8256
91.2262,45.8256
91.2262,45.8256
89.2114,44.4557
89.2114,44.4557
89.2114,44.4557
92.6864,44.6396
92.6864,44.6396
92.6864,44.6396
94.6056,43.667
94.6056,43.667
94.6056,43.667
94.042,44.8369
94.042,44.8369
94.042,44.8369
94.2314,43.8242
94.2314,43.8242
94.2314,43.8242
90.5516,45.3431
90.5516,45.3431
90.5516,45.3431
85.968,43.5929
85.968,43.5929
85.968,43.5929
89.1468,45.1969
89.1468,45.1969
89.1468,45.1969
95.4959,44.7911
95.4959,44.7911
95.4959,44.7911
90.034,45.3955
90.034,45.3955
90.034,45.3955
95.0731,44.3162
95.0731,44.3162
95.0731,44.3162
96.1791,44.6424
96.1791,44.6424
96.1791,44.6424
96.3715,45.2257
96.3715,45.2257
96.3715,45.2257
98.2862,44.0281
98.2862,44.0281
98.2862,44.0281
90.1896,43.947
90.1896,43.947
90.1896,43.947
94.3223,45.1876
94.3223,45.1876
94.3223,45.1876
80.7806,43.3566
80.7806,43.3566
80.7806,43.3566
93.0845,43.9586
93.0845,43.9586
93.0845,43.9586
91.1856,44.6763
91.1856,44.6763
91.1856,44.6763
92.7459,44.759
92.7459,44.759
92.7459,44.759
102.5249,45.1105
102.5249,45.1105
102.5249,45.1105
84.6953,44.7186
84.6953,44.7186
84.6953,44.7186
85.0759,44.632
85.0759,44.632
85.0759,44.632
100.8395,44.9819
100.8395,44.9819
100.8395,44.9819
103.7225,45.5695
103.7225,45.5695
103.7225,45.5695
89.6967,44.534
89.6967,44.534
89.6967,44.534
98.0094,44.9657
98.0094,44.9657
98.0094,44.9657
95.2655,43.7488
95.2655,43.7488
95.2655,43.7488
91.8342,44.3636
91.8342,44.3636
91.8342,44.3636
97.9872,45.3982
97.9872,45.3982
97.9872,45.3982
90.0508,44.6942
90.0508,44.6942
90.0508,44.6942
96.104,44.4391
96.104,44.4391
96.104,44.4391
91.3678,44.4771
91.3678,44.4771
91.3678,44.4771
90.6882,45.054
90.6882,45.054
90.6882,45.054
93.8574,45.1182
93.8574,45.1182
93.8574,45.1182
104.2966,43.8098
104.2966,43.8098
104.2966,43.8098
90.6252,44.8954
90.6252,44.8954
90.6252,44.8954
94.2832,45.9538
94.2832,45.9538
94.2832,45.9538
97.1813,43.519
97.1813,43.519
97.1813,43.519
92.4106,44.8916
92.4106,44.8916
92.4106,44.8916
96.5216,44.0895
96.5216,44.0895
96.5216,44.0895
90.4892,45.3172
90.4892,45.3172
90.4892,45.3172
91.8457,44.0247
91.8457,44.0247
91.8457,44.0247
98.9988,44.4889
98.9988,44.4889
98.9988,44.4889
86.3421,44.5881
86.3421,44.5881
86.3421,44.5881
98.7124,44.8261
98.7124,44.8261
98.7124,44.8261
96.9853,44.9915
96.9853,44.9915
96.9853,44.9915
96.5316,43.7128
96.5316,43.7128
96.5316,43.7128
87.0026,45.4237
87.0026,45.4237
87.0026,45.4237
91.0571,45.0952
91.0571,45.0952
91.0571,45.0952
94.4385,44.0919
94.4385,44.0919
94.4385,44.0919
91.6917,43.5144
91.6917,43.5144
91.6917,43.5144
104.0704,45.614
104.0704,45.614
104.0704,45.614
98.8838,44.5077
98.8838,44.5077
98.8838,44.5077
93.3647,46.3068
93.3647,46.3068
93.3647,46.3068
94.2172,45.1497
94.2172,45.1497
94.2172,45.1497
90.6164,44.1654
90.6164,44.1654
90.6164,44.1654
100.5444,43.7895
100.5444,43.7895
100.5444,43.7895
90.5662,43.821
90.5662,43.821
90.5662,43.821
79.1493,44.9902
79.1493,44.9902
79.1493,44.9902
90.0115,44.3568
90.0115,44.3568
90.0115,44.3568
90.2649,45.3851
90.2649,45.3851
90.2649,45.3851
90.9,44.4118
90.9,44.4118
90.9,44.4118
92.9536,43.9793
92.9536,43.9793
92.9536,43.9793
94.98,43.5991
94.98,43.5991
94.98,43.5991
93.1029,45.2056
93.1029,45.2056
93.1029,45.2056
114.476,43.8626
114.476,43.8626
114.476,43.8626
89.7323,43.3983
89.7323,43.3983
89.7323,43.3983
102.1632,44.4
102.1632,44.4
102.1632,44.4
102.3191,44.8707
102.3191,44.8707
102.3191,44.8707
91.3966,45.7899
91.3966,45.7899
91.3966,45.7899
108.5654,43.8552
108.5654,43.8552
108.5654,43.8552
89.9747,44.3027
89.9747,44.3027
89.9747,44.3027
94.8087,44.9841
94.8087,44.9841
94.8087,44.9841
90.2659,44.7939
90.2659,44.7939
90.2659,44.7939
93.8934,46.2509
93.8934,46.2509
93.8934,46.2509
83.0376,44.9984
83.0376,44.9984
83.0376,44.9984
79.1341,44.886
79.1341,44.886
79.1341,44.886
98.7595,44.3687
98.7595,44.3687
98.7595,44.3687
89.3435,44.4905
89.3435,44.4905
89.3435,44.4905
91.9358,45.1017
91.9358,45.1017
91.9358,45.1017
90.7752,44.8315
90.7752,44.8315
90.7752,44.8315
94.0518,43.2585
94.0518,43.2585
94.0518,43.2585
94.6903,45.1867
94.6903,45.1867
94.6903,45.1867
102.1062,45.0121
102.1062,45.0121
102.1062,45.0121
90.7482,44.2548
90.7482,44.2548
90.7482,44.2548
94.5446,44.5078
94.5446,44.5078
94.5446,44.5078
98.2882,44.2495
98.2882,44.2495
98.2882,44.2495
86.1735,45.729
86.1735,45.729
86.1735,45.729
102.0664,43.89
102.0664,43.89
102.0664,43.89
85.632,44.3907
85.632,44.3907
85.632,44.3907
94.1123,44.2074
94.1123,44.2074
94.1123,44.2074
92.4738,44.7966
92.4738,44.7966
92.4738,44.7966
91.2639,45.3336
91.2639,45.3336
91.2639,45.3336
91.5949,45.1869
91.5949,45.1869
91.5949,45.1869
88.6422,44.5382
88.6422,44.5382
88.6422,44.5382
99.3537,44.4975
99.3537,44.4975
99.3537,44.4975
88.5532,45.0595
88.5532,45.0595
88.5532,45.0595
89.834,44.6218
89.834,44.6218
89.834,44.6218
95.3659,43.8226
95.3659,43.8226
95.3659,43.8226
96.7952,44.0925
96.7952,44.0925
96.7952,44.0925
79.5944,44.1266
79.5944,44.1266
79.5944,44.1266
99.4403,45.0801
99.4403,45.0801
99.4403,45.0801
86.2771,44.9208
86.2771,44.9208
86.2771,44.9208
93.7856,44.3593
93.7856,44.3593
93.7856,44.3593
88.5897,43.7026
88.5897,43.7026
88.5897,43.7026
87.2833,45.6721
87.2833,45.6721
87.2833,45.6721
97.5489,44.1857
97.5489,44.1857
97.5489,44.1857
88.4353,43.7571
88.4353,43.7571
88.4353,43.7571
105.2329,44.6928
105.2329,44.6928
105.2329,44.6928
105.2358,45.059
105.2358,45.059
105.2358,45.059
101.1913,44.7632
101.1913,44.7632
101.1913,44.7632
90.1112,45.8576
90.1112,45.8576
90.1112,45.8576
94.9755,42.8307
94.9755,42.8307
94.9755,42.8307
89.1979,43.916
89.1979,43.916
89.1979,43.916
99.4399,44.3578
99.4399,44.3578
99.4399,44.3578
99.1374,44.846
99.1374,44.846
99.1374,44.846
101.0073,44.4878
101.0073,44.4878
101.0073,44.4878
88.7166,44.5119
88.7166,44.5119
88.7166,44.5119
92.8141,44.8799
92.8141,44.8799
92.8141,44.8799
86.4349,44.3234
86.4349,44.3234
86.4349,44.3234
91.3802,45.3129
91.3802,45.3129
91.3802,45.3129
111.2094,45.1308
111.2094,45.1308
111.2094,45.1308
91.06,43.6769
91.06,43.6769
91.06,43.6769
93.4838,44.1105
93.4838,44.1105
93.4838,44.1105
94.5417,45.1047
94.5417,45.1047
94.5417,45.1047
102.8101,44.7195
102.8101,44.7195
102.8101,44.7195
94.9523,45.7158
94.9523,45.7158
94.9523,45.7158
95.9792,44.4855
95.9792,44.4855
95.9792,44.4855
96.6728,44.7678
96.6728,44.7678
96.6728,44.7678
99.0634,45.1805
99.0634,45.1805
99.0634,45.1805
82.7837,45.2836
82.7837,45.2836
82.7837,45.2836
87.9251,44.7295
87.9251,44.7295
87.9251,44.7295
98.4634,45.2766
98.4634,45.2766
98.4634,45.2766
90.821,45.3194
90.821,45.3194
90.821,45.3194
99.8623,44.9697
99.8623,44.9697
99.8623,44.9697
91.5659,44.1739
91.5659,44.1739
91.5659,44.1739
95.9085,44.4275
95.9085,44.4275
95.9085,44.4275
96.7357,44.3036
96.7357,44.3036
96.7357,44.3036
98.9661,44.7561
98.9661,44.7561
98.9661,44.7561
96.6415,43.4238
96.6415,43.4238
96.6415,43.4238
79.4901,45.9238
79.4901,45.9238
79.4901,45.9238
87.7463,45.4385
87.7463,45.4385
87.7463,45.4385
102.1248,44.0088
102.1248,44.0088
102.1248,44.0088
92.4295,44.7826
92.4295,44.7826
92.4295,44.7826
92.5374,45.0483
92.5374,45.0483
92.5374,45.0483
87.8021,44.9502
87.8021,44.9502
87.8021,44.9502
94.5583,45.6864
94.5583,45.6864
94.5583,45.6864
89.0788,42.9453
89.0788,42.9453
89.0788,42.9453
90.6736,44.3675
90.6736,44.3675
90.6736,44.3675
90.0395,45.5827
90.0395,45.5827
90.0395,45.5827
88.6506,44.6266
88.6506,44.6266
88.6506,44.6266
95.3731,43.5454
95.3731,43.5454
95.3731,43.5454
97.1147,43.879
97.1147,43.879
97.1147,43.879
96.072,44.6905
96.072,44.6905
96.072,44.6905
99.5214,44.4457
99.5214,44.4457
99.5214,44.4457
97.9608,44.6541
97.9608,44.6541
97.9608,44.6541
92.967,44.8797
92.967,44.8797
92.967,44.8797
97.1571,44.8544
97.1571,44.8544
97.1571,44.8544
96.0162,44.2587
96.0162,44.2587
96.0162,44.2587
89.458,44.394
89.458,44.394
89.458,44.394
90.8878,45.3233
90.8878,45.3233
90.8878,45.3233
103.0002,45.2711
103.0002,45.2711
103.0002,45.2711
93.9856,44.9274
93.9856,44.9274
93.9856,44.9274
94.3935,45.0798
94.3935,45.0798
94.3935,45.0798
91.6666,45.1589
91.6666,45.1589
91.6666,45.1589
87.9156,45.0324
87.9156,45.0324
87.9156,45.0324
92.3546,45.0984
92.3546,45.0984
92.3546,45.0984
90.4234,44.892
90.4234,44.892
90.4234,44.892
98.8804,44.984
98.8804,44.984
98.8804,44.984
95.3582,45.0229
95.3582,45.0229
95.3582,45.0229
94.045,43.6853
94.045,43.6853
94.045,43.6853
96.3026,44.4657
96.3026,44.4657
96.3026,44.4657
89.6914,44.9451
89.6914,44.9451
89.6914,44.9451
89.5666,44.3462
89.5666,44.3462
89.5666,44.3462
92.244,44.9591
92.244,44.9591
92.244,44.9591
93.5138,44.4158
93.5138,44.4158
93.5138,44.4158
95.0764,44.0864
95.0764,44.0864
95.0764,44.0864
92.1222,45.0442
92.1222,45.0442
92.1222,45.0442
101.3321,44.4539
101.3321,44.4539
101.3321,44.4539
87.8224,45.2541
87.8224,45.2541
87.8224,45.2541
102.0717,43.4693
102.0717,43.4693
102.0717,43.4693
92.511,44.413
92.511,44.413
92.511,44.413
89.4916,44.6386
89.4916,44.6386
89.4916,44.6386
94.7922,44.0297
94.7922,44.0297
94.7922,44.0297
92.9554,44.8085
92.9554,44.8085
92.9554,44.8085
91.4735,45.5903
91.4735,45.5903
91.4735,45.5903
86.4719,43.4525
86.4719,43.4525
86.4719,43.4525
98.2128,43.5059
98.2128,43.5059
98.2128,43.5059
101.2018,45.4235
101.2018,45.4235
101.2018,45.4235
90.8814,44.77
90.8814,44.77
90.8814,44.77
96.5091,44.9331
96.5091,44.9331
96.5091,44.9331
90.7934,43.8345
90.7934,43.8345
90.7934,43.8345
95.1737,45.3892
95.1737,45.3892
95.1737,45.3892
86.0103,43.9493
86.0103,43.9493
86.0103,43.9493
88.6747,44.3324
88.6747,44.3324
88.6747,44.3324
94.4621,44.2941
94.4621,44.2941
94.4621,44.2941
102.2385,44.5162
102.2385,44.5162
102.2385,44.5162
87.6452,44.6683
87.6452,44.6683
87.6452,44.6683
96.8039,43.5563
96.8039,43.5563
96.8039,43.5563
86.891,44.3105
86.891,44.3105
86.891,44.3105
85.8189,43.7792
85.8189,43.7792
85.8189,43.7792
91.1344,44.1937
91.1344,44.1937
91.1344,44.1937
93.0887,44.4693
93.0887,44.4693
93.0887,44.4693
89.1556,44.8334
89.1556,44.8334
89.1556,44.8334
90.6795,44.1821
90.6795,44.1821
90.6795,44.1821
85.5763,44.697
85.5763,44.697
85.5763,44.697
86.0188,44.0159
86.0188,44.0159
86.0188,44.0159
88.5487,43.7008
88.5487,43.7008
88.5487,43.7008
81.2463,44.5507
81.2463,44.5507
81.2463,44.5507
98.8453,44.7203
98.8453,44.7203
98.8453,44.7203
82.8958,44.6516
82.8958,44.6516
82.8958,44.6516
91.1341,44.7466
91.1341,44.7466
91.1341,44.7466
95.788,44.6417
95.788,44.6417
95.788,44.6417
89.5189,44.8455
89.5189,44.8455
89.5189,44.8455
95.5212,44.063
95.5212,44.063
95.5212,44.063
100.3351,45.1445
100.3351,45.1445
100.3351,45.1445
92.897,46.4034
92.897,46.4034
92.897,46.4034
88.2323,44.0803
88.2323,44.0803
88.2323,44.0803
97.9172,43.3741
97.9172,43.3741
97.9172,43.3741
93.7323,43.5484
93.7323,43.5484
93.7323,43.5484
93.269,44.3956
93.269,44.3956
93.269,44.3956
91.7448,44.2783
91.7448,44.2783
91.7448,44.2783
87.7059,44.3711
87.7059,44.3711
87.7059,44.3711
88.4915,44.9572
88.4915,44.9572
88.4915,44.9572
104.3883,44.5947
104.3883,44.5947
104.3883,44.5947
92.0626,44.7706
92.0626,44.7706
92.0626,44.7706
84.7082,44.2932
84.7082,44.2932
84.7082,44.2932
87.5522,44.5508
87.5522,44.5508
87.5522,44.5508
83.8209,44.8405
83.8209,44.8405
83.8209,44.8405
84.2405,44.6038
84.2405,44.6038
84.2405,44.6038
94.3155,44.8055
94.3155,44.8055
94.3155,44.8055
90.0341,43.6341
90.0341,43.6341
90.0341,43.6341
89.4706,44.999
89.4706,44.999
89.4706,44.999
96.1079,44.345
96.1079,44.345
96.1079,44.345
88.645,44.7112
88.645,44.7112
88.645,44.7112
83.9103,44.0909
83.9103,44.0909
83.9103,44.0909
87.1159,43.9999
87.1159,43.9999
87.1159,43.9999
95.0238,43.2674
95.0238,43.2674
95.0238,43.2674
79.4846,46.0121
79.4846,46.0121
79.4846,46.0121
105.3169,43.348
105.3169,43.348
105.3169,43.348
95.7149,45.1791
95.7149,45.1791
95.7149,45.1791
94.8466,45.1442
94.8466,45.1442
94.8466,45.1442
90.9096,44.8318
90.9096,44.8318
90.9096,44.8318
91.5399,45.4958
91.5399,45.4958
91.5399,45.4958
92.1027,43.4857
92.1027,43.4857
92.1027,43.4857
88.1032,44.195
88.1032,44.195
88.1032,44.195
86.4897,44.9956
86.4897,44.9956
86.4897,44.9956
96.3278,44.3144
96.3278,44.3144
96.3278,44.3144
89.9407,44.5716
89.9407,44.5716
89.9407,44.5716
88.2952,44.5085
88.2952,44.5085
88.2952,44.5085
92.4618,43.77
92.4618,43.77
92.4618,43.77
88.019,44.5737
88.019,44.5737
88.019,44.5737
98.1442,45.5291
98.1442,45.5291
98.1442,45.5291
92.0635,45.9531
92.0635,45.9531
92.0635,45.9531
92.4563,45.3316
92.4563,45.3316
92.4563,45.3316
96.2685,43.6193
96.2685,43.6193
96.2685,43.6193
84.1184,44.6571
84.1184,44.6571
84.1184,44.6571
95.7802,44.9125
95.7802,44.9125
95.7802,44.9125
91.3166,44.7563
91.3166,44.7563
91.3166,44.7563
93.6141,44.9887
93.6141,44.9887
93.6141,44.9887
104.0973,45.211
104.0973,45.211
104.0973,45.211
95.3946,45.5533
95.3946,45.5533
95.3946,45.5533
89.0708,42.984
89.0708,42.984
89.0708,42.984
92.0398,45.6893
92.0398,45.6893
92.0398,45.6893
91.5358,45.0631
91.5358,45.0631
91.5358,45.0631
91.4936,46.3293
91.4936,46.3293
91.4936,46.3293
91.5398,44.2441
91.5398,44.2441
91.5398,44.2441
107.5385,45.3429
107.5385,45.3429
107.5385,45.3429
89.9695,44.961
89.9695,44.961
89.9695,44.961
90.4814,43.8499
90.4814,43.8499
90.4814,43.8499
95.3443,43.9427
95.3443,43.9427
95.3443,43.9427
92.6211,44.1869
92.6211,44.1869
92.6211,44.1869
96.4428,43.6236
96.4428,43.6236
96.4428,43.6236
94.697,43.5642
94.697,43.5642
94.697,43.5642
90.9524,44.002
90.9524,44.002
90.9524,44.002
94.5851,45.6408
94.5851,45.6408
94.5851,45.6408
86.3147,44.5069
86.3147,44.5069
86.3147,44.5069
97.1892,43.5815
97.1892,43.5815
97.1892,43.5815
99.6234,45.0357
99.6234,45.0357
99.6234,45.0357
94.8439,45.0211
94.8439,45.0211
94.8439,45.0211
93.5919,44.995
93.5919,44.995
93.5919,44.995
89.4109,45.7627
89.4109,45.7627
89.4109,45.7627
93.2749,45.0003
93.2749,45.0003
93.2749,45.0003
95.5873,44.4431
95.5873,44.4431
95.5873,44.4431
89.0312,44.2826
89.0312,44.2826
89.0312,44.2826
89.0434,43.9477
89.0434,43.9477
89.0434,43.9477
91.2241,44.1678
91.2241,44.1678
91.2241,44.1678
90.4094,44.3047
90.4094,44.3047
90.4094,44.3047
88.3711,44.3605
88.3711,44.3605
88.3711,44.3605
87.123,44.6401
87.123,44.6401
87.123,44.6401
95.7852,45.8251
95.7852,45.8251
95.7852,45.8251
91.3591,45.4942
91.3591,45.4942
91.3591,45.4942
82.2935,44.2219
82.2935,44.2219
82.2935,44.2219
92.1514,43.9637
92.1514,43.9637
92.1514,43.9637
92.9766,44.9413
92.9766,44.9413
92.9766,44.9413
90.2418,44.1963
90.2418,44.1963
90.2418,44.1963
102.5959,44.3018
102.5959,44.3018
102.5959,44.3018
87.4876,45.9792
87.4876,45.9792
87.4876,45.9792
104.2378,44.7222
104.2378,44.7222
104.2378,44.7222
88.9183,44.506
88.9183,44.506
88.9183,44.506
89.6187,43.9951
89.6187,43.9951
89.6187,43.9951
91.9528,43.9311
91.9528,43.9311
91.9528,43.9311
97.7678,44.8798
97.7678,44.8798
97.7678,44.8798
87.1138,44.2945
87.1138,44.2945
87.1138,44.2945
95.4013,44.0644
95.4013,44.0644
95.4013,44.0644
91.1721,44.3756
91.1721,44.3756
91.1721,44.3756
89.3123,44.382
89.3123,44.382
89.3123,44.382
83.3335,45.5057
83.3335,45.5057
83.3335,45.5057
87.636,43.9981
87.636,43.9981
87.636,43.9981
93.8651,44.87
93.8651,44.87
93.8651,44.87
94.7643,44.1017
94.7643,44.1017
94.7643,44.1017
92.814,43.9712
92.814,43.9712
92.814,43.9712
93.7981,44.9616
93.7981,44.9616
93.7981,44.9616
82.3804,44.233
82.3804,44.233
82.3804,44.233
95.2351,44.7182
95.2351,44.7182
95.2351,44.7182
95.1501,44.6913
95.1501,44.6913
95.1501,44.6913
92.8798,45.5803
92.8798,45.5803
92.8798,45.5803
92.8387,45.396
92.8387,45.396
92.8387,45.396
89.445,46.2343
89.445,46.2343
89.445,46.2343
82.4781,44.6295
82.4781,44.6295
82.4781,44.6295
95.1339,44.2116
95.1339,44.2116
95.1339,44.2116
90.4391,43.0419
90.4391,43.0419
90.4391,43.0419
86.4414,43.669
86.4414,43.669
86.4414,43.669
92.0374,44.9913
92.0374,44.9913
92.0374,44.9913
92.8738,44.2612
92.8738,44.2612
92.8738,44.2612
93.5915,44.613
93.5915,44.613
93.5915,44.613
92.8107,45.3551
92.8107,45.3551
92.8107,45.3551
85.207,44.8745
85.207,44.8745
85.207,44.8745
96.3064,44.7121
96.3064,44.7121
96.3064,44.7121
93.4864,44.9073
93.4864,44.9073
93.4864,44.9073
88.0537,44.2338
88.0537,44.2338
88.0537,44.2338
88.6152,45.0219
88.6152,45.0219
88.6152,45.0219
93.959,44.6581
93.959,44.6581
93.959,44.6581
89.1,44.2678
89.1,44.2678
89.1,44.2678
87.3722,44.0007
87.3722,44.0007
87.3722,44.0007
97.9735,43.8526
97.9735,43.8526
97.9735,43.8526
95.6485,45.1165
95.6485,45.1165
95.6485,45.1165
90.9785,45.2772
90.9785,45.2772
90.9785,45.2772
99.4382,44.2815
99.4382,44.2815
99.4382,44.2815
91.6892,45.465
91.6892,45.465
91.6892,45.465
94.068,44.2534
94.068,44.2534
94.068,44.2534
89.8312,45.8524
89.8312,45.8524
89.8312,45.8524
98.5601,44.7773
98.5601,44.7773
98.5601,44.7773
93.7634,45.2319
93.7634,45.2319
93.7634,45.2319
84.2759,44.5768
84.2759,44.5768
84.2759,44.5768
95.1102,44.4645
95.1102,44.4645
95.1102,44.4645
102.1703,43.3465
102.1703,43.3465
102.1703,43.3465
100.1322,45.8873
100.1322,45.8873
100.1322,45.8873
91.1046,44.8809
91.1046,44.8809
91.1046,44.8809
102.3089,45.1206
102.3089,45.1206
102.3089,45.1206
92.3844,44.471
92.3844,44.471
92.3844,44.471
92.9706,45.0955
92.9706,45.0955
92.9706,45.0955
97.6299,45.7156
97.6299,45.7156
97.6299,45.7156
83.8096,45.3921
83.8096,45.3921
83.8096,45.3921
92.4063,45.2484
92.4063,45.2484
92.4063,45.2484
84.926,43.495
84.926,43.495
84.926,43.495
96.7686,44.6667
96.7686,44.6667
96.7686,44.6667
88.9091,45.1744
88.9091,45.1744
88.9091,45.1744
89.6583,45.5743
89.6583,45.5743
89.6583,45.5743
98.5845,43.7217
98.5845,43.7217
98.5845,43.7217
98.3786,43.9865
98.3786,43.9865
98.3786,43.9865
85.59,45.0817
85.59,45.0817
85.59,45.0817
94.6782,44.8531
94.6782,44.8531
94.6782,44.8531
93.862,45.4517
93.862,45.4517
93.862,45.4517
88.5915,44.2144
88.5915,44.2144
88.5915,44.2144
102.6158,43.7379
102.6158,43.7379
102.6158,43.7379
94.6162,43.6807
94.6162,43.6807
94.6162,43.6807
86.697,44.7424
86.697,44.7424
86.697,44.7424
91.734,43.4607
91.734,43.4607
91.734,43.4607
90.9982,43.6812
90.9982,43.6812
90.9982,43.6812
95.5803,44.9
95.5803,44.9
95.5803,44.9
90.1394,44.4729
90.1394,44.4729
90.1394,44.4729
96.4849,44.9206
96.4849,44.9206
96.4849,44.9206
99.5314,44.5919
99.5314,44.5919
99.5314,44.5919
88.791,45.0259
88.791,45.0259
88.791,45.0259
91.6579,44.4666
91.6579,44.4666
91.6579,44.4666
96.3637,45.6525
96.3637,45.6525
96.3637,45.6525
97.6024,44.4858
97.6024,44.4858
97.6024,44.4858
99.7373,44.5522
99.7373,44.5522
99.7373,44.5522
87.1649,44.2213
87.1649,44.2213
87.1649,44.2213
97.5301,43.6915
97.5301,43.6915
97.5301,43.6915
84.4219,43.7343
84.4219,43.7343
84.4219,43.7343
89.8879,44.2336
89.8879,44.2336
89.8879,44.2336
103.5517,44.4408
103.5517,44.4408
103.5517,44.4408
86.5609,45.1007
86.5609,45.1007
86.5609,45.1007
94.0205,45.2846
94.0205,45.2846
94.0205,45.2846
91.9351,45.4359
91.9351,45.4359
91.9351,45.4359
87.0273,44.4991
87.0273,44.4991
87.0273,44.4991
101.2987,43.5908
101.2987,43.5908
101.2987,43.5908
97.5731,45.1627
97.5731,45.1627
97.5731,45.1627
94.2735,44.5248
94.2735,44.5248
94.2735,44.5248
97.6542,44.5084
97.6542,44.5084
97.6542,44.5084
93.9141,44.6776
93.9141,44.6776
93.9141,44.6776
109.6,45.5012
109.6,45.5012
109.6,45.5012
94.5332,45.7989
94.5332,45.7989
94.5332,45.7989
99.0529,44.7272
99.0529,44.7272
99.0529,44.7272
97.7045,44.256
97.7045,44.256
97.7045,44.256
84.3678,44.449
84.3678,44.449
84.3678,44.449
95.367,44.4602
95.367,44.4602
95.367,44.4602
98.5672,43.9108
98.5672,43.9108
98.5672,43.9108
95.169,44.3435
95.169,44.3435
95.169,44.3435
91.8863,45.2013
91.8863,45.2013
91.8863,45.2013
88.7576,44.4335
88.7576,44.4335
88.7576,44.4335
92.4839,43.068
92.4839,43.068
92.4839,43.068
86.6231,43.9458
86.6231,43.9458
86.6231,43.9458
90.1332,45.3553
90.1332,45.3553
90.1332,45.3553
94.1521,44.0827
94.1521,44.0827
94.1521,44.0827
95.0942,44.9255
95.0942,44.9255
95.0942,44.9255
85.709,44.0258
85.709,44.0258
85.709,44.0258
89.4909,45.1845
89.4909,45.1845
89.4909,45.1845
88.3276,44.4722
88.3276,44.4722
88.3276,44.4722
91.6049,44.9475
91.6049,44.9475
91.6049,44.9475
100.3852,43.975
100.3852,43.975
100.3852,43.975
92.3764,45.2584
92.3764,45.2584
92.3764,45.2584
97.5755,44.8946
97.5755,44.8946
97.5755,44.8946
94.2672,43.6225
94.2672,43.6225
94.2672,43.6225
89.6776,44.0013
89.6776,44.0013
89.6776,44.0013
87.5618,44.7906
87.5618,44.7906
87.5618,44.7906
92.213,43.9785
92.213,43.9785
92.213,43.9785
90.9882,44.3745
90.9882,44.3745
90.9882,44.3745
86.5638,44.7772
86.5638,44.7772
86.5638,44.7772
89.9193,45.9522
89.9193,45.9522
89.9193,45.9522
101.7168,44.3795
101.7168,44.3795
101.7168,44.3795
92.0787,43.938
92.0787,43.938
92.0787,43.938
97.681,44.8232
97.681,44.8232
97.681,44.8232
96.0013,44.6983
96.0013,44.6983
96.0013,44.6983
92.0143,44.9407
92.0143,44.9407
92.0143,44.9407
88.2054,44.7509
88.2054,44.7509
88.2054,44.7509
93.1623,43.7402
93.1623,43.7402
93.1623,43.7402
82.5006,44.5804
82.5006,44.5804
82.5006,44.5804
92.8312,44.4162
92.8312,44.4162
92.8312,44.4162
94.8225,45.3291
94.8225,45.3291
94.8225,45.3291
84.4978,44.571
84.4978,44.571
84.4978,44.571
89.9969,44.7559
89.9969,44.7559
89.9969,44.7559
87.482,44.5199
87.482,44.5199
87.482,44.5199
96.8772,44.8215
96.8772,44.8215
96.8772,44.8215
91.8268,44.9131
91.8268,44.9131
91.8268,44.9131
85.7808,44.8866
85.7808,44.8866
85.7808,44.8866
89.6781,44.5866
89.6781,44.5866
89.6781,44.5866
89.6608,43.9122
89.6608,43.9122
89.6608,43.9122
94.361,44.8491
94.361,44.8491
94.361,44.8491
85.3689,44.7915
85.3689,44.7915
85.3689,44.7915
105.7331,44.0197
105.7331,44.0197
105.7331,44.0197
100.5131,43.9596
100.5131,43.9596
100.5131,43.9596
95.6448,43.861
95.6448,43.861
95.6448,43.861
91.5355,45.1801
91.5355,45.1801
91.5355,45.1801
90.6534,43.5672
90.6534,43.5672
90.6534,43.5672
87.6148,43.9649
87.6148,43.9649
87.6148,43.9649
98.9701,43.8351
98.9701,43.8351
98.9701,43.8351
96.9917,43.6473
96.9917,43.6473
96.9917,43.6473
94.1535,43.4502
94.1535,43.4502
94.1535,43.4502
88.7848,44.2277
88.7848,44.2277
88.7848,44.2277
96.8746,45.2203
96.8746,45.2203
96.8746,45.2203
92.7193,44.3644
92.7193,44.3644
92.7193,44.3644
97.4408,43.9243
97.4408,43.9243
97.4408,43.9243
87.1088,45.1825
87.1088,45.1825
87.1088,45.1825
90.7677,43.5622
90.7677,43.5622
90.7677,43.5622
92.0779,45.1303
92.0779,45.1303
92.0779,45.1303
89.1529,45.1041
89.1529,45.1041
89.1529,45.1041
96.8133,44.717
96.8133,44.717
96.8133,44.717
94.0873,44.7672
94.0873,44.7672
94.0873,44.7672
88.9458,43.5614
88.9458,43.5614
88.9458,43.5614
91.17,44.0512
91.17,44.0512
91.17,44.0512
85.1555,43.8054
85.1555,43.8054
85.1555,43.8054
99.3326,44.324
99.3326,44.324
99.3326,44.324
88.7969,44.5696
88.7969,44.5696
88.7969,44.5696
97.5018,44.6982
97.5018,44.6982
97.5018,44.6982
92.1366,43.9232
92.1366,43.9232
92.1366,43.9232
86.4777,44.4746
86.4777,44.4746
86.4777,44.4746
90.7944,43.7258
90.7944,43.7258
90.7944,43.7258
97.1804,45.8479
97.1804,45.8479
97.1804,45.8479
83.23,45.1236
83.23,45.1236
83.23,45.1236
94.8228,44.4125
94.8228,44.4125
94.8228,44.4125
101.0107,44.7137
101.0107,44.7137
101.0107,44.7137
105.826,44.1201
105.826,44.1201
105.826,44.1201
87.7047,43.3969
87.7047,43.3969
87.7047,43.3969
92.7387,46.5828
92.7387,46.5828
92.7387,46.5828
98.6305,43.0533
98.6305,43.0533
98.6305,43.0533
86.2804,44.6639
86.2804,44.6639
86.2804,44.6639
89.7138,43.9572
89.7138,43.9572
89.7138,43.9572
89.2804,45.6942
89.2804,45.6942
89.2804,45.6942
100.2147,44.0222
100.2147,44.0222
100.2147,44.0222
86.7629,44.9026
86.7629,44.9026
86.7629,44.9026
89.1133,45.5378
89.1133,45.5378
89.1133,45.5378
88.5437,44.598
88.5437,44.598
88.5437,44.598
91.6774,43.6649
91.6774,43.6649
91.6774,43.6649
89.636,44.0853
89.636,44.0853
89.636,44.0853
93.7029,44.9097
93.7029,44.9097
93.7029,44.9097
87.4368,45.5052
87.4368,45.5052
87.4368,45.5052
101.4276,45.6606
101.4276,45.6606
101.4276,45.6606
92.5753,43.9853
92.5753,43.9853
92.5753,43.9853
105.2033,43.9777
105.2033,43.9777
105.2033,43.9777
93.0081,43.7525
93.0081,43.7525
93.0081,43.7525
106.9912,43.7303
106.9912,43.7303
106.9912,43.7303
97.7953,44.3069
97.7953,44.3069
97.7953,44.3069
78.8549,44.6232
78.8549,44.6232
78.8549,44.6232
83.5875,46.1231
83.5875,46.1231
83.5875,46.1231
90.9918,45.2424
90.9918,45.2424
90.9918,45.2424
100.9428,45.6809
100.9428,45.6809
100.9428,45.6809
93.1126,44.3461
93.1126,44.3461
93.1126,44.3461
93.5387,44.613
93.5387,44.613
93.5387,44.613
92.167,44.0172
92.167,44.0172
92.167,44.0172
95.7505,43.8453
95.7505,43.8453
95.7505,43.8453
94.8013,45.3051
94.8013,45.3051
94.8013,45.3051
100.8768,45.0881
100.8768,45.0881
100.8768,45.0881
87.6746,44.201
87.6746,44.201
87.6746,44.201
96.6494,45.0181
96.6494,45.0181
96.6494,45.0181
95.4398,44.3284
95.4398,44.3284
95.4398,44.3284
92.0515,44.2987
92.0515,44.2987
92.0515,44.2987
98.6272,44.4744
98.6272,44.4744
98.6272,44.4744
88.5276,44.8132
88.5276,44.8132
88.5276,44.8132
91.6279,44.5818
91.6279,44.5818
91.6279,44.5818
106.1245,43.8651
106.1245,43.8651
106.1245,43.8651
84.4325,44.4776
84.4325,44.4776
84.4325,44.4776
93.7936,45.7975
93.7936,45.7975
93.7936,45.7975
101.5371,45.4587
101.5371,45.4587
101.5371,45.4587
91.3735,43.8071
91.3735,43.8071
91.3735,43.8071
93.6838,44.583
93.6838,44.583
93.6838,44.583
86.9544,45.5629
86.9544,45.5629
86.9544,45.5629
89.675,45.8715
89.675,45.8715
89.675,45.8715
99.1695,44.8068
99.1695,44.8068
99.1695,44.8068
101.09,44.9686
101.09,44.9686
101.09,44.9686
91.154,44.4057
91.154,44.4057
91.154,44.4057
93.6184,44.8574
93.6184,44.8574
93.6184,44.8574
91.2525,44.9552
91.2525,44.9552
91.2525,44.9552
88.5974,43.8262
88.5974,43.8262
88.5974,43.8262
95.1266,44.6507
95.1266,44.6507
95.1266,44.6507
92.2041,45.7645
92.2041,45.7645
92.2041,45.7645
91.1481,44.1294
91.1481,44.1294
91.1481,44.1294
95.5776,45.4207
95.5776,45.4207
95.5776,45.4207
100.4356,43.4588
100.4356,43.4588
100.4356,43.4588
96.774,44.6966
96.774,44.6966
96.774,44.6966
86.7029,44.6433
86.7029,44.6433
86.7029,44.6433
87.1573,44.8043
87.1573,44.8043
87.1573,44.8043
94.5871,44.6846
94.5871,44.6846
94.5871,44.6846
88.3225,43.7284
88.3225,43.7284
88.3225,43.7284
88.4812,45.2441
88.4812,45.2441
88.4812,45.2441
89.0631,44.9288
89.0631,44.9288
89.0631,44.9288
92.7144,44.3618
92.7144,44.3618
92.7144,44.3618
93.2651,43.5469
93.2651,43.5469
93.2651,43.5469
98.7881,46.4552
98.7881,46.4552
98.7881,46.4552
96.3986,44.953
96.3986,44.953
96.3986,44.953
93.234,46.3841
93.234,46.3841
93.234,46.3841
91.7076,45.455
91.7076,45.455
91.7076,45.455
88.857,44.5618
88.857,44.5618
88.857,44.5618
92.9781,44.6717
92.9781,44.6717
92.9781,44.6717
82.3226,43.7302
82.3226,43.7302
82.3226,43.7302
93.9813,43.5221
93.9813,43.5221
93.9813,43.5221
98.0882,44.7819
98.0882,44.7819
98.0882,44.7819
86.311,43.8469
86.311,43.8469
86.311,43.8469
90.5938,44.6426
90.5938,44.6426
90.5938,44.6426
86.7563,45.8392
86.7563,45.8392
86.7563,45.8392
92.5705,44.3339
92.5705,44.3339
92.5705,44.3339
96.8846,44.1386
96.8846,44.1386
96.8846,44.1386
87.9161,43.7383
87.9161,43.7383
87.9161,43.7383
88.9895,45.5716
88.9895,45.5716
88.9895,45.5716
97.5565,45.0832
97.5565,45.0832
97.5565,45.0832
80.3968,44.5055
80.3968,44.5055
80.3968,44.5055
89.5829,46.1367
89.5829,46.1367
89.5829,46.1367
101.7368,44.3366
101.7368,44.3366
101.7368,44.3366
102.8266,44.1068
102.8266,44.1068
102.8266,44.1068
102.713,44.2648
102.713,44.2648
102.713,44.2648
92.2815,45.6025
92.2815,45.6025
92.2815,45.6025
92.529,44.4561
92.529,44.4561
92.529,44.4561
94.0385,44.5245
94.0385,44.5245
94.0385,44.5245
84.4087,44.3036
84.4087,44.3036
84.4087,44.3036
90.3324,45.1935
90.3324,45.1935
90.3324,45.1935
88.1436,45.1074
88.1436,45.1074
88.1436,45.1074
94.272,45.1684
94.272,45.1684
94.272,45.1684
95.3473,44.8581
95.3473,44.8581
95.3473,44.8581
91.6566,45.4192
91.6566,45.4192
91.6566,45.4192
91.0246,44.3799
91.0246,44.3799
91.0246,44.3799
91.1305,45.1906
91.1305,45.1906
91.1305,45.1906
89.0609,44.2612
89.0609,44.2612
89.0609,44.2612
94.304,45.6626
94.304,45.6626
94.304,45.6626
89.6991,44.6745
89.6991,44.6745
89.6991,44.6745
101.0825,44.4471
101.0825,44.4471
101.0825,44.4471
96.7163,44.4304
96.7163,44.4304
96.7163,44.4304
95.6878,43.1073
95.6878,43.1073
95.6878,43.1073
94.2587,44.5585
94.2587,44.5585
94.2587,44.5585
92.8865,44.3277
92.8865,44.3277
92.8865,44.3277
94.7248,44.8874
94.7248,44.8874
94.7248,44.8874
101.3191,43.953
101.3191,43.953
101.3191,43.953
97.1143,45.6382
97.1143,45.6382
97.1143,45.6382
88.6345,44.8141
88.6345,44.8141
88.6345,44.8141
92.2943,44.5124
92.2943,44.5124
92.2943,44.5124
83.4168,44.0469
83.4168,44.0469
83.4168,44.0469
100.1999,44.3907
100.1999,44.3907
100.1999,44.3907
104.2426,43.9991
104.2426,43.9991
104.2426,43.9991
92.2747,43.9275
92.2747,43.9275
92.2747,43.9275
85.6074,43.8174
85.6074,43.8174
85.6074,43.8174
80.239,43.8061
80.239,43.8061
80.239,43.8061
97.1798,43.791
97.1798,43.791
97.1798,43.791
97.2449,44.4232
97.2449,44.4232
97.2449,44.4232
101.8104,44.4165
101.8104,44.4165
101.8104,44.4165
85.2315,45.1425
85.2315,45.1425
85.2315,45.1425
98.6767,44.5351
98.6767,44.5351
98.6767,44.5351
90.9553,44.2522
90.9553,44.2522
90.9553,44.2522
86.7141,44.6905
86.7141,44.6905
86.7141,44.6905
88.4193,44.4631
88.4193,44.4631
88.4193,44.4631
80.1417,46.864
80.1417,46.864
80.1417,46.864
97.3876,45.5887
97.3876,45.5887
97.3876,45.5887
93.3601,46.482
93.3601,46.482
93.3601,46.482
88.7645,43.7644
88.7645,43.7644
88.7645,43.7644
89.7536,45.3324
89.7536,45.3324
89.7536,45.3324
93.2971,44.6193
93.2971,44.6193
93.2971,44.6193
100.3728,45.1467
100.3728,45.1467
100.3728,45.1467
92.1702,45.5216
92.1702,45.5216
92.1702,45.5216
88.6461,45.7125
88.6461,45.7125
88.6461,45.7125
87.5109,44.2957
87.5109,44.2957
87.5109,44.2957
89.2928,44.6632
89.2928,44.6632
89.2928,44.6632
96.9781,44.2798
96.9781,44.2798
96.9781,44.2798
93.0376,44.1159
93.0376,44.1159
93.0376,44.1159
92.0696,44.5702
92.0696,44.5702
92.0696,44.5702
85.9319,44.8517
85.9319,44.8517
85.9319,44.8517
95.4474,44.6296
95.4474,44.6296
95.4474,44.6296
93.267,44.4258
93.267,44.4258
93.267,44.4258
98.2536,44.8152
98.2536,44.8152
98.2536,44.8152
94.1225,44.1679
94.1225,44.1679
94.1225,44.1679
90.52,43.9983
90.52,43.9983
90.52,43.9983
86.0724,44.2144
86.0724,44.2144
86.0724,44.2144
95.8887,45.1236
95.8887,45.1236
95.8887,45.1236
93.2009,44.0372
93.2009,44.0372
93.2009,44.0372
90.6895,45.3473
90.6895,45.3473
90.6895,45.3473
93.3465,43.8051
93.3465,43.8051
93.3465,43.8051
92.3675,44.5518
92.3675,44.5518
92.3675,44.5518
101.4712,43.7546
101.4712,43.7546
101.4712,43.7546
100.3715,44.8938
100.3715,44.8938
100.3715,44.8938
98.2008,45.5864
98.2008,45.5864
98.2008,45.5864
93.6886,45.4333
93.6886,45.4333
93.6886,45.4333
97.3406,45.5349
97.3406,45.5349
97.3406,45.5349
87.2809,45.0529
87.2809,45.0529
87.2809,45.0529
90.9041,45.3322
90.9041,45.3322
90.9041,45.3322
90.3725,45.1841
90.3725,45.1841
90.3725,45.1841
100.5063,43.9678
100.5063,43.9678
100.5063,43.9678
93.5426,44.0595
93.5426,44.0595
93.5426,44.0595
93.1954,45.6257
93.1954,45.6257
93.1954,45.6257
91.7165,45.5826
91.7165,45.5826
91.7165,45.5826
88.8932,45.9096
88.8932,45.9096
88.8932,45.9096
86.1062,44.5105
86.1062,44.5105
86.1062,44.5105
104.7303,45.0753
104.7303,45.0753
104.7303,45.0753
93.3903,44.6959
93.3903,44.6959
93.3903,44.6959
94.2454,44.6181
94.2454,44.6181
94.2454,44.6181
84.3065,45.1069
84.3065,45.1069
84.3065,45.1069
91.4435,44.1254
91.4435,44.1254
91.4435,44.1254
95.8002,45.2237
95.8002,45.2237
95.8002,45.2237
87.5882,44.582
87.5882,44.582
87.5882,44.582
101.7623,45.035
101.7623,45.035
101.7623,45.035
89.6536,42.991
89.6536,42.991
89.6536,42.991
102.0831,44.9359
102.0831,44.9359
102.0831,44.9359
99.0275,45.5728
99.0275,45.5728
99.0275,45.5728
81.1701,44.3188
81.1701,44.3188
81.1701,44.3188
87.9767,44.6344
87.9767,44.6344
87.9767,44.6344
98.5589,44.5997
98.5589,44.5997
98.5589,44.5997
100.4592,44.607
100.4592,44.607
100.4592,44.607
99.3824,44.596
99.3824,44.596
99.3824,44.596
88.321,44.4386
88.321,44.4386
88.321,44.4386
88.2591,44.5634
88.2591,44.5634
88.2591,44.5634
88.6823,45.3751
88.6823,45.3751
88.6823,45.3751
93.1476,44.4943
93.1476,44.4943
93.1476,44.4943
83.4827,43.1258
83.4827,43.1258
83.4827,43.1258
88.9978,44.1991
88.9978,44.1991
88.9978,44.1991
95.1752,44.8645
95.1752,44.8645
95.1752,44.8645
93.1022,45.7252
93.1022,45.7252
93.1022,45.7252
87.6151,44.7729
87.6151,44.7729
87.6151,44.7729
95.7343,44.9217
95.7343,44.9217
95.7343,44.9217
90.222,43.7693
90.222,43.7693
90.222,43.7693
96.0322,43.9261
96.0322,43.9261
96.0322,43.9261
87.5142,44.3848
87.5142,44.3848
87.5142,44.3848
97.0683,45.7156
97.0683,45.7156
97.0683,45.7156
91.7249,44.6122
91.7249,44.6122
91.7249,44.6122
95.6228,43.6999
95.6228,43.6999
95.6228,43.6999
96.9465,44.2831
96.9465,44.2831
96.9465,44.2831
90.7167,46.137
90.7167,46.137
90.7167,46.137
88.0988,44.6841
88.0988,44.6841
88.0988,44.6841
94.8881,43.9076
94.8881,43.9076
94.8881,43.9076
89.1521,44.2991
89.1521,44.2991
89.1521,44.2991
97.6728,45.1835
97.6728,45.1835
97.6728,45.1835
95.6324,43.962
95.6324,43.962
95.6324,43.962
90.0897,43.7322
90.0897,43.7322
90.0897,43.7322
87.6603,44.1393
87.6603,44.1393
87.6603,44.1393
100.8233,45.4394
100.8233,45.4394
100.8233,45.4394
103.1943,44.5469
103.1943,44.5469
103.1943,44.5469
88.1402,44.1214
88.1402,44.1214
88.1402,44.1214
96.0271,45.7636
96.0271,45.7636
96.0271,45.7636
98.7429,44.524
98.7429,44.524
98.7429,44.524
102.7618,44.7869
102.7618,44.7869
102.7618,44.7869
91.2086,44.677
91.2086,44.677
91.2086,44.677
100.6787,44.1075
100.6787,44.1075
100.6787,44.1075
99.7071,45.0806
99.7071,45.0806
99.7071,45.0806
90.226,44.914
90.226,44.914
90.226,44.914
89.6028,44.9368
89.6028,44.9368
89.6028,44.9368
99.5557,44.5613
99.5557,44.5613
99.5557,44.5613
85.9962,43.9841
85.9962,43.9841
85.9962,43.9841
98.3485,44.3438
98.3485,44.3438
98.3485,44.3438
100.8009,44.5852
100.8009,44.5852
100.8009,44.5852
103.8074,44.0645
103.8074,44.0645
103.8074,44.0645
82.5106,44.8637
82.5106,44.8637
82.5106,44.8637
97.4696,43.9943
97.4696,43.9943
97.4696,43.9943
89.2981,45.5175
89.2981,45.5175
89.2981,45.5175
92.1483,45.3797
92.1483,45.3797
92.1483,45.3797
85.8169,45.0521
85.8169,45.0521
85.8169,45.0521
94.8584,45.1186
94.8584,45.1186
94.8584,45.1186
93.1582,43.8553
93.1582,43.8553
93.1582,43.8553
94.9214,45.5916
94.9214,45.5916
94.9214,45.5916
86.9574,44.1091
86.9574,44.1091
86.9574,44.1091
102.7112,45.6263
102.7112,45.6263
102.7112,45.6263
84.114,43.8556
84.114,43.8556
84.114,43.8556
88.7823,44.6103
88.7823,44.6103
88.7823,44.6103
88.7867,44.1237
88.7867,44.1237
88.7867,44.1237
100.6501,45.5744
100.6501,45.5744
100.6501,45.5744
86.0126,44.6573
86.0126,44.6573
86.0126,44.6573
94.9817,44.1034
94.9817,44.1034
94.9817,44.1034
98.1871,45.6522
98.1871,45.6522
98.1871,45.6522
91.0658,44.9016
91.0658,44.9016
91.0658,44.9016
91.8671,44.63
91.8671,44.63
91.8671,44.63
87.2165,44.5787
87.2165,44.5787
87.2165,44.5787
94.8919,43.8929
94.8919,43.8929
94.8919,43.8929
96.7852,44.7437
96.7852,44.7437
96.7852,44.7437
89.5423,44.4956
89.5423,44.4956
89.5423,44.4956
98.5192,43.8999
98.5192,43.8999
98.5192,43.8999
94.6855,44.3497
94.6855,44.3497
94.6855,44.3497
84.5781,44.3745
84.5781,44.3745
84.5781,44.3745
99.6914,45.1566
99.6914,45.1566
99.6914,45.1566
91.1345,44.2555
91.1345,44.2555
91.1345,44.2555
94.3002,44.6878
94.3002,44.6878
94.3002,44.6878
94.8695,44.102
94.8695,44.102
94.8695,44.102
85.2509,43.9008
85.2509,43.9008
85.2509,43.9008
82.8568,44.7697
82.8568,44.7697
82.8568,44.7697
96.3185,43.6483
96.3185,43.6483
96.3185,43.6483
101.3544,43.2194
101.3544,43.2194
101.3544,43.2194
98.9751,46.0156
98.9751,46.0156
98.9751,46.0156
96.8285,45.3347
96.8285,45.3347
96.8285,45.3347
98.7588,44.8593
98.7588,44.8593
98.7588,44.8593
90.2612,43.6804
90.2612,43.6804
90.2612,43.6804
94.3903,44.6244
94.3903,44.6244
94.3903,44.6244
93.5662,44.7711
93.5662,44.7711
93.5662,44.7711
95.5661,44.2512
95.5661,44.2512
95.5661,44.2512
94.5488,45.1209
94.5488,45.1209
94.5488,45.1209
93.712,44.2362
93.712,44.2362
93.712,44.2362
89.7748,45.7298
89.7748,45.7298
89.7748,45.7298
98.1557,44.8662
98.1557,44.8662
98.1557,44.8662
88.2084,46.0975
88.2084,46.0975
88.2084,46.0975
96.9828,44.0211
96.9828,44.0211
96.9828,44.0211
102.1066,45.1736
102.1066,45.1736
102.1066,45.1736
93.6392,44.6196
93.6392,44.6196
93.6392,44.6196
87.0868,43.8065
87.0868,43.8065
87.0868,43.8065
93.1366,45.2361
93.1366,45.2361
93.1366,45.2361
87.0858,44.9879
87.0858,44.9879
87.0858,44.9879
102.5566,46.1931
102.5566,46.1931
102.5566,46.1931
94.1302,45.1625
94.1302,45.1625
94.1302,45.1625
92.5998,44.9546
92.5998,44.9546
92.5998,44.9546
89.5569,43.9628
89.5569,43.9628
89.5569,43.9628
95.8526,44.7879
95.8526,44.7879
95.8526,44.7879
86.5095,45.4157
86.5095,45.4157
86.5095,45.4157
95.0577,44.2822
95.0577,44.2822
95.0577,44.2822
89.4191,44.9274
89.4191,44.9274
89.4191,44.9274
93.3057,44.4066
93.3057,44.4066
93.3057,44.4066
95.7786,45.3818
95.7786,45.3818
95.7786,45.3818
90.7528,45.0939
90.7528,45.0939
90.7528,45.0939
94.2398,43.6242
94.2398,43.6242
94.2398,43.6242
93.7127,43.8147
93.7127,43.8147
93.7127,43.8147
92.2761,45.4683
92.2761,45.4683
92.2761,45.4683
95.8281,45.1043
95.8281,45.1043
95.8281,45.1043
83.5193,44.5841
83.5193,44.5841
83.5193,44.5841
92.0466,44.5777
92.0466,44.5777
92.0466,44.5777
86.5265,45.1644
86.5265,45.1644
86.5265,45.1644
87.989,44.0886
87.989,44.0886
87.989,44.0886
93.4035,45.022
93.4035,45.022
93.4035,45.022
91.9922,45.9713
91.9922,45.9713
91.9922,45.9713
92.6265,44.8077
92.6265,44.8077
92.6265,44.8077
90.7033,45.6388
90.7033,45.6388
90.7033,45.6388
99.6609,44.5238
99.6609,44.5238
99.6609,44.5238
105.6832,44.644
105.6832,44.644
105.6832,44.644
92.506,44.6247
92.506,44.6247
92.506,44.6247
88.9659,45.6523
88.9659,45.6523
88.9659,45.6523
91.2738,43.7201
91.2738,43.7201
91.2738,43.7201
90.5611,45.5751
90.5611,45.5751
90.5611,45.5751
93.7891,44.3487
93.7891,44.3487
93.7891,44.3487
98.5837,45.5072
98.5837,45.5072
98.5837,45.5072
95.9714,44.594
95.9714,44.594
95.9714,44.594
94.0483,45.5692
94.0483,45.5692
94.0483,45.5692
97.8218,43.5257
97.8218,43.5257
97.8218,43.5257
95.5411,44.1454
95.5411,44.1454
95.5411,44.1454
98.9588,44.9737
98.9588,44.9737
98.9588,44.9737
91.8875,43.6833
91.8875,43.6833
91.8875,43.6833
94.945,46.2152
94.945,46.2152
94.945,46.2152
89.7726,44.8571
89.7726,44.8571
89.7726,44.8571
85.7,46.2346
85.7,46.2346
85.7,46.2346
92.8703,44.6392
92.8703,44.6392
92.8703,44.6392
93.4932,44.6157
93.4932,44.6157
93.4932,44.6157
86.6191,45.4553
86.6191,45.4553
86.6191,45.4553
101.6264,45.4927
101.6264,45.4927
101.6264,45.4927
96.3883,44.744
96.3883,44.744
96.3883,44.744
82.0191,44.7632
82.0191,44.7632
82.0191,44.7632
92.0675,44.3454
92.0675,44.3454
92.0675,44.3454
91.3551,45.1612
91.3551,45.1612
91.3551,45.1612
89.3179,44.5893
89.3179,44.5893
89.3179,44.5893
90.411,44.4191
90.411,44.4191
90.411,44.4191
88.5097,45.7015
88.5097,45.7015
88.5097,45.7015
85.0828,45.0687
85.0828,45.0687
85.0828,45.0687
94.5263,44.4305
94.5263,44.4305
94.5263,44.4305
88.9988,44.5654
88.9988,44.5654
88.9988,44.5654
96.9804,44.3532
96.9804,44.3532
96.9804,44.3532
90.4008,44.9872
90.4008,44.9872
90.4008,44.9872
81.9978,44.7977
81.9978,44.7977
81.9978,44.7977
85.2868,44.4715
85.2868,44.4715
85.2868,44.4715
86.0424,44.6523
86.0424,44.6523
86.0424,44.6523
83.9778,43.5195
83.9778,43.5195
83.9778,43.5195
99.6114,44.4797
99.6114,44.4797
99.6114,44.4797
101.0165,45.224
101.0165,45.224
101.0165,45.224
89.9604,44.1979
89.9604,44.1979
89.9604,44.1979
108.5483,43.8295
108.5483,43.8295
108.5483,43.8295
90.6062,43.0665
90.6062,43.0665
90.6062,43.0665
87.0222,44.7463
87.0222,44.7463
87.0222,44.7463
104.4255,44.5237
104.4255,44.5237
104.4255,44.5237
94.9523,45.0209
94.9523,45.0209
94.9523,45.0209
86.0396,43.8474
86.0396,43.8474
86.0396,43.8474
91.1306,45.0972
91.1306,45.0972
91.1306,45.0972
95.3969,44.9894
95.3969,44.9894
95.3969,44.9894
95.5861,45.1113
95.5861,45.1113
95.5861,45.1113
89.8051,44.2273
89.8051,44.2273
89.8051,44.2273
80.3737,45.4915
80.3737,45.4915
80.3737,45.4915
88.9333,44.019
88.9333,44.019
88.9333,44.019
93.263,46.1352
93.263,46.1352
93.263,46.1352
86.6729,44.2333
86.6729,44.2333
86.6729,44.2333
101.591,43.9311
101.591,43.9311
101.591,43.9311
94.1568,44.505
94.1568,44.505
94.1568,44.505
88.2206,45.0005
88.2206,45.0005
88.2206,45.0005
85.438,44.8824
85.438,44.8824
85.438,44.8824
87.8562,44.1881
87.8562,44.1881
87.8562,44.1881
85.6592,45.4144
85.6592,45.4144
85.6592,45.4144
92.9926,45.548
92.9926,45.548
92.9926,45.548
100.5376,44.9645
100.5376,44.9645
100.5376,44.9645
90.5177,44.8298
90.5177,44.8298
90.5177,44.8298
89.2653,45.3607
89.2653,45.3607
89.2653,45.3607
88.6621,44.8887
88.6621,44.8887
88.6621,44.8887
94.033,45.0843
94.033,45.0843
94.033,45.0843
89.2674,44.5022
89.2674,44.5022
89.2674,44.5022
92.0973,44.2922
92.0973,44.2922
92.0973,44.2922
90.8656,44.6108
90.8656,44.6108
90.8656,44.6108
87.5082,45.6996
87.5082,45.6996
87.5082,45.6996
84.0225,44.1775
84.0225,44.1775
84.0225,44.1775
93.5204,44.4132
93.5204,44.4132
93.5204,44.4132
85.1862,43.6117
85.1862,43.6117
85.1862,43.6117
92.9956,45.6466
92.9956,45.6466
92.9956,45.6466
86.481,44.5572
86.481,44.5572
86.481,44.5572
93.3298,45.221
93.3298,45.221
93.3298,45.221
95.7991,44.9776
95.7991,44.9776
95.7991,44.9776
96.6668,44.5712
96.6668,44.5712
96.6668,44.5712
95.0962,44.4425
95.0962,44.4425
95.0962,44.4425
92.3529,45.1439
92.3529,45.1439
92.3529,45.1439
97.5217,44.5062
97.5217,44.5062
97.5217,44.5062
99.7557,45.5453
99.7557,45.5453
99.7557,45.5453
87.7826,44.1894
87.7826,44.1894
87.7826,44.1894
96.5912,44.208
96.5912,44.208
96.5912,44.208
86.7108,43.2047
86.7108,43.2047
86.7108,43.2047
92.7284,44.9474
92.7284,44.9474
92.7284,44.9474
91.7952,43.7816
91.7952,43.7816
91.7952,43.7816
92.2174,44.6651
92.2174,44.6651
92.2174,44.6651
89.2272,44.5023
89.2272,44.5023
89.2272,44.5023
93.8042,44.6165
93.8042,44.6165
93.8042,44.6165
86.1958,44.3968
86.1958,44.3968
86.1958,44.3968
91.6753,44.3212
91.6753,44.3212
91.6753,44.3212
91.3689,44.2899
91.3689,44.2899
91.3689,44.2899
89.3187,43.8596
89.3187,43.8596
89.3187,43.8596
88.2944,45.564
88.2944,45.564
88.2944,45.564
85.8934,44.7057
85.8934,44.7057
85.8934,44.7057
87.6865,44.7974
87.6865,44.7974
87.6865,44.7974
88.1675,43.7667
88.1675,43.7667
88.1675,43.7667
98.3509,44.8995
98.3509,44.8995
98.3509,44.8995
99.5018,44.7486
99.5018,44.7486
99.5018,44.7486
100.9699,46.3449
100.9699,46.3449
100.9699,46.3449
90.6949,45.5892
90.6949,45.5892
90.6949,45.5892
95.8676,44.5244
95.8676,44.5244
95.8676,44.5244
92.4162,43.8598
92.4162,43.8598
92.4162,43.8598
78.4876,44.1926
78.4876,44.1926
78.4876,44.1926
91.6549,43.9965
91.6549,43.9965
91.6549,43.9965
98.1001,44.4191
98.1001,44.4191
98.1001,44.4191
91.4977,45.1532
91.4977,45.1532
91.4977,45.1532
96.8691,44.3036
96.8691,44.3036
96.8691,44.3036
92.7755,44.8417
92.7755,44.8417
92.7755,44.8417
96.5348,44.3559
96.5348,44.3559
96.5348,44.3559
90.623,44.525
90.623,44.525
90.623,44.525
91.3535,45.7289
91.3535,45.7289
91.3535,45.7289
85.5531,44.7114
85.5531,44.7114
85.5531,44.7114
86.4241,44.8617
86.4241,44.8617
86.4241,44.8617
89.1256,45.2097
89.1256,45.2097
89.1256,45.2097
99.7661,44.3399
99.7661,44.3399
99.7661,44.3399
99.4915,44.6635
99.4915,44.6635
99.4915,44.6635
96.924,43.2333
96.924,43.2333
96.924,43.2333
97.3278,43.9554
97.3278,43.9554
97.3278,43.9554
100.321,44.5574
100.321,44.5574
100.321,44.5574
90.4083,43.7495
90.4083,43.7495
90.4083,43.7495
97.6155,44.4649
97.6155,44.4649
97.6155,44.4649
89.4919,44.9965
89.4919,44.9965
89.4919,44.9965
91.7867,45.5414
91.7867,45.5414
91.7867,45.5414
92.5427,45.031
92.5427,45.031
92.5427,45.031
98.1219,44.5886
98.1219,44.5886
98.1219,44.5886
98.3478,45.6598
98.3478,45.6598
98.3478,45.6598
86.2392,45.496
86.2392,45.496
86.2392,45.496
93.2307,45.0201
93.2307,45.0201
93.2307,45.0201
94.4681,44.4252
94.4681,44.4252
94.4681,44.4252
91.8542,44.9808
91.8542,44.9808
91.8542,44.9808
95.9513,44.4242
95.9513,44.4242
95.9513,44.4242
91.0528,45.2866
91.0528,45.2866
91.0528,45.2866
93.2781,44.1611
93.2781,44.1611
93.2781,44.1611
90.4412,45.4014
90.4412,45.4014
90.4412,45.4014
96.1286,45.5978
96.1286,45.5978
96.1286,45.5978
101.2815,44.8587
101.2815,44.8587
101.2815,44.8587
92.9191,45.3887
92.9191,45.3887
92.9191,45.3887
94.1172,44.6327
94.1172,44.6327
94.1172,44.6327
91.8715,44.8452
91.8715,44.8452
91.8715,44.8452
90.6834,44.5996
90.6834,44.5996
90.6834,44.5996
93.6684,45.2319
93.6684,45.2319
93.6684,45.2319
90.6268,44.9986
90.6268,44.9986
90.6268,44.9986
89.5455,44.7149
89.5455,44.7149
89.5455,44.7149
80.9271,44.7254
80.9271,44.7254
80.9271,44.7254
95.9663,44.4028
95.9663,44.4028
95.9663,44.4028
97.3204,44.906
97.3204,44.906
97.3204,44.906
93.7692,43.6453
93.7692,43.6453
93.7692,43.6453
89.465,44.6111
89.465,44.6111
89.465,44.6111
93.951,44.4383
93.951,44.4383
93.951,44.4383
93.9231,44.1684
93.9231,44.1684
93.9231,44.1684
89.2582,45.0714
89.2582,45.0714
89.2582,45.0714
88.5641,44.5511
88.5641,44.5511
88.5641,44.5511
90.8358,45.2386
90.8358,45.2386
90.8358,45.2386
85.5356,44.7574
85.5356,44.7574
85.5356,44.7574
92.4554,45.6558
92.4554,45.6558
92.4554,45.6558
95.8364,44.5975
95.8364,44.5975
95.8364,44.5975
93.4836,44.401
93.4836,44.401
93.4836,44.401
96.0299,45.3714
96.0299,45.3714
96.0299,45.3714
101.6074,45.3057
101.6074,45.3057
101.6074,45.3057
95.2229,44.3249
95.2229,44.3249
95.2229,44.3249
94.1973,44.0439
94.1973,44.0439
94.1973,44.0439
93.6303,45.3375
93.6303,45.3375
93.6303,45.3375
85.6357,45.5012
85.6357,45.5012
85.6357,45.5012
92.4223,45.0655
92.4223,45.0655
92.4223,45.0655
87.0222,44.1672
87.0222,44.1672
87.0222,44.1672
92.8581,43.2653
92.8581,43.2653
92.8581,43.2653
79.2661,45.3739
79.2661,45.3739
79.2661,45.3739
93.1876,44.6458
93.1876,44.6458
93.1876,44.6458
91.3754,45.4839
91.3754,45.4839
91.3754,45.4839
97.5204,46.2695
97.5204,46.2695
97.5204,46.2695
92.0043,45.5104
92.0043,45.5104
92.0043,45.5104
94.3555,43.8467
94.3555,43.8467
94.3555,43.8467
100.3736,44.3969
100.3736,44.3969
100.3736,44.3969
91.9683,45.4148
91.9683,45.4148
91.9683,45.4148
89.0584,44.3059
89.0584,44.3059
89.0584,44.3059
96.6057,44.9777
96.6057,44.9777
96.6057,44.9777
91.5277,44.23
91.5277,44.23
91.5277,44.23
99.0626,44.7614
99.0626,44.7614
99.0626,44.7614
84.7277,44.392
84.7277,44.392
84.7277,44.392
93.9124,44.4126
93.9124,44.4126
93.9124,44.4126
92.5894,45.0689
92.5894,45.0689
92.5894,45.0689
93.8073,43.8312
93.8073,43.8312
93.8073,43.8312
97.1147,44.6915
97.1147,44.6915
97.1147,44.6915
95.7861,43.2764
95.7861,43.2764
95.7861,43.2764
81.2449,43.3457
81.2449,43.3457
81.2449,43.3457
91.8638,44.4274
91.8638,44.4274
91.8638,44.4274
101.0138,45.0862
101.0138,45.0862
101.0138,45.0862
90.7279,44.928
90.7279,44.928
90.7279,44.928
97.7671,44.4592
97.7671,44.4592
97.7671,44.4592
88.5687,45.2928
88.5687,45.2928
88.5687,45.2928
92.6979,44.9188
92.6979,44.9188
92.6979,44.9188
85.3881,45.4359
85.3881,45.4359
85.3881,45.4359
91.6981,44.7901
91.6981,44.7901
91.6981,44.7901
88.9881,45.4348
88.9881,45.4348
88.9881,45.4348
87.6697,44.4751
87.6697,44.4751
87.6697,44.4751
85.6478,45.5789
85.6478,45.5789
85.6478,45.5789
96.4493,45.2992
96.4493,45.2992
96.4493,45.2992
90.0064,44.5385
90.0064,44.5385
90.0064,44.5385
86.4539,45.1203
86.4539,45.1203
86.4539,45.1203
97.3597,44.9834
97.3597,44.9834
97.3597,44.9834
103.0351,44.6235
103.0351,44.6235
103.0351,44.6235
100.7206,44.8005
100.7206,44.8005
100.7206,44.8005
91.6539,45.1467
91.6539,45.1467
91.6539,45.1467
101.0004,45.1717
101.0004,45.1717
101.0004,45.1717
98.3376,43.0703
98.3376,43.0703
98.3376,43.0703
90.5557,44.8229
90.5557,44.8229
90.5557,44.8229
95.375,45.9088
95.375,45.9088
95.375,45.9088
95.2425,43.0627
95.2425,43.0627
95.2425,43.0627
92.0983,43.9535
92.0983,43.9535
92.0983,43.9535
98.096,44.6225
98.096,44.6225
98.096,44.6225
90.704,44.7648
90.704,44.7648
90.704,44.7648
84.8787,44.0542
84.8787,44.0542
84.8787,44.0542
91.8366,44.8878
91.8366,44.8878
91.8366,44.8878
86.3966,43.8159
86.3966,43.8159
86.3966,43.8159
89.2599,44.0033
89.2599,44.0033
89.2599,44.0033
91.3721,44.9535
91.3721,44.9535
91.3721,44.9535
88.9168,45.4702
88.9168,45.4702
88.9168,45.4702
83.5852,44.2818
83.5852,44.2818
83.5852,44.2818
86.436,43.9037
86.436,43.9037
86.436,43.9037
91.0715,43.4508
91.0715,43.4508
91.0715,43.4508
102.6593,45.4241
102.6593,45.4241
102.6593,45.4241
99.4618,44.8445
99.4618,44.8445
99.4618,44.8445
98.9467,44.0334
98.9467,44.0334
98.9467,44.0334
96.6806,45.0943
96.6806,45.0943
96.6806,45.0943
102.3856,45.1784
102.3856,45.1784
102.3856,45.1784
90.1808,43.8956
90.1808,43.8956
90.1808,43.8956
94.4,45.488
94.4,45.488
94.4,45.488
87.1093,44.3398
87.1093,44.3398
87.1093,44.3398
88.3926,43.3496
88.3926,43.3496
88.3926,43.3496
89.3404,43.7557
89.3404,43.7557
89.3404,43.7557
89.7991,46.2814
89.7991,46.2814
89.7991,46.2814
91.9472,44.2684
91.9472,44.2684
91.9472,44.2684
89.592,45.0011
89.592,45.0011
89.592,45.0011
94.4105,44.7811
94.4105,44.7811
94.4105,44.7811
85.3463,44.1674
85.3463,44.1674
85.3463,44.1674
89.8559,44.5225
89.8559,44.5225
89.8559,44.5225
96.2503,44.3948
96.2503,44.3948
96.2503,44.3948
97.2013,45.174
97.2013,45.174
97.2013,45.174
95.0336,44.8201
95.0336,44.8201
95.0336,44.8201
98.0863,43.7933
98.0863,43.7933
98.0863,43.7933
93.2152,46.8327
93.2152,46.8327
93.2152,46.8327
92.0826,45.1921
92.0826,45.1921
92.0826,45.1921
86.413,45.1144
86.413,45.1144
86.413,45.1144
87.6124,44.4363
87.6124,44.4363
87.6124,44.4363
88.8489,45.0596
88.8489,45.0596
88.8489,45.0596
93.3578,44.8731
93.3578,44.8731
93.3578,44.8731
93.2229,45.0167
93.2229,45.0167
93.2229,45.0167
95.1605,45.1203
95.1605,45.1203
95.1605,45.1203
102.1477,45.2316
102.1477,45.2316
102.1477,45.2316
101.8779,44.1277
101.8779,44.1277
101.8779,44.1277
94.8089,44.2675
94.8089,44.2675
94.8089,44.2675
85.3095,44.826
85.3095,44.826
85.3095,44.826
95.0312,44.8088
95.0312,44.8088
95.0312,44.8088
101.4063,44.2241
101.4063,44.2241
101.4063,44.2241
93.1748,43.2914
93.1748,43.2914
93.1748,43.2914
91.6449,43.6294
91.6449,43.6294
91.6449,43.6294
98.4134,45.3311
98.4134,45.3311
98.4134,45.3311
99.8954,44.525
99.8954,44.525
99.8954,44.525
95.6736,44.6445
95.6736,44.6445
95.6736,44.6445
94.5013,43.3416
94.5013,43.3416
94.5013,43.3416
88.8992,45.2813
88.8992,45.2813
88.8992,45.2813
98.4018,43.7412
98.4018,43.7412
98.4018,43.7412
94.629,46.785
94.629,46.785
94.629,46.785
99.544,45.3639
99.544,45.3639
99.544,45.3639
90.8865,44.125
90.8865,44.125
90.8865,44.125
91.534,44.1903
91.534,44.1903
91.534,44.1903
98.6571,45.411
98.6571,45.411
98.6571,45.411
94.1153,45.8374
94.1153,45.8374
94.1153,45.8374
94.8995,44.3379
94.8995,44.3379
94.8995,44.3379
93.212,44.8667
93.212,44.8667
93.212,44.8667
95.0595,45.7396
95.0595,45.7396
95.0595,45.7396
93.7554,45.1776
93.7554,45.1776
93.7554,45.1776
101.1254,45.0549
101.1254,45.0549
101.1254,45.0549
97.9371,43.3521
97.9371,43.3521
97.9371,43.3521
91.4713,44.9394
91.4713,44.9394
91.4713,44.9394
91.2102,44.9974
91.2102,44.9974
91.2102,44.9974
81.697,43.3296
81.697,43.3296
81.697,43.3296
102.0372,45.5142
102.0372,45.5142
102.0372,45.5142
104.4465,44.0931
104.4465,44.0931
104.4465,44.0931
91.0905,44.8219
91.0905,44.8219
91.0905,44.8219
96.8016,43.7947
96.8016,43.7947
96.8016,43.7947
93.4932,44.8286
93.4932,44.8286
93.4932,44.8286
91.4636,43.5241
91.4636,43.5241
91.4636,43.5241
86.2453,44.819
86.2453,44.819
86.2453,44.819
93.8271,43.4183
93.8271,43.4183
93.8271,43.4183
89.5855,43.6081
89.5855,43.6081
89.5855,43.6081
89.9218,44.6473
89.9218,44.6473
89.9218,44.6473
95.7395,43.8334
95.7395,43.8334
95.7395,43.8334
101.1847,44.4293
101.1847,44.4293
101.1847,44.4293
90.3274,44.8939
90.3274,44.8939
90.3274,44.8939
93.0907,45.1988
93.0907,45.1988
93.0907,45.1988
93.486,44.7198
93.486,44.7198
93.486,44.7198
88.0121,44.8583
88.0121,44.8583
88.0121,44.8583
98.3804,44.6317
98.3804,44.6317
98.3804,44.6317
85.0895,44.5468
85.0895,44.5468
85.0895,44.5468
88.4686,44.0713
88.4686,44.0713
88.4686,44.0713
92.6007,45.0677
92.6007,45.0677
92.6007,45.0677
95.1194,44.733
95.1194,44.733
95.1194,44.733
85.5752,44.9412
85.5752,44.9412
85.5752,44.9412
88.3637,44.1699
88.3637,44.1699
88.3637,44.1699
84.99,45.0828
84.99,45.0828
84.99,45.0828
84.9597,44.8983
84.9597,44.8983
84.9597,44.8983
75.0719,45.0409
75.0719,45.0409
75.0719,45.0409
86.4222,44.531
86.4222,44.531
86.4222,44.531
88.8605,45.7854
88.8605,45.7854
88.8605,45.7854
87.2546,45.348
87.2546,45.348
87.2546,45.348
94.3128,45.0899
94.3128,45.0899
94.3128,45.0899
85.0294,44.6685
85.0294,44.6685
85.0294,44.6685
93.3986,43.9499
93.3986,43.9499
93.3986,43.9499
89.3617,43.5369
89.3617,43.5369
89.3617,43.5369
111.2271,44.9723
111.2271,44.9723
111.2271,44.9723
97.8023,44.5865
97.8023,44.5865
97.8023,44.5865
93.1722,44.3089
93.1722,44.3089
93.1722,44.3089
90.1809,44.578
90.1809,44.578
90.1809,44.578
88.5148,45.5812
88.5148,45.5812
88.5148,45.5812
90.5775,44.6167
90.5775,44.6167
90.5775,44.6167
88.6466,44.6989
88.6466,44.6989
88.6466,44.6989
92.7152,44.4029
92.7152,44.4029
92.7152,44.4029
90.163,44.6888
90.163,44.6888
90.163,44.6888
95.9352,46.0443
95.9352,46.0443
95.9352,46.0443
102.6549,44.7628
102.6549,44.7628
102.6549,44.7628
90.9637,43.4621
90.9637,43.4621
90.9637,43.4621
95.1966,43.8339
95.1966,43.8339
95.1966,43.8339
102.4249,44.7824
102.4249,44.7824
102.4249,44.7824
101.1253,44.1833
101.1253,44.1833
101.1253,44.1833
95.4383,44.86
95.4383,44.86
95.4383,44.86
102.9703,44.57
102.9703,44.57
102.9703,44.57
90.4838,43.7303
90.4838,43.7303
90.4838,43.7303
91.3167,44.9565
91.3167,44.9565
91.3167,44.9565
88.6679,44.8067
88.6679,44.8067
88.6679,44.8067
106.3334,44.451
106.3334,44.451
106.3334,44.451
97.7113,44.5591
97.7113,44.5591
97.7113,44.5591
98.7075,45.3855
98.7075,45.3855
98.7075,45.3855
101.1917,44.7132
101.1917,44.7132
101.1917,44.7132
96.0546,44.6325
96.0546,44.6325
96.0546,44.6325
101.029,44.4854
101.029,44.4854
101.029,44.4854
95.0837,44.0178
95.0837,44.0178
95.0837,44.0178
97.2591,44.5248
97.2591,44.5248
97.2591,44.5248
91.2015,45.2785
91.2015,45.2785
91.2015,45.2785
92.7028,43.2677
92.7028,43.2677
92.7028,43.2677
99.3559,43.9297
99.3559,43.9297
99.3559,43.9297
99.634,44.8255
99.634,44.8255
99.634,44.8255
97.0396,44.2382
97.0396,44.2382
97.0396,44.2382
95.9888,44.3662
95.9888,44.3662
95.9888,44.3662
91.6904,45.0182
91.6904,45.0182
91.6904,45.0182
88.8265,45.6489
88.8265,45.6489
88.8265,45.6489
93.0103,44.966
93.0103,44.966
93.0103,44.966
82.989,45.1683
82.989,45.1683
82.989,45.1683
95.877,45.1058
95.877,45.1058
95.877,45.1058
96.514,44.4843
96.514,44.4843
96.514,44.4843
98.8727,45.5952
98.8727,45.5952
98.8727,45.5952
85.843,43.6896
85.843,43.6896
85.843,43.6896
91.016,43.4272
91.016,43.4272
91.016,43.4272
97.18,46.2171
97.18,46.2171
97.18,46.2171
92.6183,44.7553
92.6183,44.7553
92.6183,44.7553
101.8071,44.5784
101.8071,44.5784
101.8071,44.5784
97.0491,44.8436
97.0491,44.8436
97.0491,44.8436
90.099,44.5426
90.099,44.5426
90.099,44.5426
97.4711,45.5156
97.4711,45.5156
97.4711,45.5156
97.5697,45.0071
97.5697,45.0071
97.5697,45.0071
100.8024,45.0426
100.8024,45.0426
100.8024,45.0426
93.354,44.3637
93.354,44.3637
93.354,44.3637
95.0354,43.6481
95.0354,43.6481
95.0354,43.6481
90.5499,45.6006
90.5499,45.6006
90.5499,45.6006
88.9208,45.0779
88.9208,45.0779
88.9208,45.0779
89.8821,45.4811
89.8821,45.4811
89.8821,45.4811
88.6137,44.3231
88.6137,44.3231
88.6137,44.3231
101.3201,45.5265
101.3201,45.5265
101.3201,45.5265
83.4115,44.686
83.4115,44.686
83.4115,44.686
92.946,44.5996
92.946,44.5996
92.946,44.5996
91.3799,44.479
91.3799,44.479
91.3799,44.479
87.5787,44.8818
87.5787,44.8818
87.5787,44.8818
102.0855,44.5785
102.0855,44.5785
102.0855,44.5785
86.8536,43.721
86.8536,43.721
86.8536,43.721
81.2063,45.2078
81.2063,45.2078
81.2063,45.2078
90.7859,43.7315
90.7859,43.7315
90.7859,43.7315
89.2784,45.8166
89.2784,45.8166
89.2784,45.8166
99.3063,44.4036
99.3063,44.4036
99.3063,44.4036
87.6831,44.7959
87.6831,44.7959
87.6831,44.7959
95.6137,43.6366
95.6137,43.6366
95.6137,43.6366
89.3497,45.5169
89.3497,45.5169
89.3497,45.5169
100.0287,45.2942
100.0287,45.2942
100.0287,45.2942
83.6888,44.5057
83.6888,44.5057
83.6888,44.5057
95.96,44.6506
95.96,44.6506
95.96,44.6506
95.4146,44.5616
95.4146,44.5616
95.4146,44.5616
93.6164,44.1304
93.6164,44.1304
93.6164,44.1304
100.9578,44.3599
100.9578,44.3599
100.9578,44.3599
96.1216,45.2059
96.1216,45.2059
96.1216,45.2059
91.2423,44.4915
91.2423,44.4915
91.2423,44.4915
82.6924,44.4974
82.6924,44.4974
82.6924,44.4974
95.6117,45.4346
95.6117,45.4346
95.6117,45.4346
95.1594,44.9405
95.1594,44.9405
95.1594,44.9405
89.7992,45.1685
89.7992,45.1685
89.7992,45.1685
91.4281,43.829
91.4281,43.829
91.4281,43.829
101.3223,44.7663
101.3223,44.7663
101.3223,44.7663
92.1201,44.52
92.1201,44.52
92.1201,44.52
97.7873,45.1968
97.7873,45.1968
97.7873,45.1968
92.6413,44.7847
92.6413,44.7847
92.6413,44.7847
104.5473,44.455
104.5473,44.455
104.5473,44.455
101.0329,45.3942
101.0329,45.3942
101.0329,45.3942
94.2059,43.9982
94.2059,43.9982
94.2059,43.9982
84.3858,44.1264
84.3858,44.1264
84.3858,44.1264
93.7829,44.6312
93.7829,44.6312
93.7829,44.6312
92.9634,44.3042
92.9634,44.3042
92.9634,44.3042
101.1223,43.6921
101.1223,43.6921
101.1223,43.6921
90.6321,44.7074
90.6321,44.7074
90.6321,44.7074
96.2008,44.3746
96.2008,44.3746
96.2008,44.3746
95.0141,45.4878
95.0141,45.4878
95.0141,45.4878
101.2197,43.6658
101.2197,43.6658
101.2197,43.6658
83.9241,44.5944
83.9241,44.5944
83.9241,44.5944
92.1649,43.673
92.1649,43.673
92.1649,43.673
96.429,43.8605
96.429,43.8605
96.429,43.8605
89.3772,43.7567
89.3772,43.7567
89.3772,43.7567
89.4792,44.2266
89.4792,44.2266
89.4792,44.2266
83.4804,44.7287
83.4804,44.7287
83.4804,44.7287
90.8342,44.1405
90.8342,44.1405
90.8342,44.1405
92.9325,45.3174
92.9325,45.3174
92.9325,45.3174
102.075,43.8455
102.075,43.8455
102.075,43.8455
97.3924,45.3869
97.3924,45.3869
97.3924,45.3869
93.9807,43.0976
93.9807,43.0976
93.9807,43.0976
98.3803,43.8772
98.3803,43.8772
98.3803,43.8772
86.8356,44.1936
86.8356,44.1936
86.8356,44.1936
96.2266,44.7591
96.2266,44.7591
96.2266,44.7591
93.7806,45.1083
93.7806,45.1083
93.7806,45.1083
93.7369,46.0601
93.7369,46.0601
93.7369,46.0601
96.0407,45.7114
96.0407,45.7114
96.0407,45.7114
95.7659,44.6978
95.7659,44.6978
95.7659,44.6978
102.1006,45.4124
102.1006,45.4124
102.1006,45.4124
98.8379,44.189
98.8379,44.189
98.8379,44.189
89.0484,43.3595
89.0484,43.3595
89.0484,43.3595
97.0043,45.6023
97.0043,45.6023
97.0043,45.6023
92.8937,44.3154
92.8937,44.3154
92.8937,44.3154
92.2308,44.8046
92.2308,44.8046
92.2308,44.8046
90.5688,45.0787
90.5688,45.0787
90.5688,45.0787
96.043,44.5343
96.043,44.5343
96.043,44.5343
87.4027,44.4965
87.4027,44.4965
87.4027,44.4965
96.3266,45.4927
96.3266,45.4927
96.3266,45.4927
96.0017,44.6553
96.0017,44.6553
96.0017,44.6553
102.8726,44.6842
102.8726,44.6842
102.8726,44.6842
98.6491,45.2956
98.6491,45.2956
98.6491,45.2956
88.7524,44.2447
88.7524,44.2447
88.7524,44.2447
97.2027,44.8659
97.2027,44.8659
97.2027,44.8659
97.4917,43.8052
97.4917,43.8052
97.4917,43.8052
95.5456,46.253
95.5456,46.253
95.5456,46.253
98.9259,44.0355
98.9259,44.0355
98.9259,44.0355
93.3004,44.6728
93.3004,44.6728
93.3004,44.6728
94.8876,45.2753
94.8876,45.2753
94.8876,45.2753
92.3145,45.2171
92.3145,45.2171
92.3145,45.2171
84.8527,45.2147
84.8527,45.2147
84.8527,45.2147
98.8609,44.9002
98.8609,44.9002
98.8609,44.9002
94.3244,44.603
94.3244,44.603
94.3244,44.603
93.3265,44.6066
93.3265,44.6066
93.3265,44.6066
92.7642,45.9097
92.7642,45.9097
92.7642,45.9097
94.8334,44.9733
94.8334,44.9733
94.8334,44.9733
85.6484,44.8482
85.6484,44.8482
85.6484,44.8482
96.9306,46.4372
96.9306,46.4372
96.9306,46.4372
94.7964,44.5351
94.7964,44.5351
94.7964,44.5351
99.9575,44.757
99.9575,44.757
99.9575,44.757
92.1541,43.6623
92.1541,43.6623
92.1541,43.6623
97.0067,44.4306
97.0067,44.4306
97.0067,44.4306
94.6604,44.0275
94.6604,44.0275
94.6604,44.0275
97.7591,45.1562
97.7591,45.1562
97.7591,45.1562
94.7393,43.8317
94.7393,43.8317
94.7393,43.8317
90.0134,45.2062
90.0134,45.2062
90.0134,45.2062
84.9679,44.5826
84.9679,44.5826
84.9679,44.5826
91.6908,44.9161
91.6908,44.9161
91.6908,44.9161
100.4857,44.2543
100.4857,44.2543
100.4857,44.2543
91.8744,45.9329
91.8744,45.9329
91.8744,45.9329
97.1485,44.6568
97.1485,44.6568
97.1485,44.6568
92.3118,45.3041
92.3118,45.3041
92.3118,45.3041
88.4985,44.1197
88.4985,44.1197
88.4985,44.1197
94.9709,45.4172
94.9709,45.4172
94.9709,45.4172
83.5158,45.208
83.5158,45.208
83.5158,45.208
93.4901,44.8776
93.4901,44.8776
93.4901,44.8776
95.4249,44.9764
95.4249,44.9764
95.4249,44.9764
88.9588,44.3137
88.9588,44.3137
88.9588,44.3137
96.7668,44.9915
96.7668,44.9915
96.7668,44.9915
90.6011,45.3771
90.6011,45.3771
90.6011,45.3771
103.6113,44.4523
103.6113,44.4523
103.6113,44.4523
94.2318,43.7895
94.2318,43.7895
94.2318,43.7895
94.5823,44.7795
94.5823,44.7795
94.5823,44.7795
95.2295,44.484
95.2295,44.484
95.2295,44.484
98.8824,45.1172
98.8824,45.1172
98.8824,45.1172
94.0759,44.1762
94.0759,44.1762
94.0759,44.1762
101.6495,45.1495
101.6495,45.1495
101.6495,45.1495
94.7669,44.2384
94.7669,44.2384
94.7669,44.2384
92.2786,44.6171
92.2786,44.6171
92.2786,44.6171
97.2839,44.847
97.2839,44.847
97.2839,44.847
83.0932,45.0697
83.0932,45.0697
83.0932,45.0697
98.2214,44.0657
98.2214,44.0657
98.2214,44.0657
86.1165,44.554
86.1165,44.554
86.1165,44.554
87.5829,45.6392
87.5829,45.6392
87.5829,45.6392
91.6106,44.8873
91.6106,44.8873
91.6106,44.8873
94.9637,45.7169
94.9637,45.7169
94.9637,45.7169
90.8553,43.5283
90.8553,43.5283
90.8553,43.5283
80.6445,43.814
80.6445,43.814
80.6445,43.814
95.115,46.1859
95.115,46.1859
95.115,46.1859
93.8644,45.0646
93.8644,45.0646
93.8644,45.0646
97.3693,44.2243
97.3693,44.2243
97.3693,44.2243
100.0607,44.2914
100.0607,44.2914
100.0607,44.2914
86.6356,45.4172
86.6356,45.4172
86.6356,45.4172
84.9362,44.8552
84.9362,44.8552
84.9362,44.8552
91.9427,44.0517
91.9427,44.0517
91.9427,44.0517
99.0512,44.2253
99.0512,44.2253
99.0512,44.2253
101.8602,44.1997
101.8602,44.1997
101.8602,44.1997
90.8614,44.9935
90.8614,44.9935
90.8614,44.9935
99.9705,45.0548
99.9705,45.0548
99.9705,45.0548
103.6215,45.026
103.6215,45.026
103.6215,45.026
86.5637,45.1858
86.5637,45.1858
86.5637,45.1858
88.6818,45.4799
88.6818,45.4799
88.6818,45.4799
92.0821,45.1286
92.0821,45.1286
92.0821,45.1286
89.9645,44.9068
89.9645,44.9068
89.9645,44.9068
96.1704,44.3285
96.1704,44.3285
96.1704,44.3285
89.6742,44.1687
89.6742,44.1687
89.6742,44.1687
100.3435,44.51
100.3435,44.51
100.3435,44.51
87.9905,46.1681
87.9905,46.1681
87.9905,46.1681
98.1433,46.2354
98.1433,46.2354
98.1433,46.2354
90.6585,44.9035
90.6585,44.9035
90.6585,44.9035
89.8936,44.5117
89.8936,44.5117
89.8936,44.5117
93.2002,45.0796
93.2002,45.0796
93.2002,45.0796
92.4074,45.139
92.4074,45.139
92.4074,45.139
100.2531,44.2623
100.2531,44.2623
100.2531,44.2623
92.9932,44.7828
92.9932,44.7828
92.9932,44.7828
94.0586,45.3268
94.0586,45.3268
94.0586,45.3268
89.343,44.1432
89.343,44.1432
89.343,44.1432
91.2896,44.546
91.2896,44.546
91.2896,44.546
99.8536,44.7045
99.8536,44.7045
99.8536,44.7045
98.8911,44.7662
98.8911,44.7662
98.8911,44.7662
87.8916,43.3537
87.8916,43.3537
87.8916,43.3537
90.6048,45.3775
90.6048,45.3775
90.6048,45.3775
92.7485,44.9985
92.7485,44.9985
92.7485,44.9985
94.1049,44.6202
94.1049,44.6202
94.1049,44.6202
92.8919,44.3728
92.8919,44.3728
92.8919,44.3728
97.7767,44.4588
97.7767,44.4588
97.7767,44.4588
98.5693,44.6097
98.5693,44.6097
98.5693,44.6097
94.3406,45.3046
94.3406,45.3046
94.3406,45.3046
84.0462,46.0325
84.0462,46.0325
84.0462,46.0325
98.112,45.541
98.112,45.541
98.112,45.541
90.8708,44.0372
90.8708,44.0372
90.8708,44.0372
89.6482,44.5582
89.6482,44.5582
89.6482,44.5582
94.0201,44.0192
94.0201,44.0192
94.0201,44.0192
93.7258,45.2268
93.7258,45.2268
93.7258,45.2268
81.8843,45.6324
81.8843,45.6324
81.8843,45.6324
90.4478,45.9721
90.4478,45.9721
90.4478,45.9721
94.7269,44.6515
94.7269,44.6515
94.7269,44.6515
94.8153,44.2604
94.8153,44.2604
94.8153,44.2604
92.4651,44.9982
92.4651,44.9982
92.4651,44.9982
85.5843,45.1844
85.5843,45.1844
85.5843,45.1844
98.5643,43.9133
98.5643,43.9133
98.5643,43.9133
92.4343,45.0691
92.4343,45.0691
92.4343,45.0691
97.8129,43.9509
97.8129,43.9509
97.8129,43.9509
96.8744,44.4618
96.8744,44.4618
96.8744,44.4618
90.3724,44.5493
90.3724,44.5493
90.3724,44.5493
95.5041,44.0692
95.5041,44.0692
95.5041,44.0692
102.6225,45.446
102.6225,45.446
102.6225,45.446
102.0473,43.7962
102.0473,43.7962
102.0473,43.7962
91.4363,44.4066
91.4363,44.4066
91.4363,44.4066
97.2564,44.84
97.2564,44.84
97.2564,44.84
93.598,44.5807
93.598,44.5807
93.598,44.5807
87.4154,45.3645
87.4154,45.3645
87.4154,45.3645
90.4474,43.3372
90.4474,43.3372
90.4474,43.3372
96.7254,44.2365
96.7254,44.2365
96.7254,44.2365
91.262,45.0622
91.262,45.0622
91.262,45.0622
89.9054,44.8505
89.9054,44.8505
89.9054,44.8505
92.0761,44.6057
92.0761,44.6057
92.0761,44.6057
89.8149,43.7051
89.8149,43.7051
89.8149,43.7051
88.3297,44.5576
88.3297,44.5576
88.3297,44.5576
92.9166,43.1898
92.9166,43.1898
92.9166,43.1898
89.3628,45.7524
89.3628,45.7524
89.3628,45.7524
86.6935,44.8389
86.6935,44.8389
86.6935,44.8389
84.9219,45.2295
84.9219,45.2295
84.9219,45.2295
89.2061,44.901
89.2061,44.901
89.2061,44.901
92.6953,45.0015
92.6953,45.0015
92.6953,45.0015
89.8589,44.7736
89.8589,44.7736
89.8589,44.7736
98.67,45.601
98.67,45.601
98.67,45.601
91.2351,44.8377
91.2351,44.8377
91.2351,44.8377
81.7102,44.7589
81.7102,44.7589
81.7102,44.7589
91.1918,44.5144
91.1918,44.5144
91.1918,44.5144
94.0151,43.8751
94.0151,43.8751
94.0151,43.8751
91.4131,44.7235
91.4131,44.7235
91.4131,44.7235
97.2402,44.8463
97.2402,44.8463
97.2402,44.8463
79.8418,45.6772
79.8418,45.6772
79.8418,45.6772
93.4087,44.6228
93.4087,44.6228
93.4087,44.6228
92.5424,44.5012
92.5424,44.5012
92.5424,44.5012
96.3941,44.6245
96.3941,44.6245
96.3941,44.6245
92.3852,43.9714
92.3852,43.9714
92.3852,43.9714
95.4452,44.455
95.4452,44.455
95.4452,44.455
105.0071,44.2285
105.0071,44.2285
105.0071,44.2285
88.7637,44.9102
88.7637,44.9102
88.7637,44.9102
93.1775,44.7282
93.1775,44.7282
93.1775,44.7282
84.3094,45.7498
84.3094,45.7498
84.3094,45.7498
87.224,44.352
87.224,44.352
87.224,44.352
91.7873,45.4852
91.7873,45.4852
91.7873,45.4852
95.852,45.0315
95.852,45.0315
95.852,45.0315
92.1116,43.5494
92.1116,43.5494
92.1116,43.5494
87.4192,44.4416
87.4192,44.4416
87.4192,44.4416
96.6403,44.7915
96.6403,44.7915
96.6403,44.7915
90.2277,44.8756
90.2277,44.8756
90.2277,44.8756
93.3423,44.914
93.3423,44.914
93.3423,44.914
95.4137,44.3018
95.4137,44.3018
95.4137,44.3018
93.7522,44.5826
93.7522,44.5826
93.7522,44.5826
96.9798,44.3342
96.9798,44.3342
96.9798,44.3342
93.5181,45.3501
93.5181,45.3501
93.5181,45.3501
85.4685,44.7453
85.4685,44.7453
85.4685,44.7453
88.5917,44.2866
88.5917,44.2866
88.5917,44.2866
85.7873,44.3379
85.7873,44.3379
85.7873,44.3379
81.9819,45.4075
81.9819,45.4075
81.9819,45.4075
85.0886,44.9695
85.0886,44.9695
85.0886,44.9695
91.2622,45.8346
91.2622,45.8346
91.2622,45.8346
97.1951,46.001
97.1951,46.001
97.1951,46.001
84.9958,44.0688
84.9958,44.0688
84.9958,44.0688
86.6353,45.2402
86.6353,45.2402
86.6353,45.2402
84.9999,44.3916
84.9999,44.3916
84.9999,44.3916
86.9746,44.4693
86.9746,44.4693
86.9746,44.4693
98.6447,44.9813
98.6447,44.9813
98.6447,44.9813
91.228,45.1404
91.228,45.1404
91.228,45.1404
95.3805,44.0413
95.3805,44.0413
95.3805,44.0413
98.7049,43.8426
98.7049,43.8426
98.7049,43.8426
87.6616,45.3517
87.6616,45.3517
87.6616,45.3517
107.315,46.1423
107.315,46.1423
107.315,46.1423
89.3546,45.4884
89.3546,45.4884
89.3546,45.4884
85.4632,43.4139
85.4632,43.4139
85.4632,43.4139
88.2524,44.0675
88.2524,44.0675
88.2524,44.0675
82.481,44.94
82.481,44.94
82.481,44.94
91.3624,43.8262
91.3624,43.8262
91.3624,43.8262
91.164,45.3609
91.164,45.3609
91.164,45.3609
91.7106,44.0338
91.7106,44.0338
91.7106,44.0338
89.5489,45.4528
89.5489,45.4528
89.5489,45.4528
88.1964,44.393
88.1964,44.393
88.1964,44.393
91.0001,44.8433
91.0001,44.8433
91.0001,44.8433
86.5601,44.6055
86.5601,44.6055
86.5601,44.6055
92.1948,44.9707
92.1948,44.9707
92.1948,44.9707
98.0199,44.9038
98.0199,44.9038
98.0199,44.9038
94.8809,44.815
94.8809,44.815
94.8809,44.815
88.0772,44.8183
88.0772,44.8183
88.0772,44.8183
110.9366,44.8331
110.9366,44.8331
110.9366,44.8331
93.0661,44.9514
93.0661,44.9514
93.0661,44.9514
90.5656,44.7531
90.5656,44.7531
90.5656,44.7531
81.1219,43.7087
81.1219,43.7087
81.1219,43.7087
90.465,44.9438
90.465,44.9438
90.465,44.9438
95.7164,43.5969
95.7164,43.5969
95.7164,43.5969
92.4849,44.5044
92.4849,44.5044
92.4849,44.5044
100.805,45.0224
100.805,45.0224
100.805,45.0224
84.3831,43.576
84.3831,43.576
84.3831,43.576
85.652,44.3346
85.652,44.3346
85.652,44.3346
94.7464,43.015
94.7464,43.015
94.7464,43.015
88.6517,44.3716
88.6517,44.3716
88.6517,44.3716
86.1889,43.3384
86.1889,43.3384
86.1889,43.3384
87.7784,44.4217
87.7784,44.4217
87.7784,44.4217
94.743,45.4828
94.743,45.4828
94.743,45.4828
93.7699,44.4436
93.7699,44.4436
93.7699,44.4436
82.3625,44.1029
82.3625,44.1029
82.3625,44.1029
91.5207,43.7329
91.5207,43.7329
91.5207,43.7329
90.0051,44.799
90.0051,44.799
90.0051,44.799
97.8545,44.7721
97.8545,44.7721
97.8545,44.7721
96.2064,45.3226
96.2064,45.3226
96.2064,45.3226
102.6052,44.7231
102.6052,44.7231
102.6052,44.7231
89.7141,45.6306
89.7141,45.6306
89.7141,45.6306
94.8925,45.0272
94.8925,45.0272
94.8925,45.0272
97.3342,44.435
97.3342,44.435
97.3342,44.435
97.8549,44.7442
97.8549,44.7442
97.8549,44.7442
93.6669,44.9497
93.6669,44.9497
93.6669,44.9497
99.6531,44.2749
99.6531,44.2749
99.6531,44.2749
96.9387,45.6325
96.9387,45.6325
96.9387,45.6325
103.9292,43.4275
103.9292,43.4275
103.9292,43.4275
85.9786,45.0457
85.9786,45.0457
85.9786,45.0457
87.2724,44.7147
87.2724,44.7147
87.2724,44.7147
86.9122,44.4819
86.9122,44.4819
86.9122,44.4819
102.1681,44.8236
102.1681,44.8236
102.1681,44.8236
98.1317,45.2178
98.1317,45.2178
98.1317,45.2178
93.5877,43.9016
93.5877,43.9016
93.5877,43.9016
91.1952,44.2563
91.1952,44.2563
91.1952,44.2563
92.5713,43.7194
92.5713,43.7194
92.5713,43.7194
98.7822,45.0076
98.7822,45.0076
98.7822,45.0076
91.8743,44.8123
91.8743,44.8123
91.8743,44.8123
95.2581,43.4324
95.2581,43.4324
95.2581,43.4324
95.8104,45.1064
95.8104,45.1064
95.8104,45.1064
101.5384,45.3528
101.5384,45.3528
101.5384,45.3528
87.2106,44.2773
87.2106,44.2773
87.2106,44.2773
102.0212,45.8047
102.0212,45.8047
102.0212,45.8047
93.5822,43.9502
93.5822,43.9502
93.5822,43.9502
92.4013,44.7691
92.4013,44.7691
92.4013,44.7691
96.486,45.5168
96.486,45.5168
96.486,45.5168
95.6042,45.4542
95.6042,45.4542
95.6042,45.4542
91.8143,44.6961
91.8143,44.6961
91.8143,44.6961
99.7002,44.641
99.7002,44.641
99.7002,44.641
98.2443,44.5545
98.2443,44.5545
98.2443,44.5545
80.8143,45.4133
80.8143,45.4133
80.8143,45.4133
87.0376,45.7566
87.0376,45.7566
87.0376,45.7566
86.6124,43.7603
86.6124,43.7603
86.6124,43.7603
88.3917,45.3233
88.3917,45.3233
88.3917,45.3233
77.2787,44.7336
77.2787,44.7336
77.2787,44.7336
101.3876,46.1438
101.3876,46.1438
101.3876,46.1438
90.9947,44.3847
90.9947,44.3847
90.9947,44.3847
99.84,43.877
99.84,43.877
99.84,43.877
95.7162,44.4478
95.7162,44.4478
95.7162,44.4478
85.7881,44.4379
85.7881,44.4379
85.7881,44.4379
91.1715,45.3176
91.1715,45.3176
91.1715,45.3176
91.6605,45.6509
91.6605,45.6509
91.6605,45.6509
83.996,44.5642
83.996,44.5642
83.996,44.5642
92.6977,43.7392
92.6977,43.7392
92.6977,43.7392
97.0847,44.7548
97.0847,44.7548
97.0847,44.7548
88.0662,44.7922
88.0662,44.7922
88.0662,44.7922
98.4511,45.0759
98.4511,45.0759
98.4511,45.0759
83.1669,44.86
83.1669,44.86
83.1669,44.86
94.7058,43.7683
94.7058,43.7683
94.7058,43.7683
94.2059,44.8417
94.2059,44.8417
94.2059,44.8417
84.7457,43.9017
84.7457,43.9017
84.7457,43.9017
88.942,45.3879
88.942,45.3879
88.942,45.3879
91.5559,44.25
91.5559,44.25
91.5559,44.25
98.7365,45.084
98.7365,45.084
98.7365,45.084
93.0748,45.2407
93.0748,45.2407
93.0748,45.2407
93.8556,44.8664
93.8556,44.8664
93.8556,44.8664
99.6518,44.3558
99.6518,44.3558
99.6518,44.3558
82.7127,44.4694
82.7127,44.4694
82.7127,44.4694
88.5415,45.391
88.5415,45.391
88.5415,45.391
87.0006,45.181
87.0006,45.181
87.0006,45.181
83.1865,44.1422
83.1865,44.1422
83.1865,44.1422
84.9444,44.6921
84.9444,44.6921
84.9444,44.6921
103.5611,44.9842
103.5611,44.9842
103.5611,44.9842
97.8326,44.8135
97.8326,44.8135
97.8326,44.8135
97.7341,44.2405
97.7341,44.2405
97.7341,44.2405
102.0976,44.3023
102.0976,44.3023
102.0976,44.3023
94.3408,45.6667
94.3408,45.6667
94.3408,45.6667
86.1797,44.2076
86.1797,44.2076
86.1797,44.2076
101.551,43.4701
101.551,43.4701
101.551,43.4701
90.3479,43.6146
90.3479,43.6146
90.3479,43.6146
81.884,44.5946
81.884,44.5946
81.884,44.5946
100.8921,44.9329
100.8921,44.9329
100.8921,44.9329
102.3788,43.537
102.3788,43.537
102.3788,43.537
85.464,43.5542
85.464,43.5542
85.464,43.5542
103.1523,44.9879
103.1523,44.9879
103.1523,44.9879
99.0876,44.4128
99.0876,44.4128
99.0876,44.4128
84.5219,45.0315
84.5219,45.0315
84.5219,45.0315
87.6269,45.2731
87.6269,45.2731
87.6269,45.2731
89.6409,45.204
89.6409,45.204
89.6409,45.204
89.0801,44.6893
89.0801,44.6893
89.0801,44.6893
93.5199,43.9648
93.5199,43.9648
93.5199,43.9648
81.4803,44.9698
81.4803,44.9698
81.4803,44.9698
86.2976,45.0209
86.2976,45.0209
86.2976,45.0209
87.2732,44.8017
87.2732,44.8017
87.2732,44.8017
79.7149,44.8553
79.7149,44.8553
79.7149,44.8553
97.5893,43.763
97.5893,43.763
97.5893,43.763
99.9832,44.1629
99.9832,44.1629
99.9832,44.1629
95.8884,44.85
95.8884,44.85
95.8884,44.85
85.6316,44.8066
85.6316,44.8066
85.6316,44.8066
102.4165,44.9049
102.4165,44.9049
102.4165,44.9049
95.1012,45.137
95.1012,45.137
95.1012,45.137
93.2391,43.576
93.2391,43.576
93.2391,43.576
96.2755,43.3704
96.2755,43.3704
96.2755,43.3704
87.5584,44.3111
87.5584,44.3111
87.5584,44.3111
87.7806,44.7014
87.7806,44.7014
87.7806,44.7014
96.8003,44.8648
96.8003,44.8648
96.8003,44.8648
101.7107,44.2121
101.7107,44.2121
101.7107,44.2121
100.2848,43.9846
100.2848,43.9846
100.2848,43.9846
95.5445,44.9238
95.5445,44.9238
95.5445,44.9238
102.4527,44.7463
102.4527,44.7463
102.4527,44.7463
92.8528,44.7979
92.8528,44.7979
92.8528,44.7979
92.6058,45.0037
92.6058,45.0037
92.6058,45.0037
87.8199,44.4034
87.8199,44.4034
87.8199,44.4034
81.2498,45.018
81.2498,45.018
81.2498,45.018
84.4363,43.8368
84.4363,43.8368
84.4363,43.8368
85.0573,45.9181
85.0573,45.9181
85.0573,45.9181
86.8832,43.7581
86.8832,43.7581
86.8832,43.7581
107.8324,46.3073
107.8324,46.3073
107.8324,46.3073
93.8987,45.8903
93.8987,45.8903
93.8987,45.8903
94.2718,45.0581
94.2718,45.0581
94.2718,45.0581
92.1972,43.6284
92.1972,43.6284
92.1972,43.6284
95.8382,44.2292
95.8382,44.2292
95.8382,44.2292
92.5164,45.2435
92.5164,45.2435
92.5164,45.2435
82.6598,44.2235
82.6598,44.2235
82.6598,44.2235
100.5079,45.8626
100.5079,45.8626
100.5079,45.8626
93.8433,43.8747
93.8433,43.8747
93.8433,43.8747
91.7299,44.7302
91.7299,44.7302
91.7299,44.7302
83.7863,44.9969
83.7863,44.9969
83.7863,44.9969
96.1911,45.1321
96.1911,45.1321
96.1911,45.1321
83.1605,44.535
83.1605,44.535
83.1605,44.535
97.6314,45.2894
97.6314,45.2894
97.6314,45.2894
87.8084,44.2731
87.8084,44.2731
87.8084,44.2731
95.064,44.9166
95.064,44.9166
95.064,44.9166
91.8819,45.3216
91.8819,45.3216
91.8819,45.3216
92.766,43.6595
92.766,43.6595
92.766,43.6595
91.3053,44.7758
91.3053,44.7758
91.3053,44.7758
99.8827,45.2314
99.8827,45.2314
99.8827,45.2314
96.0751,44.3424
96.0751,44.3424
96.0751,44.3424
95.7593,44.663
95.7593,44.663
95.7593,44.663
88.3682,43.9493
88.3682,43.9493
88.3682,43.9493
91.044,44.6024
91.044,44.6024
91.044,44.6024
92.1246,44.0364
92.1246,44.0364
92.1246,44.0364
93.0264,44.3035
93.0264,44.3035
93.0264,44.3035
92.559,43.4633
92.559,43.4633
92.559,43.4633
93.9597,45.3494
93.9597,45.3494
93.9597,45.3494
88.5228,43.8556
88.5228,43.8556
88.5228,43.8556
100.1796,43.9463
100.1796,43.9463
100.1796,43.9463
95.8516,44.6829
95.8516,44.6829
95.8516,44.6829
97.7974,43.6525
97.7974,43.6525
97.7974,43.6525
95.6825,45.1583
95.6825,45.1583
95.6825,45.1583
91.0582,45.5197
91.0582,45.5197
91.0582,45.5197
91.5102,44.2872
91.5102,44.2872
91.5102,44.2872
98.8341,45.4262
98.8341,45.4262
98.8341,45.4262
97.6906,44.3441
97.6906,44.3441
97.6906,44.3441
86.914,45.1858
86.914,45.1858
86.914,45.1858
92.1705,43.8434
92.1705,43.8434
92.1705,43.8434
89.5373,43.9542
89.5373,43.9542
89.5373,43.9542
94.5389,44.8482
94.5389,44.8482
94.5389,44.8482
93.2666,44.8439
93.2666,44.8439
93.2666,44.8439
93.1821,45.9265
93.1821,45.9265
93.1821,45.9265
97.0212,45.3099
97.0212,45.3099
97.0212,45.3099
90.2097,44.0793
90.2097,44.0793
90.2097,44.0793
98.575,44.1119
98.575,44.1119
98.575,44.1119
99.6785,44.7501
99.6785,44.7501
99.6785,44.7501
93.8803,44.803
93.8803,44.803
93.8803,44.803
90.9394,45.2062
90.9394,45.2062
90.9394,45.2062
90.0578,45.6071
90.0578,45.6071
90.0578,45.6071
95.7896,45.6684
95.7896,45.6684
95.7896,45.6684
93.7267,45.2725
93.7267,45.2725
93.7267,45.2725
96.1361,43.863
96.1361,43.863
96.1361,43.863
95.0314,44.8225
95.0314,44.8225
95.0314,44.8225
97.0576,45.0967
97.0576,45.0967
97.0576,45.0967
92.9296,44.4649
92.9296,44.4649
92.9296,44.4649
106.1347,45.133
106.1347,45.133
106.1347,45.133
96.8133,44.0701
96.8133,44.0701
96.8133,44.0701
95.5862,45.0605
95.5862,45.0605
95.5862,45.0605
85.1828,44.232
85.1828,44.232
85.1828,44.232
96.3644,45.7751
96.3644,45.7751
96.3644,45.7751
88.6194,45.336
88.6194,45.336
88.6194,45.336
86.6564,43.6438
86.6564,43.6438
86.6564,43.6438
92.5243,44.8233
92.5243,44.8233
92.5243,44.8233
83.0793,43.8098
83.0793,43.8098
83.0793,43.8098
84.9563,44.3084
84.9563,44.3084
84.9563,44.3084
89.1495,44.2853
89.1495,44.2853
89.1495,44.2853
89.4158,44.5252
89.4158,44.5252
89.4158,44.5252
92.828,44.8413
92.828,44.8413
92.828,44.8413
97.1874,44.6254
97.1874,44.6254
97.1874,44.6254
95.2781,45.6701
95.2781,45.6701
95.2781,45.6701
92.0172,45.6268
92.0172,45.6268
92.0172,45.6268
82.0382,45.3568
82.0382,45.3568
82.0382,45.3568
96.5568,44.597
96.5568,44.597
96.5568,44.597
90.4472,44.2361
90.4472,44.2361
90.4472,44.2361
90.1454,45.3918
90.1454,45.3918
90.1454,45.3918
94.2279,45.6285
94.2279,45.6285
94.2279,45.6285
85.902,44.2795
85.902,44.2795
85.902,44.2795
90.359,44.5159
90.359,44.5159
90.359,44.5159
90.4298,44.4283
90.4298,44.4283
90.4298,44.4283
90.2175,44.7755
90.2175,44.7755
90.2175,44.7755
93.7411,44.6651
93.7411,44.6651
93.7411,44.6651
97.3065,44.5913
97.3065,44.5913
97.3065,44.5913
101.3384,44.8214
101.3384,44.8214
101.3384,44.8214
88.4713,45.0759
88.4713,45.0759
88.4713,45.0759
84.8782,44.2158
84.8782,44.2158
84.8782,44.2158
100.8648,44.9497
100.8648,44.9497
100.8648,44.9497
98.9752,43.1157
98.9752,43.1157
98.9752,43.1157
86.4485,43.6904
86.4485,43.6904
86.4485,43.6904
87.0211,45.5533
87.0211,45.5533
87.0211,45.5533
92.2813,45.1819
92.2813,45.1819
92.2813,45.1819
92.6331,45.1253
92.6331,45.1253
92.6331,45.1253
85.4562,45.0715
85.4562,45.0715
85.4562,45.0715
84.9406,44.9447
84.9406,44.9447
84.9406,44.9447
96.3843,45.5465
96.3843,45.5465
96.3843,45.5465
99.1173,45.3018
99.1173,45.3018
99.1173,45.3018
100.0065,45.8893
100.0065,45.8893
100.0065,45.8893
83.8418,45.0614
83.8418,45.0614
83.8418,45.0614
101.0466,43.1983
101.0466,43.1983
101.0466,43.1983
87.6249,43.8772
87.6249,43.8772
87.6249,43.8772
85.8937,44.7691
85.8937,44.7691
85.8937,44.7691
105.6907,44.4866
105.6907,44.4866
105.6907,44.4866
92.9533,45.2974
92.9533,45.2974
92.9533,45.2974
88.3991,44.298
88.3991,44.298
88.3991,44.298
86.2374,44.0372
86.2374,44.0372
86.2374,44.0372
96.2574,44.155
96.2574,44.155
96.2574,44.155
92.8656,45.6896
92.8656,45.6896
92.8656,45.6896
92.9435,44.4097
92.9435,44.4097
92.9435,44.4097
102.6399,45.7478
102.6399,45.7478
102.6399,45.7478
90.6025,45.0028
90.6025,45.0028
90.6025,45.0028
87.9301,44.3022
87.9301,44.3022
87.9301,44.3022
88.8416,44.7294
88.8416,44.7294
88.8416,44.7294
92.1904,44.4932
92.1904,44.4932
92.1904,44.4932
82.2172,44.3658
82.2172,44.3658
82.2172,44.3658
95.4881,45.3357
95.4881,45.3357
95.4881,45.3357
93.7698,44.4971
93.7698,44.4971
93.7698,44.4971
89.095,45.0267
89.095,45.0267
89.095,45.0267
85.7253,44.2369
85.7253,44.2369
85.7253,44.2369
96.515,45.2391
96.515,45.2391
96.515,45.2391
86.6671,45.0745
86.6671,45.0745
86.6671,45.0745
90.5602,44.4358
90.5602,44.4358
90.5602,44.4358
97.1077,45.3075
97.1077,45.3075
97.1077,45.3075
104.5511,44.3776
104.5511,44.3776
104.5511,44.3776
84.5442,45.003
84.5442,45.003
84.5442,45.003
86.557,45.1256
86.557,45.1256
86.557,45.1256
88.4503,44.7006
88.4503,44.7006
88.4503,44.7006
86.2194,44.7236
86.2194,44.7236
86.2194,44.7236
90.3868,45.1819
90.3868,45.1819
90.3868,45.1819
95.4674,44.8274
95.4674,44.8274
95.4674,44.8274
87.3468,43.6498
87.3468,43.6498
87.3468,43.6498
97.6851,44.6545
97.6851,44.6545
97.6851,44.6545
88.6052,44.2475
88.6052,44.2475
88.6052,44.2475
93.7171,44.5272
93.7171,44.5272
93.7171,44.5272
94.7327,44.5789
94.7327,44.5789
94.7327,44.5789
96.0432,44.9671
96.0432,44.9671
96.0432,44.9671
95.7159,46.4429
95.7159,46.4429
95.7159,46.4429
92.5775,43.9903
92.5775,43.9903
92.5775,43.9903
98.0433,43.7114
98.0433,43.7114
98.0433,43.7114
86.3382,44.9221
86.3382,44.9221
86.3382,44.9221
95.5301,44.2401
95.5301,44.2401
95.5301,44.2401
99.3436,45.3383
99.3436,45.3383
99.3436,45.3383
91.0933,44.3049
91.0933,44.3049
91.0933,44.3049
95.0446,44.9275
95.0446,44.9275
95.0446,44.9275
99.8305,44.7621
99.8305,44.7621
99.8305,44.7621
94.4504,45.4155
94.4504,45.4155
94.4504,45.4155
94.9389,44.4308
94.9389,44.4308
94.9389,44.4308
87.4056,45.9486
87.4056,45.9486
87.4056,45.9486
86.7722,45.1157
86.7722,45.1157
86.7722,45.1157
85.1925,43.9253
85.1925,43.9253
85.1925,43.9253
90.1553,44.7833
90.1553,44.7833
90.1553,44.7833
101.6082,44.3857
101.6082,44.3857
101.6082,44.3857
92.8252,45.2546
92.8252,45.2546
92.8252,45.2546
90.0459,43.2516
90.0459,43.2516
90.0459,43.2516
89.7527,45.6814
89.7527,45.6814
89.7527,45.6814
90.5441,44.0057
90.5441,44.0057
90.5441,44.0057
85.4954,44.4103
85.4954,44.4103
85.4954,44.4103
97.8106,45.1013
97.8106,45.1013
97.8106,45.1013
83.5695,44.7904
83.5695,44.7904
83.5695,44.7904
89.6494,44.263
89.6494,44.263
89.6494,44.263
94.4392,45.2794
94.4392,45.2794
94.4392,45.2794
92.2528,45.2331
92.2528,45.2331
92.2528,45.2331
95.1178,44.8982
95.1178,44.8982
95.1178,44.8982
96.5649,45.2603
96.5649,45.2603
96.5649,45.2603
98.0198,43.8601
98.0198,43.8601
98.0198,43.8601
94.5136,44.5217
94.5136,44.5217
94.5136,44.5217
88.467,44.9805
88.467,44.9805
88.467,44.9805
93.2925,46.321
93.2925,46.321
93.2925,46.321
93.7551,44.5603
93.7551,44.5603
93.7551,44.5603
92.6586,45.0625
92.6586,45.0625
92.6586,45.0625
91.1087,44.0299
91.1087,44.0299
91.1087,44.0299
89.2228,45.4924
89.2228,45.4924
89.2228,45.4924
94.0646,46.1123
94.0646,46.1123
94.0646,46.1123
105.5526,44.0769
105.5526,44.0769
105.5526,44.0769
96.3636,44.6803
96.3636,44.6803
96.3636,44.6803
86.7884,44.393
86.7884,44.393
86.7884,44.393
85.1931,44.8297
85.1931,44.8297
85.1931,44.8297
99.8342,46.2044
99.8342,46.2044
99.8342,46.2044
92.2425,44.4391
92.2425,44.4391
92.2425,44.4391
86.5281,43.4299
86.5281,43.4299
86.5281,43.4299
93.2288,44.901
93.2288,44.901
93.2288,44.901
96.4358,43.2838
96.4358,43.2838
96.4358,43.2838
100.9565,46.0336
100.9565,46.0336
100.9565,46.0336
90.8516,44.6638
90.8516,44.6638
90.8516,44.6638
89.1384,45.8511
89.1384,45.8511
89.1384,45.8511
92.206,44.3654
92.206,44.3654
92.206,44.3654
88.3767,43.9414
88.3767,43.9414
88.3767,43.9414
99.5852,44.7873
99.5852,44.7873
99.5852,44.7873
94.8292,45.1866
94.8292,45.1866
94.8292,45.1866
90.8779,44.379
90.8779,44.379
90.8779,44.379
91.4839,44.8014
91.4839,44.8014
91.4839,44.8014
98.0705,43.9108
98.0705,43.9108
98.0705,43.9108
93.892,45.2808
93.892,45.2808
93.892,45.2808
96.2038,43.3266
96.2038,43.3266
96.2038,43.3266
91.4454,45.2112
91.4454,45.2112
91.4454,45.2112
90.3804,44.6977
90.3804,44.6977
90.3804,44.6977
97.3976,44.9343
97.3976,44.9343
97.3976,44.9343
94.3447,45.0118
94.3447,45.0118
94.3447,45.0118
86.9873,44.7492
86.9873,44.7492
86.9873,44.7492
89.1015,44.8305
89.1015,44.8305
89.1015,44.8305
91.4182,44.9547
91.4182,44.9547
91.4182,44.9547
93.5793,44.7868
93.5793,44.7868
93.5793,44.7868
92.6352,45.031
92.6352,45.031
92.6352,45.031
94.262,45.7451
94.262,45.7451
94.262,45.7451
87.1237,44.8287
87.1237,44.8287
87.1237,44.8287
91.9531,44.4879
91.9531,44.4879
91.9531,44.4879
101.9745,45.3965
101.9745,45.3965
101.9745,45.3965
89.2622,44.4584
89.2622,44.4584
89.2622,44.4584
92.4018,44.9384
92.4018,44.9384
92.4018,44.9384
93.6693,44.5137
93.6693,44.5137
93.6693,44.5137
97.5303,43.9333
97.5303,43.9333
97.5303,43.9333
96.5381,44.3901
96.5381,44.3901
96.5381,44.3901
86.2991,45.3785
86.2991,45.3785
86.2991,45.3785
94.5295,43.8643
94.5295,43.8643
94.5295,43.8643
90.1127,45.8027
90.1127,45.8027
90.1127,45.8027
88.8249,44.3045
88.8249,44.3045
88.8249,44.3045
92.3029,43.9962
92.3029,43.9962
92.3029,43.9962
90.0431,44.3172
90.0431,44.3172
90.0431,44.3172
84.2461,44.4029
84.2461,44.4029
84.2461,44.4029
86.371,45.3493
86.371,45.3493
86.371,45.3493
89.2812,45.1058
89.2812,45.1058
89.2812,45.1058
103.0073,43.895
103.0073,43.895
103.0073,43.895
91.8118,43.8809
91.8118,43.8809
91.8118,43.8809
88.1619,43.8738
88.1619,43.8738
88.1619,43.8738
94.1211,45.2625
94.1211,45.2625
94.1211,45.2625
98.1805,44.0925
98.1805,44.0925
98.1805,44.0925
87.3042,44.4831
87.3042,44.4831
87.3042,44.4831
80.7395,44.5842
80.7395,44.5842
80.7395,44.5842
87.8684,44.3227
87.8684,44.3227
87.8684,44.3227
94.0723,45.5947
94.0723,45.5947
94.0723,45.5947
91.0457,44.1781
91.0457,44.1781
91.0457,44.1781
90.4052,44.6993
90.4052,44.6993
90.4052,44.6993
95.5073,44.3588
95.5073,44.3588
95.5073,44.3588
94.1848,44.2795
94.1848,44.2795
94.1848,44.2795
88.646,44.7668
88.646,44.7668
88.646,44.7668
89.9471,44.448
89.9471,44.448
89.9471,44.448
96.955,45.129
96.955,45.129
96.955,45.129
87.8731,44.2017
87.8731,44.2017
87.8731,44.2017
85.5893,44.446
85.5893,44.446
85.5893,44.446
90.9181,45.6978
90.9181,45.6978
90.9181,45.6978
94.4121,44.3671
94.4121,44.3671
94.4121,44.3671
86.195,44.8899
86.195,44.8899
86.195,44.8899
88.6301,45.8322
88.6301,45.8322
88.6301,45.8322
88.2574,44.7715
88.2574,44.7715
88.2574,44.7715
89.5526,43.8075
89.5526,43.8075
89.5526,43.8075
91.3836,45.4632
91.3836,45.4632
91.3836,45.4632
93.6135,43.9439
93.6135,43.9439
93.6135,43.9439
90.8758,43.9245
90.8758,43.9245
90.8758,43.9245
90.9765,44.5753
90.9765,44.5753
90.9765,44.5753
100.5386,45.3204
100.5386,45.3204
100.5386,45.3204
100.6753,45.3435
100.6753,45.3435
100.6753,45.3435
86.8038,43.6872
86.8038,43.6872
86.8038,43.6872
102.0213,43.7765
102.0213,43.7765
102.0213,43.7765
85.9021,44.0516
85.9021,44.0516
85.9021,44.0516
86.962,45.0807
86.962,45.0807
86.962,45.0807
89.8245,44.4492
89.8245,44.4492
89.8245,44.4492
89.5628,44.2925
89.5628,44.2925
89.5628,44.2925
84.1647,44.1664
84.1647,44.1664
84.1647,44.1664
88.2157,44.5167
88.2157,44.5167
88.2157,44.5167
92.1779,44.8841
92.1779,44.8841
92.1779,44.8841
88.5063,45.4103
88.5063,45.4103
88.5063,45.4103
97.0924,44.2009
97.0924,44.2009
97.0924,44.2009
87.8188,43.9967
87.8188,43.9967
87.8188,43.9967
96.8474,45.0743
96.8474,45.0743
96.8474,45.0743
92.4825,44.419
92.4825,44.419
92.4825,44.419
94.5375,44.2475
94.5375,44.2475
94.5375,44.2475
89.3632,45.3843
89.3632,45.3843
89.3632,45.3843
89.7638,46.2129
89.7638,46.2129
89.7638,46.2129
90.6738,44.6846
90.6738,44.6846
90.6738,44.6846
92.0681,44.7901
92.0681,44.7901
92.0681,44.7901
90.3282,44.6194
90.3282,44.6194
90.3282,44.6194
83.7457,44.6045
83.7457,44.6045
83.7457,44.6045
93.3094,45.7866
93.3094,45.7866
93.3094,45.7866
94.1578,43.9954
94.1578,43.9954
94.1578,43.9954
89.5102,45.4709
89.5102,45.4709
89.5102,45.4709
90.9188,45.4425
90.9188,45.4425
90.9188,45.4425
91.0483,44.5305
91.0483,44.5305
91.0483,44.5305
86.4036,45.689
86.4036,45.689
86.4036,45.689
83.4826,43.4999
83.4826,43.4999
83.4826,43.4999
91.4446,45.9251
91.4446,45.9251
91.4446,45.9251
94.7316,44.9979
94.7316,44.9979
94.7316,44.9979
89.7275,44.0319
89.7275,44.0319
89.7275,44.0319
94.8636,45.2175
94.8636,45.2175
94.8636,45.2175
89.8593,45.1329
89.8593,45.1329
89.8593,45.1329
91.9498,45.1003
91.9498,45.1003
91.9498,45.1003
95.8988,45.5567
95.8988,45.5567
95.8988,45.5567
88.4049,44.5599
88.4049,44.5599
88.4049,44.5599
89.1475,45.5922
89.1475,45.5922
89.1475,45.5922
92.1095,45.2166
92.1095,45.2166
92.1095,45.2166
80.8502,45.0806
80.8502,45.0806
80.8502,45.0806
88.5017,43.4863
88.5017,43.4863
88.5017,43.4863
88.6739,44.289
88.6739,44.289
88.6739,44.289
93.9677,43.9833
93.9677,43.9833
93.9677,43.9833
93.5764,44.6936
93.5764,44.6936
93.5764,44.6936
93.2945,44.4387
93.2945,44.4387
93.2945,44.4387
95.1991,44.0808
95.1991,44.0808
95.1991,44.0808
90.726,44.3142
90.726,44.3142
90.726,44.3142
84.6592,44.3382
84.6592,44.3382
84.6592,44.3382
99.1527,45.1353
99.1527,45.1353
99.1527,45.1353
87.6003,44.7247
87.6003,44.7247
87.6003,44.7247
98.4527,44.0429
98.4527,44.0429
98.4527,44.0429
96.4681,45.4062
96.4681,45.4062
96.4681,45.4062
94.8912,45.1577
94.8912,45.1577
94.8912,45.1577
82.1584,45.0982
82.1584,45.0982
82.1584,45.0982
84.8797,44.2652
84.8797,44.2652
84.8797,44.2652
91.1577,44.3258
91.1577,44.3258
91.1577,44.3258
96.2638,44.1148
96.2638,44.1148
96.2638,44.1148
83.8457,44.6688
83.8457,44.6688
83.8457,44.6688
92.9512,44.6626
92.9512,44.6626
92.9512,44.6626
93.7368,43.9383
93.7368,43.9383
93.7368,43.9383
100.6886,44.3701
100.6886,44.3701
100.6886,44.3701
105.4266,44.0082
105.4266,44.0082
105.4266,44.0082
95.1937,44.3374
95.1937,44.3374
95.1937,44.3374
85.3773,45.2731
85.3773,45.2731
85.3773,45.2731
89.6086,45.6791
89.6086,45.6791
89.6086,45.6791
98.2258,45.2872
98.2258,45.2872
98.2258,45.2872
92.27,43.6456
92.27,43.6456
92.27,43.6456
91.176,43.5444
91.176,43.5444
91.176,43.5444
102.8629,45.1521
102.8629,45.1521
102.8629,45.1521
99.7201,44.9733
99.7201,44.9733
99.7201,44.9733
101.0049,45.0491
101.0049,45.0491
101.0049,45.0491
107.3566,44.9097
107.3566,44.9097
107.3566,44.9097
102.118,45.1798
102.118,45.1798
102.118,45.1798
88.5578,43.9437
88.5578,43.9437
88.5578,43.9437
92.6581,45.813
92.6581,45.813
92.6581,45.813
82.8858,43.7256
82.8858,43.7256
82.8858,43.7256
96.554,44.0175
96.554,44.0175
96.554,44.0175
100.6238,44.4313
100.6238,44.4313
100.6238,44.4313
96.0133,46.1267
96.0133,46.1267
96.0133,46.1267
92.0107,43.4562
92.0107,43.4562
92.0107,43.4562
91.598,44.573
91.598,44.573
91.598,44.573
105.0776,44.5835
105.0776,44.5835
105.0776,44.5835
88.4025,45.486
88.4025,45.486
88.4025,45.486
97.3837,43.4939
97.3837,43.4939
97.3837,43.4939
96.8993,45.6607
96.8993,45.6607
96.8993,45.6607
95.4505,44.8362
95.4505,44.8362
95.4505,44.8362
94.8179,45.4906
94.8179,45.4906
94.8179,45.4906
94.8895,43.7302
94.8895,43.7302
94.8895,43.7302
93.8997,45.056
93.8997,45.056
93.8997,45.056
99.8556,44.9433
99.8556,44.9433
99.8556,44.9433
86.2367,45.1163
86.2367,45.1163
86.2367,45.1163
93.4885,43.7202
93.4885,43.7202
93.4885,43.7202
91.8306,44.7257
91.8306,44.7257
91.8306,44.7257
87.5118,45.5465
87.5118,45.5465
87.5118,45.5465
88.7597,43.9298
88.7597,43.9298
88.7597,43.9298
89.3629,43.5368
89.3629,43.5368
89.3629,43.5368
84.6743,45.6876
84.6743,45.6876
84.6743,45.6876
90.0603,45.2098
90.0603,45.2098
90.0603,45.2098
89.3457,45.2214
89.3457,45.2214
89.3457,45.2214
96.0924,45.9677
96.0924,45.9677
96.0924,45.9677
87.9602,44.4317
87.9602,44.4317
87.9602,44.4317
90.5254,44.7081
90.5254,44.7081
90.5254,44.7081
90.0455,45.2017
90.0455,45.2017
90.0455,45.2017
85.5979,45.6056
85.5979,45.6056
85.5979,45.6056
87.3743,45.2492
87.3743,45.2492
87.3743,45.2492
77.5339,44.3654
77.5339,44.3654
77.5339,44.3654
96.8015,44.9979
96.8015,44.9979
96.8015,44.9979
96.2371,44.7553
96.2371,44.7553
96.2371,44.7553
92.2825,44.4108
92.2825,44.4108
92.2825,44.4108
93.971,44.6842
93.971,44.6842
93.971,44.6842
96.6479,43.9504
96.6479,43.9504
96.6479,43.9504
97.6303,46.1214
97.6303,46.1214
97.6303,46.1214
97.9637,44.2954
97.9637,44.2954
97.9637,44.2954
91.8012,45.3711
91.8012,45.3711
91.8012,45.3711
93.4499,44.2619
93.4499,44.2619
93.4499,44.2619
95.0157,43.9842
95.0157,43.9842
95.0157,43.9842
89.7974,45.298
89.7974,45.298
89.7974,45.298
101.9666,44.5351
101.9666,44.5351
101.9666,44.5351
87.123,44.2911
87.123,44.2911
87.123,44.2911
94.4739,44.8855
94.4739,44.8855
94.4739,44.8855
83.3257,44.3849
83.3257,44.3849
83.3257,44.3849
88.505,43.8989
88.505,43.8989
88.505,43.8989
96.4671,44.5205
96.4671,44.5205
96.4671,44.5205
89.0791,45.5459
89.0791,45.5459
89.0791,45.5459
85.7572,44.5968
85.7572,44.5968
85.7572,44.5968
85.8076,44.6892
85.8076,44.6892
85.8076,44.6892
92.127,44.8875
92.127,44.8875
92.127,44.8875
87.9511,45.2436
87.9511,45.2436
87.9511,45.2436
92.3147,44.2201
92.3147,44.2201
92.3147,44.2201
94.1806,45.6535
94.1806,45.6535
94.1806,45.6535
98.313,45.1427
98.313,45.1427
98.313,45.1427
95.785,44.9248
95.785,44.9248
95.785,44.9248
87.1803,45.2852
87.1803,45.2852
87.1803,45.2852
88.9648,44.241
88.9648,44.241
88.9648,44.241
85.9664,44.975
85.9664,44.975
85.9664,44.975
98.0419,45.1712
98.0419,45.1712
98.0419,45.1712
93.4306,45.6691
93.4306,45.6691
93.4306,45.6691
91.4301,44.5031
91.4301,44.5031
91.4301,44.5031
87.4261,43.9482
87.4261,43.9482
87.4261,43.9482
98.183,45.4661
98.183,45.4661
98.183,45.4661
98.8495,44.4744
98.8495,44.4744
98.8495,44.4744
93.3118,45.6275
93.3118,45.6275
93.3118,45.6275
84.774,45.5663
84.774,45.5663
84.774,45.5663
93.4964,44.7299
93.4964,44.7299
93.4964,44.7299
92.1785,45.6268
92.1785,45.6268
92.1785,45.6268
89.9651,45.1159
89.9651,45.1159
89.9651,45.1159
92.6494,44.5981
92.6494,44.5981
92.6494,44.5981
92.4042,44.6201
92.4042,44.6201
92.4042,44.6201
92.3556,45.218
92.3556,45.218
92.3556,45.218
87.4445,45.0296
87.4445,45.0296
87.4445,45.0296
86.2151,44.0753
86.2151,44.0753
86.2151,44.0753
93.1248,45.4801
93.1248,45.4801
93.1248,45.4801
95.1698,44.772
95.1698,44.772
95.1698,44.772
92.0873,45.3315
92.0873,45.3315
92.0873,45.3315
92.3063,45.782
92.3063,45.782
92.3063,45.782
92.6875,44.964
92.6875,44.964
92.6875,44.964
92.8519,44.6752
92.8519,44.6752
92.8519,44.6752
106.9144,45.1083
106.9144,45.1083
106.9144,45.1083
95.4867,45.5478
95.4867,45.5478
95.4867,45.5478
97.7043,44.4231
97.7043,44.4231
97.7043,44.4231
93.9092,45.3749
93.9092,45.3749
93.9092,45.3749
95.4576,45.3237
95.4576,45.3237
95.4576,45.3237
94.9411,44.9822
94.9411,44.9822
94.9411,44.9822
87.3383,46.2432
87.3383,46.2432
87.3383,46.2432
88.9716,44.0072
88.9716,44.0072
88.9716,44.0072
95.7989,43.7529
95.7989,43.7529
95.7989,43.7529
100.2238,44.8937
100.2238,44.8937
100.2238,44.8937
97.3051,43.2388
97.3051,43.2388
97.3051,43.2388
94.6259,44.2233
94.6259,44.2233
94.6259,44.2233
98.7078,44.9238
98.7078,44.9238
98.7078,44.9238
91.1527,44.0911
91.1527,44.0911
91.1527,44.0911
94.1296,43.9509
94.1296,43.9509
94.1296,43.9509
84.2052,43.6737
84.2052,43.6737
84.2052,43.6737
94.5085,45.4817
94.5085,45.4817
94.5085,45.4817
104.731,45.1722
104.731,45.1722
104.731,45.1722
91.6895,44.5816
91.6895,44.5816
91.6895,44.5816
89.1913,44.1876
89.1913,44.1876
89.1913,44.1876
95.5713,43.3593
95.5713,43.3593
95.5713,43.3593
88.8453,44.4925
88.8453,44.4925
88.8453,44.4925
88.0478,44.3554
88.0478,44.3554
88.0478,44.3554
83.8288,44.7137
83.8288,44.7137
83.8288,44.7137
95.0841,45.8503
95.0841,45.8503
95.0841,45.8503
89.0403,44.4382
89.0403,44.4382
89.0403,44.4382
94.9175,46.3166
94.9175,46.3166
94.9175,46.3166
97.3045,43.5237
97.3045,43.5237
97.3045,43.5237
89.0404,45.0606
89.0404,45.0606
89.0404,45.0606
94.2507,44.7096
94.2507,44.7096
94.2507,44.7096
86.3265,44.7092
86.3265,44.7092
86.3265,44.7092
90.1734,45.0018
90.1734,45.0018
90.1734,45.0018
87.8315,43.4424
87.8315,43.4424
87.8315,43.4424
85.1769,45.1012
85.1769,45.1012
85.1769,45.1012
102.0813,45.24
102.0813,45.24
102.0813,45.24
93.9845,44.5387
93.9845,44.5387
93.9845,44.5387
101.1198,44.9379
101.1198,44.9379
101.1198,44.9379
96.1391,44.5681
96.1391,44.5681
96.1391,44.5681
99.0416,44.9227
99.0416,44.9227
99.0416,44.9227
91.1888,44.811
91.1888,44.811
91.1888,44.811
87.6897,43.8191
87.6897,43.8191
87.6897,43.8191
98.2687,45.7077
98.2687,45.7077
98.2687,45.7077
86.748,45.0083
86.748,45.0083
86.748,45.0083
92.5497,44.3442
92.5497,44.3442
92.5497,44.3442
90.2968,44.1423
90.2968,44.1423
90.2968,44.1423
93.2082,44.7966
93.2082,44.7966
93.2082,44.7966
83.0096,44.4585
83.0096,44.4585
83.0096,44.4585
90.468,45.0348
90.468,45.0348
90.468,45.0348
96.4835,44.394
96.4835,44.394
96.4835,44.394
106.7901,44.3747
106.7901,44.3747
106.7901,44.3747
87.9434,44.8297
87.9434,44.8297
87.9434,44.8297
91.6338,45.0182
91.6338,45.0182
91.6338,45.0182
87.1571,43.6984
87.1571,43.6984
87.1571,43.6984
91.3987,45.0492
91.3987,45.0492
91.3987,45.0492
95.0134,44.1834
95.0134,44.1834
95.0134,44.1834
100.5814,44.5438
100.5814,44.5438
100.5814,44.5438
92.3729,43.6036
92.3729,43.6036
92.3729,43.6036
88.4488,46.108
88.4488,46.108
88.4488,46.108
94.0911,45.1544
94.0911,45.1544
94.0911,45.1544
91.2525,44.9291
91.2525,44.9291
91.2525,44.9291
90.3178,44.7601
90.3178,44.7601
90.3178,44.7601
98.4857,44.8468
98.4857,44.8468
98.4857,44.8468
89.1438,44.8469
89.1438,44.8469
89.1438,44.8469
85.7376,44.5223
85.7376,44.5223
85.7376,44.5223
79.8343,46.3721
79.8343,46.3721
79.8343,46.3721
90.8225,45.4092
90.8225,45.4092
90.8225,45.4092
94.5668,45.0299
94.5668,45.0299
94.5668,45.0299
97.9062,44.0572
97.9062,44.0572
97.9062,44.0572
86.031,44.6919
86.031,44.6919
86.031,44.6919
95.7208,44.8472
95.7208,44.8472
95.7208,44.8472
88.9423,44.8032
88.9423,44.8032
88.9423,44.8032
92.8233,45.0704
92.8233,45.0704
92.8233,45.0704
90.6654,44.2489
90.6654,44.2489
90.6654,44.2489
97.643,43.9428
97.643,43.9428
97.643,43.9428
97.8725,44.3844
97.8725,44.3844
97.8725,44.3844
89.5937,44.5864
89.5937,44.5864
89.5937,44.5864
95.2176,44.6715
95.2176,44.6715
95.2176,44.6715
94.8202,45.2923
94.8202,45.2923
94.8202,45.2923
91.0588,44.9184
91.0588,44.9184
91.0588,44.9184
84.8646,45.8185
84.8646,45.8185
84.8646,45.8185
87.7896,45.567
87.7896,45.567
87.7896,45.567
94.9994,43.7252
94.9994,43.7252
94.9994,43.7252
96.6978,44.3911
96.6978,44.3911
96.6978,44.3911
97.961,44.7942
97.961,44.7942
97.961,44.7942
86.8123,44.9986
86.8123,44.9986
86.8123,44.9986
85.6608,44.5083
85.6608,44.5083
85.6608,44.5083
96.2519,45.333
96.2519,45.333
96.2519,45.333
86.4652,43.7599
86.4652,43.7599
86.4652,43.7599
100.8305,44.8525
100.8305,44.8525
100.8305,44.8525
93.5461,44.2712
93.5461,44.2712
93.5461,44.2712
83.3336,44.8245
83.3336,44.8245
83.3336,44.8245
88.6881,45.1139
88.6881,45.1139
88.6881,45.1139
98.6235,43.5317
98.6235,43.5317
98.6235,43.5317
95.7443,44.1542
95.7443,44.1542
95.7443,44.1542
96.6295,43.6417
96.6295,43.6417
96.6295,43.6417
104.6815,44.792
104.6815,44.792
104.6815,44.792
86.4827,45.57
86.4827,45.57
86.4827,45.57
89.5759,44.3528
89.5759,44.3528
89.5759,44.3528
77.8217,45.1218
77.8217,45.1218
77.8217,45.1218
87.6511,45.3688
87.6511,45.3688
87.6511,45.3688
93.6979,45.0513
93.6979,45.0513
93.6979,45.0513
95.9539,45.2865
95.9539,45.2865
95.9539,45.2865
97.3868,43.534
97.3868,43.534
97.3868,43.534
91.9755,44.9514
91.9755,44.9514
91.9755,44.9514
97.2867,44.8972
97.2867,44.8972
97.2867,44.8972
96.6005,44.0169
96.6005,44.0169
96.6005,44.0169
87.4038,44.1146
87.4038,44.1146
87.4038,44.1146
85.9413,45.2944
85.9413,45.2944
85.9413,45.2944
95.883,45.3331
95.883,45.3331
95.883,45.3331
87.5379,44.5793
87.5379,44.5793
87.5379,44.5793
84.4574,44.4793
84.4574,44.4793
84.4574,44.4793
93.1756,44.4513
93.1756,44.4513
93.1756,44.4513
99.2749,44.7255
99.2749,44.7255
99.2749,44.7255
86.4051,44.4257
86.4051,44.4257
86.4051,44.4257
103.7305,44.898
103.7305,44.898
103.7305,44.898
85.7381,43.7174
85.7381,43.7174
85.7381,43.7174
101.0549,44.4512
101.0549,44.4512
101.0549,44.4512
97.508,45.1038
97.508,45.1038
97.508,45.1038
83.7194,45.1734
83.7194,45.1734
83.7194,45.1734
90.3597,45.2565
90.3597,45.2565
90.3597,45.2565
97.6117,44.6491
97.6117,44.6491
97.6117,44.6491
89.7026,45.1805
89.7026,45.1805
89.7026,45.1805
90.7984,45.0578
90.7984,45.0578
90.7984,45.0578
95.5445,43.8651
95.5445,43.8651
95.5445,43.8651
93.6605,45.0916
93.6605,45.0916
93.6605,45.0916
98.3367,45.3589
98.3367,45.3589
98.3367,45.3589
97.4546,45.3479
97.4546,45.3479
97.4546,45.3479
87.6246,44.5507
87.6246,44.5507
87.6246,44.5507
104.2104,44.6546
104.2104,44.6546
104.2104,44.6546
81.1847,44.8751
81.1847,44.8751
81.1847,44.8751
92.762,44.9671
92.762,44.9671
92.762,44.9671
86.3686,45.6606
86.3686,45.6606
86.3686,45.6606
94.7044,43.3461
94.7044,43.3461
94.7044,43.3461
95.6867,44.1203
95.6867,44.1203
95.6867,44.1203
86.2368,44.5126
86.2368,44.5126
86.2368,44.5126
100.2724,44.4139
100.2724,44.4139
100.2724,44.4139
96.2252,44.6242
96.2252,44.6242
96.2252,44.6242
92.618,44.0988
92.618,44.0988
92.618,44.0988
101.8119,44.6782
101.8119,44.6782
101.8119,44.6782
92.0058,44.1826
92.0058,44.1826
92.0058,44.1826
88.7851,44.6817
88.7851,44.6817
88.7851,44.6817
99.4795,45.2284
99.4795,45.2284
99.4795,45.2284
101.8235,45.4332
101.8235,45.4332
101.8235,45.4332
95.4289,45.1073
95.4289,45.1073
95.4289,45.1073
87.1123,43.9758
87.1123,43.9758
87.1123,43.9758
91.6155,46.0764
91.6155,46.0764
91.6155,46.0764
87.0576,44.1
87.0576,44.1
87.0576,44.1
110.5339,45.5544
110.5339,45.5544
110.5339,45.5544
91.2251,44.2466
91.2251,44.2466
91.2251,44.2466
94.4962,44.3956
94.4962,44.3956
94.4962,44.3956
92.0905,44.7052
92.0905,44.7052
92.0905,44.7052
89.148,45.0936
89.148,45.0936
89.148,45.0936
95.3717,45.2064
95.3717,45.2064
95.3717,45.2064
93.1957,44.6105
93.1957,44.6105
93.1957,44.6105
84.6717,43.6634
84.6717,43.6634
84.6717,43.6634
83.5673,45.1635
83.5673,45.1635
83.5673,45.1635
90.5543,45.2196
90.5543,45.2196
90.5543,45.2196
86.067,44.8101
86.067,44.8101
86.067,44.8101
98.6256,45.6337
98.6256,45.6337
98.6256,45.6337
85.5925,44.5133
85.5925,44.5133
85.5925,44.5133
98.123,44.6527
98.123,44.6527
98.123,44.6527
88.7668,44.7253
88.7668,44.7253
88.7668,44.7253
88.0273,44.4583
88.0273,44.4583
88.0273,44.4583
81.8602,44.4591
81.8602,44.4591
81.8602,44.4591
91.1527,44.7551
91.1527,44.7551
91.1527,44.7551
87.8651,43.9453
87.8651,43.9453
87.8651,43.9453
99.1728,44.4
99.1728,44.4
99.1728,44.4
101.7364,45.1094
101.7364,45.1094
101.7364,45.1094
88.6892,45.0844
88.6892,45.0844
88.6892,45.0844
89.1525,44.8001
89.1525,44.8001
89.1525,44.8001
89.4239,44.2567
89.4239,44.2567
89.4239,44.2567
98.7915,44.6629
98.7915,44.6629
98.7915,44.6629
95.3373,44.6693
95.3373,44.6693
95.3373,44.6693
93.5688,44.4256
93.5688,44.4256
93.5688,44.4256
94.8797,44.8245
94.8797,44.8245
94.8797,44.8245
93.5242,45.971
93.5242,45.971
93.5242,45.971
92.4502,45.3596
92.4502,45.3596
92.4502,45.3596
84.3728,44.2564
84.3728,44.2564
84.3728,44.2564
95.3016,45.3082
95.3016,45.3082
95.3016,45.3082
96.9523,44.2358
96.9523,44.2358
96.9523,44.2358
91.0611,44.4927
91.0611,44.4927
91.0611,44.4927
87.147,45.3077
87.147,45.3077
87.147,45.3077
92.5435,46.4997
92.5435,46.4997
92.5435,46.4997
89.2047,44.8312
89.2047,44.8312
89.2047,44.8312
87.481,44.2801
87.481,44.2801
87.481,44.2801
94.7727,45.7138
94.7727,45.7138
94.7727,45.7138
90.6284,44.8776
90.6284,44.8776
90.6284,44.8776
81.8571,43.9022
81.8571,43.9022
81.8571,43.9022
95.2852,43.9231
95.2852,43.9231
95.2852,43.9231
95.8809,43.7611
95.8809,43.7611
95.8809,43.7611
97.6619,44.6345
97.6619,44.6345
97.6619,44.6345
95.5895,45.7638
95.5895,45.7638
95.5895,45.7638
95.4779,44.0557
95.4779,44.0557
95.4779,44.0557
94.7163,45.2142
94.7163,45.2142
94.7163,45.2142
89.0006,45.1442
89.0006,45.1442
89.0006,45.1442
96.8181,44.6596
96.8181,44.6596
96.8181,44.6596
97.4339,44.8087
97.4339,44.8087
97.4339,44.8087
89.5219,44.4808
89.5219,44.4808
89.5219,44.4808
82.8266,44.7052
82.8266,44.7052
82.8266,44.7052
92.7781,45.1006
92.7781,45.1006
92.7781,45.1006
82.7048,44.5906
82.7048,44.5906
82.7048,44.5906
95.2332,44.8344
95.2332,44.8344
95.2332,44.8344
88.3387,44.9208
88.3387,44.9208
88.3387,44.9208
95.7213,43.8255
95.7213,43.8255
95.7213,43.8255
83.8555,44.8971
83.8555,44.8971
83.8555,44.8971
98.737,43.9111
98.737,43.9111
98.737,43.9111
91.9998,44.7119
91.9998,44.7119
91.9998,44.7119
96.5471,45.1473
96.5471,45.1473
96.5471,45.1473
85.5702,44.011
85.5702,44.011
85.5702,44.011
96.8845,44.0215
96.8845,44.0215
96.8845,44.0215
92.8416,43.894
92.8416,43.894
92.8416,43.894
83.1116,44.1723
83.1116,44.1723
83.1116,44.1723
92.6144,45.189
92.6144,45.189
92.6144,45.189
89.293,45.2884
89.293,45.2884
89.293,45.2884
84.4587,46.1015
84.4587,46.1015
84.4587,46.1015
90.8876,44.9558
90.8876,44.9558
90.8876,44.9558
86.0007,44.3647
86.0007,44.3647
86.0007,44.3647
83.539,45.1977
83.539,45.1977
83.539,45.1977
91.433,45.0249
91.433,45.0249
91.433,45.0249
91.6924,44.8982
91.6924,44.8982
91.6924,44.8982
92.7815,45.063
92.7815,45.063
92.7815,45.063
85.1334,44.2239
85.1334,44.2239
85.1334,44.2239
92.2773,43.4883
92.2773,43.4883
92.2773,43.4883
89.2208,46.2237
89.2208,46.2237
89.2208,46.2237
93.6962,45.0743
93.6962,45.0743
93.6962,45.0743
79.1415,44.7599
79.1415,44.7599
79.1415,44.7599
95.8293,43.6608
95.8293,43.6608
95.8293,43.6608
93.9974,44.6968
93.9974,44.6968
93.9974,44.6968
94.1971,43.8438
94.1971,43.8438
94.1971,43.8438
96.6948,44.0204
96.6948,44.0204
96.6948,44.0204
82.0161,44.2757
82.0161,44.2757
82.0161,44.2757
94.698,44.3502
94.698,44.3502
94.698,44.3502
84.0246,44.0599
84.0246,44.0599
84.0246,44.0599
100.4967,44.5794
100.4967,44.5794
100.4967,44.5794
84.2971,45.2988
84.2971,45.2988
84.2971,45.2988
96.9636,45.4226
96.9636,45.4226
96.9636,45.4226
99.0204,45.072
99.0204,45.072
99.0204,45.072
92.0439,44.9666
92.0439,44.9666
92.0439,44.9666
84.8089,44.716
84.8089,44.716
84.8089,44.716
101.2643,44.1769
101.2643,44.1769
101.2643,44.1769
94.6035,45.4469
94.6035,45.4469
94.6035,45.4469
92.4364,43.2505
92.4364,43.2505
92.4364,43.2505
93.4711,44.9082
93.4711,44.9082
93.4711,44.9082
97.0188,44.1289
97.0188,44.1289
97.0188,44.1289
81.761,45.3949
81.761,45.3949
81.761,45.3949
100.4316,44.4076
100.4316,44.4076
100.4316,44.4076
95.4055,45.194
95.4055,45.194
95.4055,45.194
102.0524,44.4148
102.0524,44.4148
102.0524,44.4148
100.5634,44.6063
100.5634,44.6063
100.5634,44.6063
100.6169,44.5417
100.6169,44.5417
100.6169,44.5417
91.0015,44.2272
91.0015,44.2272
91.0015,44.2272
82.2543,44.7091
82.2543,44.7091
82.2543,44.7091
97.4962,44.2629
97.4962,44.2629
97.4962,44.2629
94.8452,44.5441
94.8452,44.5441
94.8452,44.5441
84.3328,44.6652
84.3328,44.6652
84.3328,44.6652
85.7985,44.1645
85.7985,44.1645
85.7985,44.1645
88.0062,43.8657
88.0062,43.8657
88.0062,43.8657
93.4966,44.3254
93.4966,44.3254
93.4966,44.3254
98.2203,43.6541
98.2203,43.6541
98.2203,43.6541
91.7513,44.9864
91.7513,44.9864
91.7513,44.9864
103.1338,44.2679
103.1338,44.2679
103.1338,44.2679
88.9948,44.4096
88.9948,44.4096
88.9948,44.4096
95.6936,44.8808
95.6936,44.8808
95.6936,44.8808
92.2161,43.9656
92.2161,43.9656
92.2161,43.9656
92.1166,45.1298
92.1166,45.1298
92.1166,45.1298
97.4421,43.5561
97.4421,43.5561
97.4421,43.5561
85.9536,44.4016
85.9536,44.4016
85.9536,44.4016
90.491,44.7257
90.491,44.7257
90.491,44.7257
85.3551,44.939
85.3551,44.939
85.3551,44.939
97.2721,45.0665
97.2721,45.0665
97.2721,45.0665
93.8153,44.7294
93.8153,44.7294
93.8153,44.7294
94.9234,44.5931
94.9234,44.5931
94.9234,44.5931
99.86,45.0789
99.86,45.0789
99.86,45.0789
93.0016,44.1499
93.0016,44.1499
93.0016,44.1499
87.7316,43.9106
87.7316,43.9106
87.7316,43.9106
90.4866,44.7382
90.4866,44.7382
90.4866,44.7382
93.3277,45.1103
93.3277,45.1103
93.3277,45.1103
85.5149,43.5204
85.5149,43.5204
85.5149,43.5204
99.8285,44.8884
99.8285,44.8884
99.8285,44.8884
89.5787,44.7778
89.5787,44.7778
89.5787,44.7778
85.6534,44.6262
85.6534,44.6262
85.6534,44.6262
99.9161,44.0111
99.9161,44.0111
99.9161,44.0111
91.1551,44.2019
91.1551,44.2019
91.1551,44.2019
91.1096,44.9747
91.1096,44.9747
91.1096,44.9747
90.5228,45.2445
90.5228,45.2445
90.5228,45.2445
97.8089,45.1993
97.8089,45.1993
97.8089,45.1993
100.085,44.6123
100.085,44.6123
100.085,44.6123
86.6245,45.2038
86.6245,45.2038
86.6245,45.2038
89.0278,44.5075
89.0278,44.5075
89.0278,44.5075
87.1055,44.603
87.1055,44.603
87.1055,44.603
82.4177,44.3442
82.4177,44.3442
82.4177,44.3442
93.8469,43.9817
93.8469,43.9817
93.8469,43.9817
96.4859,45.1057
96.4859,45.1057
96.4859,45.1057
90.2138,43.7062
90.2138,43.7062
90.2138,43.7062
86.0387,44.6186
86.0387,44.6186
86.0387,44.6186
92.4495,45.3389
92.4495,45.3389
92.4495,45.3389
94.9624,46.8585
94.9624,46.8585
94.9624,46.8585
96.6623,44.8147
96.6623,44.8147
96.6623,44.8147
91.3284,43.9735
91.3284,43.9735
91.3284,43.9735
92.8622,44.8358
92.8622,44.8358
92.8622,44.8358
91.3965,44.8961
91.3965,44.8961
91.3965,44.8961
96.0364,44.7237
96.0364,44.7237
96.0364,44.7237
101.994,44.6904
101.994,44.6904
101.994,44.6904
94.6273,45.4911
94.6273,45.4911
94.6273,45.4911
88.5349,44.385
88.5349,44.385
88.5349,44.385
80.0259,45.2325
80.0259,45.2325
80.0259,45.2325
98.6971,44.1237
98.6971,44.1237
98.6971,44.1237
90.0567,44.172
90.0567,44.172
90.0567,44.172
92.5942,44.485
92.5942,44.485
92.5942,44.485
88.2874,44.2903
88.2874,44.2903
88.2874,44.2903
91.7728,46.2772
91.7728,46.2772
91.7728,46.2772
81.8104,45.5768
81.8104,45.5768
81.8104,45.5768
90.4244,44.6143
90.4244,44.6143
90.4244,44.6143
93.0118,43.2101
93.0118,43.2101
93.0118,43.2101
96.3761,46.5527
96.3761,46.5527
96.3761,46.5527
98.3776,44.2973
98.3776,44.2973
98.3776,44.2973
90.8594,44.9972
90.8594,44.9972
90.8594,44.9972
78.8838,44.5586
78.8838,44.5586
78.8838,44.5586
92.9722,43.9583
92.9722,43.9583
92.9722,43.9583
83.9446,44.6236
83.9446,44.6236
83.9446,44.6236
90.7344,44.1377
90.7344,44.1377
90.7344,44.1377
91.8932,43.9276
91.8932,43.9276
91.8932,43.9276
94.0826,45.5308
94.0826,45.5308
94.0826,45.5308
88.2059,43.9194
88.2059,43.9194
88.2059,43.9194
94.8918,43.4725
94.8918,43.4725
94.8918,43.4725
88.6345,43.8673
88.6345,43.8673
88.6345,43.8673
96.1082,43.5016
96.1082,43.5016
96.1082,43.5016
82.9233,44.6959
82.9233,44.6959
82.9233,44.6959
92.7477,45.1219
92.7477,45.1219
92.7477,45.1219
98.6792,46.8806
98.6792,46.8806
98.6792,46.8806
88.4874,44.4398
88.4874,44.4398
88.4874,44.4398
94.1007,43.2888
94.1007,43.2888
94.1007,43.2888
98.8601,45.2774
98.8601,45.2774
98.8601,45.2774
87.9958,44.4214
87.9958,44.4214
87.9958,44.4214
92.5968,44.168
92.5968,44.168
92.5968,44.168
92.4144,45.537
92.4144,45.537
92.4144,45.537
91.0306,44.4958
91.0306,44.4958
91.0306,44.4958
92.6406,44.8813
92.6406,44.8813
92.6406,44.8813
97.5096,44.9566
97.5096,44.9566
97.5096,44.9566
91.1,45.1043
91.1,45.1043
91.1,45.1043
80.7564,44.7008
80.7564,44.7008
80.7564,44.7008
90.2511,45.4468
90.2511,45.4468
90.2511,45.4468
94.5991,43.2121
94.5991,43.2121
94.5991,43.2121
94.3735,45.8557
94.3735,45.8557
94.3735,45.8557
99.252,44.2277
99.252,44.2277
99.252,44.2277
86.4325,45.1054
86.4325,45.1054
86.4325,45.1054
84.5973,43.8135
84.5973,43.8135
84.5973,43.8135
99.5041,45.07
99.5041,45.07
99.5041,45.07
86.1867,43.8341
86.1867,43.8341
86.1867,43.8341
98.0743,44.3047
98.0743,44.3047
98.0743,44.3047
98.4737,44.2159
98.4737,44.2159
98.4737,44.2159
90.1525,44.1218
90.1525,44.1218
90.1525,44.1218
75.6146,44.5186
75.6146,44.5186
75.6146,44.5186
99.9427,44.3498
99.9427,44.3498
99.9427,44.3498
88.6687,44.4443
88.6687,44.4443
88.6687,44.4443
92.935,44.3283
92.935,44.3283
92.935,44.3283
88.0809,45.5505
88.0809,45.5505
88.0809,45.5505
100.1127,44.8015
100.1127,44.8015
100.1127,44.8015
89.001,45.8207
89.001,45.8207
89.001,45.8207
85.9349,44.2284
85.9349,44.2284
85.9349,44.2284
88.3129,43.2083
88.3129,43.2083
88.3129,43.2083
83.1558,45.5134
83.1558,45.5134
83.1558,45.5134
91.423,44.8739
91.423,44.8739
91.423,44.8739
97.5716,44.709
97.5716,44.709
97.5716,44.709
85.5237,45.0584
85.5237,45.0584
85.5237,45.0584
87.7831,45.1218
87.7831,45.1218
87.7831,45.1218
101.2295,46.1498
101.2295,46.1498
101.2295,46.1498
96.8258,43.708
96.8258,43.708
96.8258,43.708
99.035,44.4334
99.035,44.4334
99.035,44.4334
89.3336,45.6105
89.3336,45.6105
89.3336,45.6105
88.1349,44.345
88.1349,44.345
88.1349,44.345
91.6775,44.6235
91.6775,44.6235
91.6775,44.6235
91.2652,45.7913
91.2652,45.7913
91.2652,45.7913
89.5717,45.9661
89.5717,45.9661
89.5717,45.9661
101.0274,44.0168
101.0274,44.0168
101.0274,44.0168
92.776,45.3688
92.776,45.3688
92.776,45.3688
102.5865,45.0992
102.5865,45.0992
102.5865,45.0992
89.6386,44.9509
89.6386,44.9509
89.6386,44.9509
97.5025,45.0653
97.5025,45.0653
97.5025,45.0653
95.9249,43.5071
95.9249,43.5071
95.9249,43.5071
94.4595,44.0135
94.4595,44.0135
94.4595,44.0135
89.6136,44.2582
89.6136,44.2582
89.6136,44.2582
99.6631,42.8782
99.6631,42.8782
99.6631,42.8782
84.674,44.362
84.674,44.362
84.674,44.362
99.6143,45.4661
99.6143,45.4661
99.6143,45.4661
93.4298,43.9085
93.4298,43.9085
93.4298,43.9085
93.6381,45.2071
93.6381,45.2071
93.6381,45.2071
91.0175,44.405
91.0175,44.405
91.0175,44.405
91.7242,43.756
91.7242,43.756
91.7242,43.756
92.8676,44.8863
92.8676,44.8863
92.8676,44.8863
95.9399,44.8574
95.9399,44.8574
95.9399,44.8574
98.4785,44.8227
98.4785,44.8227
98.4785,44.8227
93.24,44.9434
93.24,44.9434
93.24,44.9434
87.977,45.8344
87.977,45.8344
87.977,45.8344
96.7683,44.5426
96.7683,44.5426
96.7683,44.5426
86.4474,45.1368
86.4474,45.1368
86.4474,45.1368
100.9251,45.5244
100.9251,45.5244
100.9251,45.5244
92.2391,44.3422
92.2391,44.3422
92.2391,44.3422
105.3086,45.0003
105.3086,45.0003
105.3086,45.0003
90.12,44.6659
90.12,44.6659
90.12,44.6659
88.6852,43.9072
88.6852,43.9072
88.6852,43.9072
88.3949,43.8447
88.3949,43.8447
88.3949,43.8447
91.602,45.3072
91.602,45.3072
91.602,45.3072
98.2633,45.1726
98.2633,45.1726
98.2633,45.1726
96.4633,44.8084
96.4633,44.8084
96.4633,44.8084
101.8241,44.415
101.8241,44.415
101.8241,44.415
86.8652,43.702
86.8652,43.702
86.8652,43.702
82.2819,45.3121
82.2819,45.3121
82.2819,45.3121
97.0112,44.9074
97.0112,44.9074
97.0112,44.9074
91.8943,44.8048
91.8943,44.8048
91.8943,44.8048
96.7436,43.7954
96.7436,43.7954
96.7436,43.7954
89.0246,44.3129
89.0246,44.3129
89.0246,44.3129
90.7721,43.5616
90.7721,43.5616
90.7721,43.5616
93.9326,44.6359
93.9326,44.6359
93.9326,44.6359
99.3146,45.1557
99.3146,45.1557
99.3146,45.1557
86.4077,44.9035
86.4077,44.9035
86.4077,44.9035
93.7198,45.8369
93.7198,45.8369
93.7198,45.8369
90.6564,45.3514
90.6564,45.3514
90.6564,45.3514
88.1485,44.1975
88.1485,44.1975
88.1485,44.1975
95.1731,44.2625
95.1731,44.2625
95.1731,44.2625
98.3436,43.3061
98.3436,43.3061
98.3436,43.3061
86.2166,44.3998
86.2166,44.3998
86.2166,44.3998
88.2377,44.8259
88.2377,44.8259
88.2377,44.8259
93.9297,44.7891
93.9297,44.7891
93.9297,44.7891
93.3062,43.8951
93.3062,43.8951
93.3062,43.8951
93.6019,43.9416
93.6019,43.9416
93.6019,43.9416
91.7103,45.1543
91.7103,45.1543
91.7103,45.1543
97.9557,44.5225
97.9557,44.5225
97.9557,44.5225
88.389,46.2621
88.389,46.2621
88.389,46.2621
101.072,43.7547
101.072,43.7547
101.072,43.7547
82.9127,43.4338
82.9127,43.4338
82.9127,43.4338
97.7736,44.4925
97.7736,44.4925
97.7736,44.4925
92.274,45.3221
92.274,45.3221
92.274,45.3221
84.0367,44.6281
84.0367,44.6281
84.0367,44.6281
93.8014,45.4931
93.8014,45.4931
93.8014,45.4931
83.8612,44.647
83.8612,44.647
83.8612,44.647
93.7811,45.0932
93.7811,45.0932
93.7811,45.0932
88.6225,43.2787
88.6225,43.2787
88.6225,43.2787
91.7593,43.3586
91.7593,43.3586
91.7593,43.3586
80.8621,45.1944
80.8621,45.1944
80.8621,45.1944
90.9457,44.3167
90.9457,44.3167
90.9457,44.3167
87.4805,44.3946
87.4805,44.3946
87.4805,44.3946
87.4654,44.6486
87.4654,44.6486
87.4654,44.6486
86.7062,44.2755
86.7062,44.2755
86.7062,44.2755
94.4407,43.3393
94.4407,43.3393
94.4407,43.3393
92.3298,44.9861
92.3298,44.9861
92.3298,44.9861
90.7826,44.068
90.7826,44.068
90.7826,44.068
89.1779,44.2561
89.1779,44.2561
89.1779,44.2561
92.2416,43.488
92.2416,43.488
92.2416,43.488
87.7344,45.3621
87.7344,45.3621
87.7344,45.3621
83.6743,44.6341
83.6743,44.6341
83.6743,44.6341
97.8505,45.9493
97.8505,45.9493
97.8505,45.9493
86.7799,45.1841
86.7799,45.1841
86.7799,45.1841
93.0144,44.6246
93.0144,44.6246
93.0144,44.6246
90.4778,44.2484
90.4778,44.2484
90.4778,44.2484
99.5323,44.9712
99.5323,44.9712
99.5323,44.9712
85.3009,44.6615
85.3009,44.6615
85.3009,44.6615
93.4208,44.376
93.4208,44.376
93.4208,44.376
95.9008,44.611
95.9008,44.611
95.9008,44.611
93.9108,44.9123
93.9108,44.9123
93.9108,44.9123
96.3003,44.7868
96.3003,44.7868
96.3003,44.7868
93.6374,44.3807
93.6374,44.3807
93.6374,44.3807
100.2721,44.694
100.2721,44.694
100.2721,44.694
93.3269,44.5802
93.3269,44.5802
93.3269,44.5802
94.3576,44.1812
94.3576,44.1812
94.3576,44.1812
93.534,43.8911
93.534,43.8911
93.534,43.8911
89.7685,44.6172
89.7685,44.6172
89.7685,44.6172
87.0625,44.7017
87.0625,44.7017
87.0625,44.7017
89.0813,44.8569
89.0813,44.8569
89.0813,44.8569
95.2821,43.5192
95.2821,43.5192
95.2821,43.5192
96.982,43.9631
96.982,43.9631
96.982,43.9631
97.0765,45.0035
97.0765,45.0035
97.0765,45.0035
88.8861,45.8629
88.8861,45.8629
88.8861,45.8629
89.9926,44.4679
89.9926,44.4679
89.9926,44.4679
86.1401,45.4666
86.1401,45.4666
86.1401,45.4666
85.8077,45.4548
85.8077,45.4548
85.8077,45.4548
92.1925,44.6885
92.1925,44.6885
92.1925,44.6885
88.561,45.1821
88.561,45.1821
88.561,45.1821
81.5707,45.1408
81.5707,45.1408
81.5707,45.1408
86.2753,44.8843
86.2753,44.8843
86.2753,44.8843
102.9358,44.5695
102.9358,44.5695
102.9358,44.5695
86.062,44.9745
86.062,44.9745
86.062,44.9745
97.2016,43.5125
97.2016,43.5125
97.2016,43.5125
90.8358,44.3001
90.8358,44.3001
90.8358,44.3001
100.2763,44.9413
100.2763,44.9413
100.2763,44.9413
91.1002,44.1663
91.1002,44.1663
91.1002,44.1663
83.7429,45.6586
83.7429,45.6586
83.7429,45.6586
91.5755,44.0236
91.5755,44.0236
91.5755,44.0236
84.7395,44.4071
84.7395,44.4071
84.7395,44.4071
91.2928,44.1579
91.2928,44.1579
91.2928,44.1579
90.4974,44.6281
90.4974,44.6281
90.4974,44.6281
89.5681,44.0763
89.5681,44.0763
89.5681,44.0763
97.0693,44.2907
97.0693,44.2907
97.0693,44.2907
86.0977,44.0403
86.0977,44.0403
86.0977,44.0403
95.3574,44.0164
95.3574,44.0164
95.3574,44.0164
91.2123,44.0441
91.2123,44.0441
91.2123,44.0441
89.5754,44.7421
89.5754,44.7421
89.5754,44.7421
98.9202,45.154
98.9202,45.154
98.9202,45.154
98.9518,45.1787
98.9518,45.1787
98.9518,45.1787
94.5441,44.7187
94.5441,44.7187
94.5441,44.7187
94.1635,43.9271
94.1635,43.9271
94.1635,43.9271
91.2488,44.179
91.2488,44.179
91.2488,44.179
100.278,44.2821
100.278,44.2821
100.278,44.2821
91.8843,44.3965
91.8843,44.3965
91.8843,44.3965
94.1729,44.6019
94.1729,44.6019
94.1729,44.6019
105.2445,44.3643
105.2445,44.3643
105.2445,44.3643
94.7661,45.5892
94.7661,45.5892
94.7661,45.5892
93.7126,45.433
93.7126,45.433
93.7126,45.433
90.5576,44.3238
90.5576,44.3238
90.5576,44.3238
88.0048,45.6053
88.0048,45.6053
88.0048,45.6053
97.5881,44.8376
97.5881,44.8376
97.5881,44.8376
87.4147,44.6139
87.4147,44.6139
87.4147,44.6139
99.2512,46.0895
99.2512,46.0895
99.2512,46.0895
89.4748,45.6138
89.4748,45.6138
89.4748,45.6138
92.3774,44.9567
92.3774,44.9567
92.3774,44.9567
87.8524,45.8769
87.8524,45.8769
87.8524,45.8769
86.4123,45.2991
86.4123,45.2991
86.4123,45.2991
86.2687,45.5994
86.2687,45.5994
86.2687,45.5994
95.4147,43.5323
95.4147,43.5323
95.4147,43.5323
91.8106,44.3698
91.8106,44.3698
91.8106,44.3698
88.9406,44.3221
88.9406,44.3221
88.9406,44.3221
90.8127,43.4923
90.8127,43.4923
90.8127,43.4923
83.874,44.8218
83.874,44.8218
83.874,44.8218
81.1308,43.7651
81.1308,43.7651
81.1308,43.7651
93.8598,44.2515
93.8598,44.2515
93.8598,44.2515
85.8722,44.0398
85.8722,44.0398
85.8722,44.0398
90.9773,44.0317
90.9773,44.0317
90.9773,44.0317
94.5545,44.0118
94.5545,44.0118
94.5545,44.0118
89.5133,45.0624
89.5133,45.0624
89.5133,45.0624
89.3391,45.3725
89.3391,45.3725
89.3391,45.3725
95.6317,46.1494
95.6317,46.1494
95.6317,46.1494
93.3127,45.7064
93.3127,45.7064
93.3127,45.7064
89.7675,43.8114
89.7675,43.8114
89.7675,43.8114
92.1735,43.8452
92.1735,43.8452
92.1735,43.8452
97.1543,45.343
97.1543,45.343
97.1543,45.343
96.9234,44.9765
96.9234,44.9765
96.9234,44.9765
95.0754,44.2813
95.0754,44.2813
95.0754,44.2813
86.9936,44.5883
86.9936,44.5883
86.9936,44.5883
95.3004,45.3019
95.3004,45.3019
95.3004,45.3019
81.0094,43.894
81.0094,43.894
81.0094,43.894
92.4072,43.8348
92.4072,43.8348
92.4072,43.8348
94.3109,43.8527
94.3109,43.8527
94.3109,43.8527
93.917,46.0298
93.917,46.0298
93.917,46.0298
90.518,45.0591
90.518,45.0591
90.518,45.0591
91.7482,45.4353
91.7482,45.4353
91.7482,45.4353
96.2383,44.1954
96.2383,44.1954
96.2383,44.1954
94.9818,44.6583
94.9818,44.6583
94.9818,44.6583
97.569,44.4506
97.569,44.4506
97.569,44.4506
105.286,45.2094
105.286,45.2094
105.286,45.2094
92.6815,45.0778
92.6815,45.0778
92.6815,45.0778
98.6252,45.0358
98.6252,45.0358
98.6252,45.0358
97.3981,45.175
97.3981,45.175
97.3981,45.175
99.8749,45.1549
99.8749,45.1549
99.8749,45.1549
90.6681,45.5495
90.6681,45.5495
90.6681,45.5495
95.1315,44.9743
95.1315,44.9743
95.1315,44.9743
85.6861,43.808
85.6861,43.808
85.6861,43.808
92.6705,45.0678
92.6705,45.0678
92.6705,45.0678
91.8796,44.7892
91.8796,44.7892
91.8796,44.7892
101.4533,45.6384
101.4533,45.6384
101.4533,45.6384
84.6621,44.1
84.6621,44.1
84.6621,44.1
94.5103,44.8172
94.5103,44.8172
94.5103,44.8172
90.4771,45.2149
90.4771,45.2149
90.4771,45.2149
95.4243,44.107
95.4243,44.107
95.4243,44.107
101.3032,45.5457
101.3032,45.5457
101.3032,45.5457
85.1119,44.8106
85.1119,44.8106
85.1119,44.8106
91.4889,44.4501
91.4889,44.4501
91.4889,44.4501
91.8818,44.8237
91.8818,44.8237
91.8818,44.8237
100.5001,45.3616
100.5001,45.3616
100.5001,45.3616
86.1497,44.8641
86.1497,44.8641
86.1497,44.8641
94.4233,45.138
94.4233,45.138
94.4233,45.138
87.2791,45.3855
87.2791,45.3855
87.2791,45.3855
98.7486,44.9547
98.7486,44.9547
98.7486,44.9547
92.4785,43.8365
92.4785,43.8365
92.4785,43.8365
88.0123,43.2978
88.0123,43.2978
88.0123,43.2978
88.1007,44.6748
88.1007,44.6748
88.1007,44.6748
105.0896,44.1234
105.0896,44.1234
105.0896,44.1234
83.3306,44.8115
83.3306,44.8115
83.3306,44.8115
96.2556,46.0966
96.2556,46.0966
96.2556,46.0966
85.0482,45.4025
85.0482,45.4025
85.0482,45.4025
89.0414,44.2756
89.0414,44.2756
89.0414,44.2756
91.6232,45.1189
91.6232,45.1189
91.6232,45.1189
87.5624,45.2779
87.5624,45.2779
87.5624,45.2779
100.5115,44.3722
100.5115,44.3722
100.5115,44.3722
83.8351,43.4822
83.8351,43.4822
83.8351,43.4822
102.2381,45.3232
102.2381,45.3232
102.2381,45.3232
95.2122,44.6189
95.2122,44.6189
95.2122,44.6189
92.5547,44.0402
92.5547,44.0402
92.5547,44.0402
95.3883,45.8004
95.3883,45.8004
95.3883,45.8004
108.4302,45.001
108.4302,45.001
108.4302,45.001
96.6704,44.5501
96.6704,44.5501
96.6704,44.5501
86.6108,45.0943
86.6108,45.0943
86.6108,45.0943
86.5638,44.8506
86.5638,44.8506
86.5638,44.8506
98.3695,45.0563
98.3695,45.0563
98.3695,45.0563
87.03,44.6143
87.03,44.6143
87.03,44.6143
90.969,44.4948
90.969,44.4948
90.969,44.4948
89.0921,44.7267
89.0921,44.7267
89.0921,44.7267
91.3639,46.2425
91.3639,46.2425
91.3639,46.2425
93.8799,44.2438
93.8799,44.2438
93.8799,44.2438
109.659,45.8661
109.659,45.8661
109.659,45.8661
89.6928,45.3165
89.6928,45.3165
89.6928,45.3165
102.5404,43.7573
102.5404,43.7573
102.5404,43.7573
91.8782,45.3937
91.8782,45.3937
91.8782,45.3937
89.1793,44.6522
89.1793,44.6522
89.1793,44.6522
97.0918,44.8531
97.0918,44.8531
97.0918,44.8531
88.9149,45.0775
88.9149,45.0775
88.9149,45.0775
96.4263,44.9268
96.4263,44.9268
96.4263,44.9268
88.2002,43.3004
88.2002,43.3004
88.2002,43.3004
94.1911,45.971
94.1911,45.971
94.1911,45.971
91.1435,45.2451
91.1435,45.2451
91.1435,45.2451
88.0311,44.405
88.0311,44.405
88.0311,44.405
95.3416,44.2005
95.3416,44.2005
95.3416,44.2005
91.5768,44.0651
91.5768,44.0651
91.5768,44.0651
85.0246,43.8049
85.0246,43.8049
85.0246,43.8049
86.6298,44.9332
86.6298,44.9332
86.6298,44.9332
85.5374,44.3563
85.5374,44.3563
85.5374,44.3563
78.2847,43.4738
78.2847,43.4738
78.2847,43.4738
88.0002,45.4578
88.0002,45.4578
88.0002,45.4578
91.2153,45.3611
91.2153,45.3611
91.2153,45.3611
88.3001,44.883
88.3001,44.883
88.3001,44.883
88.3436,44.5627
88.3436,44.5627
88.3436,44.5627
102.4881,44.7323
102.4881,44.7323
102.4881,44.7323
93.4615,44.735
93.4615,44.735
93.4615,44.735
99.1946,44.6322
99.1946,44.6322
99.1946,44.6322
90.0238,44.625
90.0238,44.625
90.0238,44.625
86.3669,44.8808
86.3669,44.8808
86.3669,44.8808
96.1053,44.5687
96.1053,44.5687
96.1053,44.5687
87.0215,44.9432
87.0215,44.9432
87.0215,44.9432
96.5072,44.5178
96.5072,44.5178
96.5072,44.5178
90.8344,44.0779
90.8344,44.0779
90.8344,44.0779
100.0843,44.35
100.0843,44.35
100.0843,44.35
88.1647,44.7867
88.1647,44.7867
88.1647,44.7867
89.8547,44.727
89.8547,44.727
89.8547,44.727
91.2605,44.8564
91.2605,44.8564
91.2605,44.8564
99.5477,45.7746
99.5477,45.7746
99.5477,45.7746
87.276,44.7468
87.276,44.7468
87.276,44.7468
89.3892,45.5011
89.3892,45.5011
89.3892,45.5011
80.3619,44.972
80.3619,44.972
80.3619,44.972
85.8002,45.0373
85.8002,45.0373
85.8002,45.0373
98.3018,44.2886
98.3018,44.2886
98.3018,44.2886
84.4411,44.3744
84.4411,44.3744
84.4411,44.3744
88.572,45.1085
88.572,45.1085
88.572,45.1085
89.5002,46.0869
89.5002,46.0869
89.5002,46.0869
93.2175,44.3234
93.2175,44.3234
93.2175,44.3234
98.1845,45.7998
98.1845,45.7998
98.1845,45.7998
89.3053,43.9494
89.3053,43.9494
89.3053,43.9494
95.4937,43.8574
95.4937,43.8574
95.4937,43.8574
107.5471,43.9587
107.5471,43.9587
107.5471,43.9587
93.9289,44.989
93.9289,44.989
93.9289,44.989
102.2692,44.1321
102.2692,44.1321
102.2692,44.1321
104.0378,45.2155
104.0378,45.2155
104.0378,45.2155
92.181,45.3641
92.181,45.3641
92.181,45.3641
95.9205,44.1418
95.9205,44.1418
95.9205,44.1418
89.3264,44.4631
89.3264,44.4631
89.3264,44.4631
100.492,44.4351
100.492,44.4351
100.492,44.4351
99.7015,44.6892
99.7015,44.6892
99.7015,44.6892
92.8984,44.3597
92.8984,44.3597
92.8984,44.3597
88.6632,44.5704
88.6632,44.5704
88.6632,44.5704
97.8786,44.4541
97.8786,44.4541
97.8786,44.4541
92.0259,44.8469
92.0259,44.8469
92.0259,44.8469
88.3427,44.3152
88.3427,44.3152
88.3427,44.3152
92.4249,43.7671
92.4249,43.7671
92.4249,43.7671
84.4989,45.1901
84.4989,45.1901
84.4989,45.1901
97.5881,45.6394
97.5881,45.6394
97.5881,45.6394
100.3569,44.346
100.3569,44.346
100.3569,44.346
87.0015,44.7051
87.0015,44.7051
87.0015,44.7051
90.8557,44.7752
90.8557,44.7752
90.8557,44.7752
97.2802,44.5511
97.2802,44.5511
97.2802,44.5511
92.4919,45.1255
92.4919,45.1255
92.4919,45.1255
90.5943,44.7597
90.5943,44.7597
90.5943,44.7597
89.6514,44.3399
89.6514,44.3399
89.6514,44.3399
98.5331,43.979
98.5331,43.979
98.5331,43.979
96.1239,44.6275
96.1239,44.6275
96.1239,44.6275
85.7625,44.4659
85.7625,44.4659
85.7625,44.4659
94.2522,45.7611
94.2522,45.7611
94.2522,45.7611
90.9214,44.7519
90.9214,44.7519
90.9214,44.7519
90.6301,43.0582
90.6301,43.0582
90.6301,43.0582
90.7956,44.699
90.7956,44.699
90.7956,44.699
89.0873,44.616
89.0873,44.616
89.0873,44.616
89.2972,45.3106
89.2972,45.3106
89.2972,45.3106
81.6686,44.9493
81.6686,44.9493
81.6686,44.9493
98.4672,45.3164
98.4672,45.3164
98.4672,45.3164
87.9778,44.3725
87.9778,44.3725
87.9778,44.3725
95.4342,43.5154
95.4342,43.5154
95.4342,43.5154
87.9429,44.8035
87.9429,44.8035
87.9429,44.8035
88.6503,45.2928
88.6503,45.2928
88.6503,45.2928
97.0262,44.8335
97.0262,44.8335
97.0262,44.8335
79.4746,43.9291
79.4746,43.9291
79.4746,43.9291
91.5353,43.7861
91.5353,43.7861
91.5353,43.7861
91.3261,45.4775
91.3261,45.4775
91.3261,45.4775
94.7554,44.6497
94.7554,44.6497
94.7554,44.6497
94.8414,45.5185
94.8414,45.5185
94.8414,45.5185
98.1214,45.0396
98.1214,45.0396
98.1214,45.0396
84.2947,43.749
84.2947,43.749
84.2947,43.749
86.2978,45.7899
86.2978,45.7899
86.2978,45.7899
88.6281,43.8016
88.6281,43.8016
88.6281,43.8016
94.1514,45.353
94.1514,45.353
94.1514,45.353
100.9063,43.6111
100.9063,43.6111
100.9063,43.6111
101.4925,44.4755
101.4925,44.4755
101.4925,44.4755
88.4533,45.1951
88.4533,45.1951
88.4533,45.1951
95.1589,44.1689
95.1589,44.1689
95.1589,44.1689
97.8385,44.2431
97.8385,44.2431
97.8385,44.2431
92.0161,44.9266
92.0161,44.9266
92.0161,44.9266
98.3251,44.3359
98.3251,44.3359
98.3251,44.3359
92.1988,43.6092
92.1988,43.6092
92.1988,43.6092
88.6078,45.4542
88.6078,45.4542
88.6078,45.4542
101.333,45.1216
101.333,45.1216
101.333,45.1216
103.7922,44.475
103.7922,44.475
103.7922,44.475
98.9258,45.4518
98.9258,45.4518
98.9258,45.4518
94.929,45.1874
94.929,45.1874
94.929,45.1874
92.4744,44.4113
92.4744,44.4113
92.4744,44.4113
94.6884,45.2675
94.6884,45.2675
94.6884,45.2675
87.1843,43.3892
87.1843,43.3892
87.1843,43.3892
98.989,43.7172
98.989,43.7172
98.989,43.7172
94.1728,44.1716
94.1728,44.1716
94.1728,44.1716
97.6815,44.6194
97.6815,44.6194
97.6815,44.6194
96.1027,44.3836
96.1027,44.3836
96.1027,44.3836
87.8892,44.8245
87.8892,44.8245
87.8892,44.8245
86.4543,44.8476
86.4543,44.8476
86.4543,44.8476
88.6044,44.6377
88.6044,44.6377
88.6044,44.6377
82.3539,45.2244
82.3539,45.2244
82.3539,45.2244
90.4558,45.1682
90.4558,45.1682
90.4558,45.1682
83.5524,43.7421
83.5524,43.7421
83.5524,43.7421
97.8127,45.6978
97.8127,45.6978
97.8127,45.6978
88.0471,44.6916
88.0471,44.6916
88.0471,44.6916
87.0611,45.6755
87.0611,45.6755
87.0611,45.6755
91.8226,44.6283
91.8226,44.6283
91.8226,44.6283
95.8392,43.6382
95.8392,43.6382
95.8392,43.6382
95.0814,45.0346
95.0814,45.0346
95.0814,45.0346
93.838,44.7891
93.838,44.7891
93.838,44.7891
91.0439,43.9687
91.0439,43.9687
91.0439,43.9687
101.4197,44.0546
101.4197,44.0546
101.4197,44.0546
97.6982,45.17
97.6982,45.17
97.6982,45.17
92.834,44.2344
92.834,44.2344
92.834,44.2344
110.4179,44.9733
110.4179,44.9733
110.4179,44.9733
95.6084,44.9565
95.6084,44.9565
95.6084,44.9565
81.7073,44.9932
81.7073,44.9932
81.7073,44.9932
84.4609,44.277
84.4609,44.277
84.4609,44.277
97.5505,45.418
97.5505,45.418
97.5505,45.418
92.2773,43.9093
92.2773,43.9093
92.2773,43.9093
92.6894,44.2675
92.6894,44.2675
92.6894,44.2675
83.5364,45.0214
83.5364,45.0214
83.5364,45.0214
92.6096,45.0608
92.6096,45.0608
92.6096,45.0608
84.1811,44.4838
84.1811,44.4838
84.1811,44.4838
91.1043,45.7096
91.1043,45.7096
91.1043,45.7096
87.5067,43.7544
87.5067,43.7544
87.5067,43.7544
97.1548,44.0711
97.1548,44.0711
97.1548,44.0711
89.7514,44.9642
89.7514,44.9642
89.7514,44.9642
89.1391,43.8983
89.1391,43.8983
89.1391,43.8983
92.1753,45.1524
92.1753,45.1524
92.1753,45.1524
101.5057,43.6302
101.5057,43.6302
101.5057,43.6302
94.9414,44.026
94.9414,44.026
94.9414,44.026
83.6698,43.9848
83.6698,43.9848
83.6698,43.9848
97.0532,43.758
97.0532,43.758
97.0532,43.758
87.1469,44.8959
87.1469,44.8959
87.1469,44.8959
94.0145,45.6934
94.0145,45.6934
94.0145,45.6934
82.3103,44.8488
82.3103,44.8488
82.3103,44.8488
79.6524,43.9371
79.6524,43.9371
79.6524,43.9371
96.219,45.0036
96.219,45.0036
96.219,45.0036
96.6086,44.7089
96.6086,44.7089
96.6086,44.7089
92.5033,43.9624
92.5033,43.9624
92.5033,43.9624
90.8977,44.9682
90.8977,44.9682
90.8977,44.9682
91.2983,45.8673
91.2983,45.8673
91.2983,45.8673
96.1789,45.0109
96.1789,45.0109
96.1789,45.0109
91.3323,45.7549
91.3323,45.7549
91.3323,45.7549
92.7378,43.4332
92.7378,43.4332
92.7378,43.4332
92.9302,44.4845
92.9302,44.4845
92.9302,44.4845
88.7848,44.9035
88.7848,44.9035
88.7848,44.9035
90.6726,44.9611
90.6726,44.9611
90.6726,44.9611
92.0456,44.5662
92.0456,44.5662
92.0456,44.5662
95.0858,45.4261
95.0858,45.4261
95.0858,45.4261
95.3963,45.4199
95.3963,45.4199
95.3963,45.4199
97.7133,45.669
97.7133,45.669
97.7133,45.669
92.1098,43.5385
92.1098,43.5385
92.1098,43.5385
87.6281,45.8124
87.6281,45.8124
87.6281,45.8124
90.5887,44.8329
90.5887,44.8329
90.5887,44.8329
101.2104,45.0326
101.2104,45.0326
101.2104,45.0326
88.2795,45.3572
88.2795,45.3572
88.2795,45.3572
84.5063,44.8378
84.5063,44.8378
84.5063,44.8378
91.9654,44.0467
91.9654,44.0467
91.9654,44.0467
103.3654,44.3323
103.3654,44.3323
103.3654,44.3323
100.7168,45.9013
100.7168,45.9013
100.7168,45.9013
90.8508,44.1918
90.8508,44.1918
90.8508,44.1918
98.6245,44.4183
98.6245,44.4183
98.6245,44.4183
85.9176,45.3566
85.9176,45.3566
85.9176,45.3566
74.8044,45.6728
74.8044,45.6728
74.8044,45.6728
89.5245,44.2708
89.5245,44.2708
89.5245,44.2708
80.8542,44.4084
80.8542,44.4084
80.8542,44.4084
86.7508,43.4209
86.7508,43.4209
86.7508,43.4209
90.4915,44.1743
90.4915,44.1743
90.4915,44.1743
96.8276,43.7276
96.8276,43.7276
96.8276,43.7276
96.6768,45.1793
96.6768,45.1793
96.6768,45.1793
99.2842,45.8136
99.2842,45.8136
99.2842,45.8136
89.0344,44.6623
89.0344,44.6623
89.0344,44.6623
94.0425,45.1367
94.0425,45.1367
94.0425,45.1367
87.4606,44.1238
87.4606,44.1238
87.4606,44.1238
88.2889,45.314
88.2889,45.314
88.2889,45.314
94.3423,44.7824
94.3423,44.7824
94.3423,44.7824
94.7101,45.3384
94.7101,45.3384
94.7101,45.3384
86.946,44.8734
86.946,44.8734
86.946,44.8734
96.5249,45.1019
96.5249,45.1019
96.5249,45.1019
92.6943,44.8894
92.6943,44.8894
92.6943,44.8894
92.5583,44.3908
92.5583,44.3908
92.5583,44.3908
89.8784,45.2693
89.8784,45.2693
89.8784,45.2693
94.9579,43.7101
94.9579,43.7101
94.9579,43.7101
80.9847,44.3313
80.9847,44.3313
80.9847,44.3313
95.3358,44.7179
95.3358,44.7179
95.3358,44.7179
95.7169,44.8555
95.7169,44.8555
95.7169,44.8555
103.0252,43.5156
103.0252,43.5156
103.0252,43.5156
91.8003,45.2848
91.8003,45.2848
91.8003,45.2848
90.7482,44.2127
90.7482,44.2127
90.7482,44.2127
95.8748,45.6141
95.8748,45.6141
95.8748,45.6141
87.7347,43.5668
87.7347,43.5668
87.7347,43.5668
94.8361,44.8577
94.8361,44.8577
94.8361,44.8577
97.7138,44.751
97.7138,44.751
97.7138,44.751
96.2122,44.6825
96.2122,44.6825
96.2122,44.6825
90.1983,45.3045
90.1983,45.3045
90.1983,45.3045
87.5112,44.738
87.5112,44.738
87.5112,44.738
92.7454,45.688
92.7454,45.688
92.7454,45.688
88.9206,45.66
88.9206,45.66
88.9206,45.66
90.5819,44.8561
90.5819,44.8561
90.5819,44.8561
84.0447,45.2561
84.0447,45.2561
84.0447,45.2561
85.3737,45.0152
85.3737,45.0152
85.3737,45.0152
95.2592,44.0801
95.2592,44.0801
95.2592,44.0801
95.6823,44.8826
95.6823,44.8826
95.6823,44.8826
101.676,45.2168
101.676,45.2168
101.676,45.2168
90.4162,45.584
90.4162,45.584
90.4162,45.584
90.854,44.3359
90.854,44.3359
90.854,44.3359
92.2455,44.0434
92.2455,44.0434
92.2455,44.0434
97.4217,44.7906
97.4217,44.7906
97.4217,44.7906
85.8652,44.5384
85.8652,44.5384
85.8652,44.5384
91.7954,45.1384
91.7954,45.1384
91.7954,45.1384
85.9899,44.4321
85.9899,44.4321
85.9899,44.4321
83.798,44.2555
83.798,44.2555
83.798,44.2555
87.343,44.3523
87.343,44.3523
87.343,44.3523
91.0045,44.1213
91.0045,44.1213
91.0045,44.1213
78.9914,44.2798
78.9914,44.2798
78.9914,44.2798
83.1685,44.665
83.1685,44.665
83.1685,44.665
101.2666,45.4401
101.2666,45.4401
101.2666,45.4401
90.8081,44.1772
90.8081,44.1772
90.8081,44.1772
102.1027,44.8014
102.1027,44.8014
102.1027,44.8014
86.2041,45.842
86.2041,45.842
86.2041,45.842
94.6546,44.5292
94.6546,44.5292
94.6546,44.5292
98.1793,44.2577
98.1793,44.2577
98.1793,44.2577
90.0197,44.2098
90.0197,44.2098
90.0197,44.2098
95.9749,44.4126
95.9749,44.4126
95.9749,44.4126
99.031,44.0874
99.031,44.0874
99.031,44.0874
98.849,44.6981
98.849,44.6981
98.849,44.6981
91.2109,44.5051
91.2109,44.5051
91.2109,44.5051
90.1415,43.4642
90.1415,43.4642
90.1415,43.4642
93.5151,45.2813
93.5151,45.2813
93.5151,45.2813
93.9515,44.8848
93.9515,44.8848
93.9515,44.8848
94.5824,44.5999
94.5824,44.5999
94.5824,44.5999
87.7949,44.4218
87.7949,44.4218
87.7949,44.4218
92.0671,45.5213
92.0671,45.5213
92.0671,45.5213
90.2234,44.9505
90.2234,44.9505
90.2234,44.9505
102.2971,43.6914
102.2971,43.6914
102.2971,43.6914
92.4833,44.9661
92.4833,44.9661
92.4833,44.9661
92.1816,45.0008
92.1816,45.0008
92.1816,45.0008
89.5575,43.8228
89.5575,43.8228
89.5575,43.8228
83.7535,45.8338
83.7535,45.8338
83.7535,45.8338
93.7104,44.5891
93.7104,44.5891
93.7104,44.5891
97.6683,44.3303
97.6683,44.3303
97.6683,44.3303
100.15,45.4735
100.15,45.4735
100.15,45.4735
87.092,44.4465
87.092,44.4465
87.092,44.4465
83.0304,44.688
83.0304,44.688
83.0304,44.688
90.8589,45.3776
90.8589,45.3776
90.8589,45.3776
97.6821,44.846
97.6821,44.846
97.6821,44.846
94.2551,43.7828
94.2551,43.7828
94.2551,43.7828
90.4537,45.1452
90.4537,45.1452
90.4537,45.1452
104.6074,43.4289
104.6074,43.4289
104.6074,43.4289
91.9429,44.4383
91.9429,44.4383
91.9429,44.4383
99.7391,44.914
99.7391,44.914
99.7391,44.914
83.9634,44.809
83.9634,44.809
83.9634,44.809
97.7646,44.9916
97.7646,44.9916
97.7646,44.9916
101.8296,46.2384
101.8296,46.2384
101.8296,46.2384
91.8241,45.2929
91.8241,45.2929
91.8241,45.2929
88.2008,43.6751
88.2008,43.6751
88.2008,43.6751
91.8944,43.7612
91.8944,43.7612
91.8944,43.7612
92.9237,45.5307
92.9237,45.5307
92.9237,45.5307
93.9255,43.5995
93.9255,43.5995
93.9255,43.5995
88.4954,43.8154
88.4954,43.8154
88.4954,43.8154
92.7663,44.6004
92.7663,44.6004
92.7663,44.6004
99.0895,43.5305
99.0895,43.5305
99.0895,43.5305
98.3803,43.7635
98.3803,43.7635
98.3803,43.7635
86.9465,45.24
86.9465,45.24
86.9465,45.24
100.4913,45.5084
100.4913,45.5084
100.4913,45.5084
90.5161,44.2992
90.5161,44.2992
90.5161,44.2992
97.4221,45.0341
97.4221,45.0341
97.4221,45.0341
88.1768,45.0885
88.1768,45.0885
88.1768,45.0885
101.3924,45.648
101.3924,45.648
101.3924,45.648
88.2012,44.0875
88.2012,44.0875
88.2012,44.0875
89.4236,44.2767
89.4236,44.2767
89.4236,44.2767
87.7075,43.7996
87.7075,43.7996
87.7075,43.7996
85.0797,45.3013
85.0797,45.3013
85.0797,45.3013
86.0638,44.2805
86.0638,44.2805
86.0638,44.2805
87.6236,45.2381
87.6236,45.2381
87.6236,45.2381
89.9115,45.3883
89.9115,45.3883
89.9115,45.3883
92.1557,45.1181
92.1557,45.1181
92.1557,45.1181
90.8631,45.3455
90.8631,45.3455
90.8631,45.3455
98.5148,45.1278
98.5148,45.1278
98.5148,45.1278
87.0369,45.7855
87.0369,45.7855
87.0369,45.7855
89.9115,44.5915
89.9115,44.5915
89.9115,44.5915
90.319,44.5347
90.319,44.5347
90.319,44.5347
88.174,44.7067
88.174,44.7067
88.174,44.7067
97.3312,44.7995
97.3312,44.7995
97.3312,44.7995
98.5393,45.0547
98.5393,45.0547
98.5393,45.0547
84.0554,43.5094
84.0554,43.5094
84.0554,43.5094
90.7505,45.235
90.7505,45.235
90.7505,45.235
89.7242,44.2116
89.7242,44.2116
89.7242,44.2116
89.947,44.6373
89.947,44.6373
89.947,44.6373
96.3712,45.3472
96.3712,45.3472
96.3712,45.3472
94.601,44.6326
94.601,44.6326
94.601,44.6326
97.4422,44.6942
97.4422,44.6942
97.4422,44.6942
99.7279,43.9337
99.7279,43.9337
99.7279,43.9337
96.773,44.6227
96.773,44.6227
96.773,44.6227
90.5718,45.0774
90.5718,45.0774
90.5718,45.0774
93.0381,43.4976
93.0381,43.4976
93.0381,43.4976
90.7455,45.0405
90.7455,45.0405
90.7455,45.0405
91.0148,45.0498
91.0148,45.0498
91.0148,45.0498
93.3281,43.5969
93.3281,43.5969
93.3281,43.5969
99.7036,44.8386
99.7036,44.8386
99.7036,44.8386
100.9439,43.9555
100.9439,43.9555
100.9439,43.9555
92.9958,44.1471
92.9958,44.1471
92.9958,44.1471
93.8906,44.0342
93.8906,44.0342
93.8906,44.0342
102.2124,44.2414
102.2124,44.2414
102.2124,44.2414
85.3236,44.1867
85.3236,44.1867
85.3236,44.1867
100.4344,44.757
100.4344,44.757
100.4344,44.757
81.4657,46.1568
81.4657,46.1568
81.4657,46.1568
89.4265,46.0683
89.4265,46.0683
89.4265,46.0683
91.5231,44.1931
91.5231,44.1931
91.5231,44.1931
83.8215,44.2435
83.8215,44.2435
83.8215,44.2435
94.5694,44.8136
94.5694,44.8136
94.5694,44.8136
93.7939,44.4661
93.7939,44.4661
93.7939,44.4661
93.6141,43.9335
93.6141,43.9335
93.6141,43.9335
81.4381,44.4975
81.4381,44.4975
81.4381,44.4975
93.5698,43.8704
93.5698,43.8704
93.5698,43.8704
85.999,44.7297
85.999,44.7297
85.999,44.7297
89.6934,45.2034
89.6934,45.2034
89.6934,45.2034
82.3312,43.9943
82.3312,43.9943
82.3312,43.9943
82.532,44.989
82.532,44.989
82.532,44.989
91.0656,44.9916
91.0656,44.9916
91.0656,44.9916
