Loss_im,psnr
4518.9167,9.3404
4518.9167,9.3404
4518.9167,9.3404
7056.2467,14.7076
7056.2467,14.7076
7056.2467,14.7076
4034.5693,18.8967
4034.5693,18.8967
4034.5693,18.8967
2422.8665,19.9011
2422.8665,19.9011
2422.8665,19.9011
2248.6947,19.8049
2248.6947,19.8049
2248.6947,19.8049
2231.3335,22.3248
2231.3335,22.3248
2231.3335,22.3248
1536.9253,21.3307
1536.9253,21.3307
1536.9253,21.3307
1575.2878,24.3847
1575.2878,24.3847
1575.2878,24.3847
1196.491,25.1619
1196.491,25.1619
1196.491,25.1619
1033.9019,25.5413
1033.9019,25.5413
1033.9019,25.5413
856.7915,26.4687
856.7915,26.4687
856.7915,26.4687
999.5133,26.7278
999.5133,26.7278
999.5133,26.7278
895.1855,26.6457
895.1855,26.6457
895.1855,26.6457
807.1214,26.2939
807.1214,26.2939
807.1214,26.2939
710.1442,26.5286
710.1442,26.5286
710.1442,26.5286
778.6126,28.026
778.6126,28.026
778.6126,28.026
787.983,27.3256
787.983,27.3256
787.983,27.3256
715.0825,27.5519
715.0825,27.5519
715.0825,27.5519
738.4964,28.0653
738.4964,28.0653
738.4964,28.0653
594.3944,29.2091
594.3944,29.2091
594.3944,29.2091
642.3879,28.4614
642.3879,28.4614
642.3879,28.4614
618.9016,29.4455
618.9016,29.4455
618.9016,29.4455
584.0148,28.5795
584.0148,28.5795
584.0148,28.5795
569.5918,29.8814
569.5918,29.8814
569.5918,29.8814
647.1999,30.3402
647.1999,30.3402
647.1999,30.3402
588.8184,29.3676
588.8184,29.3676
588.8184,29.3676
475.4397,28.3779
475.4397,28.3779
475.4397,28.3779
528.0346,30.2178
528.0346,30.2178
528.0346,30.2178
529.2281,29.8134
529.2281,29.8134
529.2281,29.8134
507.2188,31.7058
507.2188,31.7058
507.2188,31.7058
472.7634,29.8005
472.7634,29.8005
472.7634,29.8005
480.7449,30.4784
480.7449,30.4784
480.7449,30.4784
493.0067,30.7021
493.0067,30.7021
493.0067,30.7021
460.7523,29.2255
460.7523,29.2255
460.7523,29.2255
467.4426,29.9878
467.4426,29.9878
467.4426,29.9878
441.7747,29.8258
441.7747,29.8258
441.7747,29.8258
439.6677,30.6353
439.6677,30.6353
439.6677,30.6353
456.1677,30.9079
456.1677,30.9079
456.1677,30.9079
466.2935,31.6572
466.2935,31.6572
466.2935,31.6572
407.6635,31.0938
407.6635,31.0938
407.6635,31.0938
512.3942,30.5649
512.3942,30.5649
512.3942,30.5649
458.2,30.3829
458.2,30.3829
458.2,30.3829
453.2691,31.9022
453.2691,31.9022
453.2691,31.9022
432.5704,30.2961
432.5704,30.2961
432.5704,30.2961
476.1631,30.6289
476.1631,30.6289
476.1631,30.6289
425.6765,30.8205
425.6765,30.8205
425.6765,30.8205
407.3004,33.4412
407.3004,33.4412
407.3004,33.4412
384.6645,30.604
384.6645,30.604
384.6645,30.604
423.027,31.7232
423.027,31.7232
423.027,31.7232
436.0511,31.545
436.0511,31.545
436.0511,31.545
440.1316,30.9313
440.1316,30.9313
440.1316,30.9313
398.7247,31.5731
398.7247,31.5731
398.7247,31.5731
356.1826,31.185
356.1826,31.185
356.1826,31.185
416.0689,31.2064
416.0689,31.2064
416.0689,31.2064
392.1742,31.9859
392.1742,31.9859
392.1742,31.9859
354.4331,31.4898
354.4331,31.4898
354.4331,31.4898
396.0241,31.6861
396.0241,31.6861
396.0241,31.6861
387.4141,31.5759
387.4141,31.5759
387.4141,31.5759
401.8988,31.7735
401.8988,31.7735
401.8988,31.7735
379.3197,32.1642
379.3197,32.1642
379.3197,32.1642
386.5001,30.6713
386.5001,30.6713
386.5001,30.6713
421.3661,32.1292
421.3661,32.1292
421.3661,32.1292
378.2033,31.6696
378.2033,31.6696
378.2033,31.6696
351.4469,33.4476
351.4469,33.4476
351.4469,33.4476
368.3137,32.3305
368.3137,32.3305
368.3137,32.3305
412.0296,31.134
412.0296,31.134
412.0296,31.134
493.6696,30.9687
493.6696,30.9687
493.6696,30.9687
463.3962,31.7876
463.3962,31.7876
463.3962,31.7876
446.8607,31.1687
446.8607,31.1687
446.8607,31.1687
414.1436,32.136
414.1436,32.136
414.1436,32.136
413.6959,31.34
413.6959,31.34
413.6959,31.34
435.2607,30.0424
435.2607,30.0424
435.2607,30.0424
411.7704,32.392
411.7704,32.392
411.7704,32.392
383.5071,32.2933
383.5071,32.2933
383.5071,32.2933
465.75,30.9396
465.75,30.9396
465.75,30.9396
421.951,31.7652
421.951,31.7652
421.951,31.7652
462.8962,31.4121
462.8962,31.4121
462.8962,31.4121
479.343,31.4242
479.343,31.4242
479.343,31.4242
452.1812,30.8707
452.1812,30.8707
452.1812,30.8707
448.5708,31.0697
448.5708,31.0697
448.5708,31.0697
409.588,32.4386
409.588,32.4386
409.588,32.4386
468.734,31.32
468.734,31.32
468.734,31.32
417.1279,31.3097
417.1279,31.3097
417.1279,31.3097
472.7686,30.474
472.7686,30.474
472.7686,30.474
481.713,30.7778
481.713,30.7778
481.713,30.7778
441.0216,31.6345
441.0216,31.6345
441.0216,31.6345
449.7192,32.4825
449.7192,32.4825
449.7192,32.4825
441.7802,32.1075
441.7802,32.1075
441.7802,32.1075
385.209,31.5166
385.209,31.5166
385.209,31.5166
418.12,31.0633
418.12,31.0633
418.12,31.0633
411.9359,30.999
411.9359,30.999
411.9359,30.999
412.8622,31.3233
412.8622,31.3233
412.8622,31.3233
461.7809,32.9843
461.7809,32.9843
461.7809,32.9843
399.9122,31.7212
399.9122,31.7212
399.9122,31.7212
372.0517,31.0885
372.0517,31.0885
372.0517,31.0885
452.9439,33.4186
452.9439,33.4186
452.9439,33.4186
390.6842,31.6749
390.6842,31.6749
390.6842,31.6749
389.2575,31.2625
389.2575,31.2625
389.2575,31.2625
388.3564,31.3932
388.3564,31.3932
388.3564,31.3932
423.9663,33.4921
423.9663,33.4921
423.9663,33.4921
408.2588,32.7129
408.2588,32.7129
408.2588,32.7129
440.3906,32.0723
440.3906,32.0723
440.3906,32.0723
492.3997,32.2581
492.3997,32.2581
492.3997,32.2581
414.1768,31.276
414.1768,31.276
414.1768,31.276
428.6856,32.2944
428.6856,32.2944
428.6856,32.2944
398.8035,33.3792
398.8035,33.3792
398.8035,33.3792
474.6764,33.0172
474.6764,33.0172
474.6764,33.0172
364.2524,31.1513
364.2524,31.1513
364.2524,31.1513
516.0703,31.852
516.0703,31.852
516.0703,31.852
399.218,32.7947
399.218,32.7947
399.218,32.7947
407.6534,30.4626
407.6534,30.4626
407.6534,30.4626
482.2543,33.3883
482.2543,33.3883
482.2543,33.3883
364.526,32.2294
364.526,32.2294
364.526,32.2294
393.0739,32.2328
393.0739,32.2328
393.0739,32.2328
405.4789,32.9238
405.4789,32.9238
405.4789,32.9238
432.5248,31.3591
432.5248,31.3591
432.5248,31.3591
358.7987,31.7196
358.7987,31.7196
358.7987,31.7196
404.1756,33.4783
404.1756,33.4783
404.1756,33.4783
426.0392,33.3182
426.0392,33.3182
426.0392,33.3182
358.0286,32.4847
358.0286,32.4847
358.0286,32.4847
390.425,33.0539
390.425,33.0539
390.425,33.0539
425.9309,31.6945
425.9309,31.6945
425.9309,31.6945
408.347,32.3556
408.347,32.3556
408.347,32.3556
330.9921,31.5384
330.9921,31.5384
330.9921,31.5384
420.1076,32.3447
420.1076,32.3447
420.1076,32.3447
381.6852,33.5845
381.6852,33.5845
381.6852,33.5845
356.9508,33.3952
356.9508,33.3952
356.9508,33.3952
383.9649,33.6393
383.9649,33.6393
383.9649,33.6393
390.0684,31.9441
390.0684,31.9441
390.0684,31.9441
346.3781,33.7625
346.3781,33.7625
346.3781,33.7625
391.8168,32.3344
391.8168,32.3344
391.8168,32.3344
378.139,33.0628
378.139,33.0628
378.139,33.0628
382.2241,33.0599
382.2241,33.0599
382.2241,33.0599
333.013,32.56
333.013,32.56
333.013,32.56
292.8615,32.5688
292.8615,32.5688
292.8615,32.5688
337.7573,33.8115
337.7573,33.8115
337.7573,33.8115
302.2656,33.23
302.2656,33.23
302.2656,33.23
352.726,34.0622
352.726,34.0622
352.726,34.0622
327.5558,33.2743
327.5558,33.2743
327.5558,33.2743
296.1298,33.4694
296.1298,33.4694
296.1298,33.4694
349.5564,33.5951
349.5564,33.5951
349.5564,33.5951
322.2455,32.8531
322.2455,32.8531
322.2455,32.8531
326.2878,33.1926
326.2878,33.1926
326.2878,33.1926
352.9593,33.2712
352.9593,33.2712
352.9593,33.2712
325.369,32.7185
325.369,32.7185
325.369,32.7185
322.6452,33.5632
322.6452,33.5632
322.6452,33.5632
325.6978,33.3807
325.6978,33.3807
325.6978,33.3807
300.0217,33.5264
300.0217,33.5264
300.0217,33.5264
306.3011,34.0192
306.3011,34.0192
306.3011,34.0192
317.0791,33.1828
317.0791,33.1828
317.0791,33.1828
326.4565,33.7949
326.4565,33.7949
326.4565,33.7949
335.0225,32.7529
335.0225,32.7529
335.0225,32.7529
368.6416,33.2229
368.6416,33.2229
368.6416,33.2229
337.2343,34.3836
337.2343,34.3836
337.2343,34.3836
326.8444,32.8475
326.8444,32.8475
326.8444,32.8475
346.1131,33.2655
346.1131,33.2655
346.1131,33.2655
390.8079,33.231
390.8079,33.231
390.8079,33.231
378.6886,32.7463
378.6886,32.7463
378.6886,32.7463
328.844,32.9013
328.844,32.9013
328.844,32.9013
366.3714,33.0705
366.3714,33.0705
366.3714,33.0705
334.4513,32.8152
334.4513,32.8152
334.4513,32.8152
357.4705,34.6568
357.4705,34.6568
357.4705,34.6568
344.1735,32.8225
344.1735,32.8225
344.1735,32.8225
313.45,32.7395
313.45,32.7395
313.45,32.7395
368.3776,33.287
368.3776,33.287
368.3776,33.287
301.2269,34.1816
301.2269,34.1816
301.2269,34.1816
348.3055,33.4502
348.3055,33.4502
348.3055,33.4502
345.6444,32.9926
345.6444,32.9926
345.6444,32.9926
351.6477,34.2161
351.6477,34.2161
351.6477,34.2161
282.1375,33.6238
282.1375,33.6238
282.1375,33.6238
337.2578,33.8832
337.2578,33.8832
337.2578,33.8832
312.5631,33.0733
312.5631,33.0733
312.5631,33.0733
305.6858,33.7666
305.6858,33.7666
305.6858,33.7666
281.8704,33.9183
281.8704,33.9183
281.8704,33.9183
317.5919,33.9113
317.5919,33.9113
317.5919,33.9113
292.5271,33.6649
292.5271,33.6649
292.5271,33.6649
290.8086,33.5977
290.8086,33.5977
290.8086,33.5977
328.1085,33.3581
328.1085,33.3581
328.1085,33.3581
267.8489,33.6762
267.8489,33.6762
267.8489,33.6762
328.9819,34.3221
328.9819,34.3221
328.9819,34.3221
286.2301,34.028
286.2301,34.028
286.2301,34.028
306.8731,34.3404
306.8731,34.3404
306.8731,34.3404
297.1391,32.8198
297.1391,32.8198
297.1391,32.8198
294.7901,33.9841
294.7901,33.9841
294.7901,33.9841
265.2524,33.4389
265.2524,33.4389
265.2524,33.4389
302.4179,33.2292
302.4179,33.2292
302.4179,33.2292
303.9926,33.5211
303.9926,33.5211
303.9926,33.5211
290.4979,33.0844
290.4979,33.0844
290.4979,33.0844
269.2692,34.796
269.2692,34.796
269.2692,34.796
321.3086,34.0202
321.3086,34.0202
321.3086,34.0202
285.4816,33.811
285.4816,33.811
285.4816,33.811
288.3455,34.7814
288.3455,34.7814
288.3455,34.7814
277.6228,33.8132
277.6228,33.8132
277.6228,33.8132
287.1621,36.2938
287.1621,36.2938
287.1621,36.2938
279.7069,33.7348
279.7069,33.7348
279.7069,33.7348
300.8728,34.037
300.8728,34.037
300.8728,34.037
304.7269,33.5457
304.7269,33.5457
304.7269,33.5457
320.4995,33.5005
320.4995,33.5005
320.4995,33.5005
317.0473,33.2119
317.0473,33.2119
317.0473,33.2119
311.3402,33.5178
311.3402,33.5178
311.3402,33.5178
339.9493,34.4307
339.9493,34.4307
339.9493,34.4307
285.2072,33.0212
285.2072,33.0212
285.2072,33.0212
343.0651,33.0868
343.0651,33.0868
343.0651,33.0868
325.5691,34.0401
325.5691,34.0401
325.5691,34.0401
318.8296,33.9779
318.8296,33.9779
318.8296,33.9779
339.7669,33.9006
339.7669,33.9006
339.7669,33.9006
346.9726,32.6892
346.9726,32.6892
346.9726,32.6892
380.7991,34.6644
380.7991,34.6644
380.7991,34.6644
284.8019,34.3159
284.8019,34.3159
284.8019,34.3159
313.9784,34.6138
313.9784,34.6138
313.9784,34.6138
262.8701,33.8976
262.8701,33.8976
262.8701,33.8976
336.3576,34.859
336.3576,34.859
336.3576,34.859
264.5409,34.1455
264.5409,34.1455
264.5409,34.1455
317.0491,33.9521
317.0491,33.9521
317.0491,33.9521
303.3252,34.1228
303.3252,34.1228
303.3252,34.1228
318.2781,34.9253
318.2781,34.9253
318.2781,34.9253
323.855,34.27
323.855,34.27
323.855,34.27
265.5781,34.6976
265.5781,34.6976
265.5781,34.6976
309.5898,34.8483
309.5898,34.8483
309.5898,34.8483
326.007,34.6772
326.007,34.6772
326.007,34.6772
312.2117,35.2512
312.2117,35.2512
312.2117,35.2512
295.2295,34.1979
295.2295,34.1979
295.2295,34.1979
302.8931,34.0091
302.8931,34.0091
302.8931,34.0091
302.6841,34.4693
302.6841,34.4693
302.6841,34.4693
284.9252,34.3744
284.9252,34.3744
284.9252,34.3744
323.4368,34.37
323.4368,34.37
323.4368,34.37
298.5519,34.7618
298.5519,34.7618
298.5519,34.7618
298.6226,33.8704
298.6226,33.8704
298.6226,33.8704
315.3333,34.4192
315.3333,34.4192
315.3333,34.4192
281.8294,33.9995
281.8294,33.9995
281.8294,33.9995
302.2556,34.8857
302.2556,34.8857
302.2556,34.8857
279.4938,34.5842
279.4938,34.5842
279.4938,34.5842
312.3396,34.568
312.3396,34.568
312.3396,34.568
281.5817,34.4607
281.5817,34.4607
281.5817,34.4607
312.98,34.2428
312.98,34.2428
312.98,34.2428
296.0114,33.8649
296.0114,33.8649
296.0114,33.8649
324.1953,34.8007
324.1953,34.8007
324.1953,34.8007
283.0696,33.2687
283.0696,33.2687
283.0696,33.2687
379.7616,34.5453
379.7616,34.5453
379.7616,34.5453
325.3749,33.4411
325.3749,33.4411
325.3749,33.4411
336.4361,34.439
336.4361,34.439
336.4361,34.439
344.2494,33.5366
344.2494,33.5366
344.2494,33.5366
363.7862,33.403
363.7862,33.403
363.7862,33.403
312.0879,33.7146
312.0879,33.7146
312.0879,33.7146
322.369,34.485
322.369,34.485
322.369,34.485
345.7675,33.6409
345.7675,33.6409
345.7675,33.6409
286.6794,34.348
286.6794,34.348
286.6794,34.348
301.9013,35.7809
301.9013,35.7809
301.9013,35.7809
301.4969,34.6279
301.4969,34.6279
301.4969,34.6279
308.8955,34.627
308.8955,34.627
308.8955,34.627
276.886,33.3411
276.886,33.3411
276.886,33.3411
266.0182,34.937
266.0182,34.937
266.0182,34.937
276.627,34.3439
276.627,34.3439
276.627,34.3439
319.5421,33.6196
319.5421,33.6196
319.5421,33.6196
314.2886,34.3454
314.2886,34.3454
314.2886,34.3454
328.8361,34.9341
328.8361,34.9341
328.8361,34.9341
297.8841,34.6612
297.8841,34.6612
297.8841,34.6612
327.8604,34.6444
327.8604,34.6444
327.8604,34.6444
310.4036,34.9856
310.4036,34.9856
310.4036,34.9856
313.5601,34.4915
313.5601,34.4915
313.5601,34.4915
326.7795,35.35
326.7795,35.35
326.7795,35.35
310.7011,34.6635
310.7011,34.6635
310.7011,34.6635
322.374,34.8114
322.374,34.8114
322.374,34.8114
267.9319,33.9955
267.9319,33.9955
267.9319,33.9955
320.9503,34.4031
320.9503,34.4031
320.9503,34.4031
304.8804,35.401
304.8804,35.401
304.8804,35.401
336.1953,33.7102
336.1953,33.7102
336.1953,33.7102
315.9118,34.0872
315.9118,34.0872
315.9118,34.0872
312.4807,33.1113
312.4807,33.1113
312.4807,33.1113
310.772,33.1393
310.772,33.1393
310.772,33.1393
312.5363,34.0298
312.5363,34.0298
312.5363,34.0298
353.3601,34.2431
353.3601,34.2431
353.3601,34.2431
356.8464,35.2383
356.8464,35.2383
356.8464,35.2383
286.0727,35.9309
286.0727,35.9309
286.0727,35.9309
282.7217,34.4683
282.7217,34.4683
282.7217,34.4683
321.91,34.3837
321.91,34.3837
321.91,34.3837
309.5643,34.5578
309.5643,34.5578
309.5643,34.5578
291.5946,35.321
291.5946,35.321
291.5946,35.321
296.7714,34.4739
296.7714,34.4739
296.7714,34.4739
308.2286,34.36
308.2286,34.36
308.2286,34.36
305.9855,34.3208
305.9855,34.3208
305.9855,34.3208
353.1292,35.4267
353.1292,35.4267
353.1292,35.4267
328.461,33.949
328.461,33.949
328.461,33.949
329.5056,34.2437
329.5056,34.2437
329.5056,34.2437
305.1379,33.6255
305.1379,33.6255
305.1379,33.6255
342.0106,34.4365
342.0106,34.4365
342.0106,34.4365
315.6709,34.2309
315.6709,34.2309
315.6709,34.2309
327.7632,34.7204
327.7632,34.7204
327.7632,34.7204
313.9485,33.7667
313.9485,33.7667
313.9485,33.7667
362.7969,34.2625
362.7969,34.2625
362.7969,34.2625
324.8527,33.303
324.8527,33.303
324.8527,33.303
359.4237,34.1012
359.4237,34.1012
359.4237,34.1012
357.0772,33.639
357.0772,33.639
357.0772,33.639
300.1915,35.4775
300.1915,35.4775
300.1915,35.4775
332.3804,33.5259
332.3804,33.5259
332.3804,33.5259
354.9841,34.3931
354.9841,34.3931
354.9841,34.3931
332.1858,35.0268
332.1858,35.0268
332.1858,35.0268
312.9269,33.2065
312.9269,33.2065
312.9269,33.2065
342.6303,34.4032
342.6303,34.4032
342.6303,34.4032
377.9819,34.0945
377.9819,34.0945
377.9819,34.0945
365.2255,34.3369
365.2255,34.3369
365.2255,34.3369
310.2481,34.1016
310.2481,34.1016
310.2481,34.1016
311.6587,34.1624
311.6587,34.1624
311.6587,34.1624
361.1531,33.9616
361.1531,33.9616
361.1531,33.9616
314.4377,34.6158
314.4377,34.6158
314.4377,34.6158
336.2843,34.0571
336.2843,34.0571
336.2843,34.0571
361.3926,35.2277
361.3926,35.2277
361.3926,35.2277
277.8585,35.0023
277.8585,35.0023
277.8585,35.0023
292.4406,35.2848
292.4406,35.2848
292.4406,35.2848
329.2241,33.8444
329.2241,33.8444
329.2241,33.8444
284.5122,34.5263
284.5122,34.5263
284.5122,34.5263
324.9033,34.8052
324.9033,34.8052
324.9033,34.8052
283.7551,33.8556
283.7551,33.8556
283.7551,33.8556
320.1337,34.7901
320.1337,34.7901
320.1337,34.7901
325.1157,34.5875
325.1157,34.5875
325.1157,34.5875
280.1605,34.6051
280.1605,34.6051
280.1605,34.6051
291.4936,36.3469
291.4936,36.3469
291.4936,36.3469
301.2368,34.4146
301.2368,34.4146
301.2368,34.4146
304.8752,35.5199
304.8752,35.5199
304.8752,35.5199
305.9874,34.7211
305.9874,34.7211
305.9874,34.7211
323.8116,34.6162
323.8116,34.6162
323.8116,34.6162
283.2768,34.7697
283.2768,34.7697
283.2768,34.7697
247.581,35.7531
247.581,35.7531
247.581,35.7531
263.6446,35.9804
263.6446,35.9804
263.6446,35.9804
309.9937,34.6752
309.9937,34.6752
309.9937,34.6752
267.5713,35.4394
267.5713,35.4394
267.5713,35.4394
285.5945,35.3454
285.5945,35.3454
285.5945,35.3454
262.0389,33.7075
262.0389,33.7075
262.0389,33.7075
237.094,35.4058
237.094,35.4058
237.094,35.4058
227.9668,35.9758
227.9668,35.9758
227.9668,35.9758
287.6543,35.3268
287.6543,35.3268
287.6543,35.3268
283.4784,36.6043
283.4784,36.6043
283.4784,36.6043
258.528,34.2101
258.528,34.2101
258.528,34.2101
276.987,35.6688
276.987,35.6688
276.987,35.6688
256.6197,35.9103
256.6197,35.9103
256.6197,35.9103
270.6465,34.695
270.6465,34.695
270.6465,34.695
264.6181,35.5128
264.6181,35.5128
264.6181,35.5128
250.8091,35.1687
250.8091,35.1687
250.8091,35.1687
261.5847,34.6272
261.5847,34.6272
261.5847,34.6272
282.8996,35.8792
282.8996,35.8792
282.8996,35.8792
245.9618,35.5598
245.9618,35.5598
245.9618,35.5598
269.4463,36.0618
269.4463,36.0618
269.4463,36.0618
321.1729,36.1366
321.1729,36.1366
321.1729,36.1366
279.6482,34.9188
279.6482,34.9188
279.6482,34.9188
256.0257,35.2606
256.0257,35.2606
256.0257,35.2606
273.4582,35.5618
273.4582,35.5618
273.4582,35.5618
243.2568,35.6774
243.2568,35.6774
243.2568,35.6774
261.374,34.76
261.374,34.76
261.374,34.76
264.8996,34.989
264.8996,34.989
264.8996,34.989
242.0653,35.2648
242.0653,35.2648
242.0653,35.2648
235.6938,35.1092
235.6938,35.1092
235.6938,35.1092
286.1081,35.6989
286.1081,35.6989
286.1081,35.6989
209.1837,36.3409
209.1837,36.3409
209.1837,36.3409
240.0792,34.7816
240.0792,34.7816
240.0792,34.7816
241.6636,34.9513
241.6636,34.9513
241.6636,34.9513
265.3461,34.2585
265.3461,34.2585
265.3461,34.2585
258.2401,35.3869
258.2401,35.3869
258.2401,35.3869
303.3266,36.6929
303.3266,36.6929
303.3266,36.6929
260.7706,35.786
260.7706,35.786
260.7706,35.786
264.1476,36.9583
264.1476,36.9583
264.1476,36.9583
275.1289,37.3631
275.1289,37.3631
275.1289,37.3631
255.1407,36.4056
255.1407,36.4056
255.1407,36.4056
236.5751,35.8872
236.5751,35.8872
236.5751,35.8872
265.1361,33.8322
265.1361,33.8322
265.1361,33.8322
231.0097,35.3925
231.0097,35.3925
231.0097,35.3925
250.0148,36.2744
250.0148,36.2744
250.0148,36.2744
274.4712,35.2194
274.4712,35.2194
274.4712,35.2194
238.3625,35.5501
238.3625,35.5501
238.3625,35.5501
271.3332,35.4898
271.3332,35.4898
271.3332,35.4898
255.8053,34.9983
255.8053,34.9983
255.8053,34.9983
235.219,36.2098
235.219,36.2098
235.219,36.2098
271.7898,35.8854
271.7898,35.8854
271.7898,35.8854
289.7631,35.9183
289.7631,35.9183
289.7631,35.9183
263.5522,37.2094
263.5522,37.2094
263.5522,37.2094
236.1273,35.5537
236.1273,35.5537
236.1273,35.5537
244.0553,36.2035
244.0553,36.2035
244.0553,36.2035
230.9609,35.0189
230.9609,35.0189
230.9609,35.0189
259.4505,36.2323
259.4505,36.2323
259.4505,36.2323
273.401,35.0973
273.401,35.0973
273.401,35.0973
294.6494,35.9522
294.6494,35.9522
294.6494,35.9522
238.7866,35.0085
238.7866,35.0085
238.7866,35.0085
277.9671,35.2377
277.9671,35.2377
277.9671,35.2377
287.1091,33.4061
287.1091,33.4061
287.1091,33.4061
247.2214,36.8124
247.2214,36.8124
247.2214,36.8124
270.5134,35.69
270.5134,35.69
270.5134,35.69
283.6989,35.303
283.6989,35.303
283.6989,35.303
284.916,34.3225
284.916,34.3225
284.916,34.3225
252.4165,36.892
252.4165,36.892
252.4165,36.892
287.8381,35.7076
287.8381,35.7076
287.8381,35.7076
260.2909,34.2705
260.2909,34.2705
260.2909,34.2705
259.178,36.2142
259.178,36.2142
259.178,36.2142
264.2194,36.3613
264.2194,36.3613
264.2194,36.3613
265.7241,36.2591
265.7241,36.2591
265.7241,36.2591
256.6365,36.254
256.6365,36.254
256.6365,36.254
226.7554,35.8504
226.7554,35.8504
226.7554,35.8504
242.7828,35.3725
242.7828,35.3725
242.7828,35.3725
252.0849,34.5441
252.0849,34.5441
252.0849,34.5441
274.1172,35.8677
274.1172,35.8677
274.1172,35.8677
247.5326,36.9272
247.5326,36.9272
247.5326,36.9272
270.8285,36.6875
270.8285,36.6875
270.8285,36.6875
236.9666,36.164
236.9666,36.164
236.9666,36.164
288.4019,36.9877
288.4019,36.9877
288.4019,36.9877
241.4508,34.6633
241.4508,34.6633
241.4508,34.6633
268.6925,35.868
268.6925,35.868
268.6925,35.868
255.8044,35.9591
255.8044,35.9591
255.8044,35.9591
259.0453,35.1263
259.0453,35.1263
259.0453,35.1263
313.6107,34.7496
313.6107,34.7496
313.6107,34.7496
260.6899,36.0323
260.6899,36.0323
260.6899,36.0323
312.6522,34.9814
312.6522,34.9814
312.6522,34.9814
307.9836,36.4219
307.9836,36.4219
307.9836,36.4219
291.4493,34.7465
291.4493,34.7465
291.4493,34.7465
270.5578,35.0629
270.5578,35.0629
270.5578,35.0629
290.1137,34.7329
290.1137,34.7329
290.1137,34.7329
309.8017,34.9281
309.8017,34.9281
309.8017,34.9281
262.5105,35.5424
262.5105,35.5424
262.5105,35.5424
306.9059,34.7326
306.9059,34.7326
306.9059,34.7326
276.293,35.0561
276.293,35.0561
276.293,35.0561
317.958,35.6179
317.958,35.6179
317.958,35.6179
281.0813,34.2065
281.0813,34.2065
281.0813,34.2065
322.4042,36.0319
322.4042,36.0319
322.4042,36.0319
308.4343,34.9207
308.4343,34.9207
308.4343,34.9207
316.4065,35.0196
316.4065,35.0196
316.4065,35.0196
276.326,35.4553
276.326,35.4553
276.326,35.4553
265.1965,35.7468
265.1965,35.7468
265.1965,35.7468
260.0393,36.1496
260.0393,36.1496
260.0393,36.1496
287.3094,35.6163
287.3094,35.6163
287.3094,35.6163
249.4649,36.2262
249.4649,36.2262
249.4649,36.2262
273.1442,35.4943
273.1442,35.4943
273.1442,35.4943
271.5644,34.9957
271.5644,34.9957
271.5644,34.9957
278.5313,36.1366
278.5313,36.1366
278.5313,36.1366
234.2203,36.0514
234.2203,36.0514
234.2203,36.0514
259.6118,36.1518
259.6118,36.1518
259.6118,36.1518
261.7983,36.8469
261.7983,36.8469
261.7983,36.8469
228.3518,36.1602
228.3518,36.1602
228.3518,36.1602
239.367,36.3957
239.367,36.3957
239.367,36.3957
240.136,35.6423
240.136,35.6423
240.136,35.6423
250.9659,35.5653
250.9659,35.5653
250.9659,35.5653
262.2724,35.5479
262.2724,35.5479
262.2724,35.5479
238.5093,35.8291
238.5093,35.8291
238.5093,35.8291
256.5371,35.6671
256.5371,35.6671
256.5371,35.6671
275.4895,35.3679
275.4895,35.3679
275.4895,35.3679
260.9269,35.6196
260.9269,35.6196
260.9269,35.6196
260.8924,35.3101
260.8924,35.3101
260.8924,35.3101
260.1117,36.9408
260.1117,36.9408
260.1117,36.9408
276.0498,36.4052
276.0498,36.4052
276.0498,36.4052
273.0305,35.6166
273.0305,35.6166
273.0305,35.6166
256.391,36.8031
256.391,36.8031
256.391,36.8031
240.8081,36.5965
240.8081,36.5965
240.8081,36.5965
277.2142,35.9541
277.2142,35.9541
277.2142,35.9541
252.7903,35.7955
252.7903,35.7955
252.7903,35.7955
257.9595,36.136
257.9595,36.136
257.9595,36.136
243.1124,35.9016
243.1124,35.9016
243.1124,35.9016
263.9812,35.4632
263.9812,35.4632
263.9812,35.4632
226.1089,36.6203
226.1089,36.6203
226.1089,36.6203
266.5044,37.1971
266.5044,37.1971
266.5044,37.1971
236.4918,36.3192
236.4918,36.3192
236.4918,36.3192
264.1497,36.1289
264.1497,36.1289
264.1497,36.1289
238.7772,35.1439
238.7772,35.1439
238.7772,35.1439
249.5369,36.0723
249.5369,36.0723
249.5369,36.0723
233.5292,36.3598
233.5292,36.3598
233.5292,36.3598
265.1441,36.4059
265.1441,36.4059
265.1441,36.4059
255.2734,37.1128
255.2734,37.1128
255.2734,37.1128
222.1857,36.0108
222.1857,36.0108
222.1857,36.0108
264.4368,36.4798
264.4368,36.4798
264.4368,36.4798
277.1351,36.0316
277.1351,36.0316
277.1351,36.0316
259.3227,36.3422
259.3227,36.3422
259.3227,36.3422
272.6176,36.8611
272.6176,36.8611
272.6176,36.8611
289.4517,35.4033
289.4517,35.4033
289.4517,35.4033
244.8981,36.1616
244.8981,36.1616
244.8981,36.1616
276.7435,36.5289
276.7435,36.5289
276.7435,36.5289
299.2863,37.2995
299.2863,37.2995
299.2863,37.2995
241.8696,36.09
241.8696,36.09
241.8696,36.09
255.6562,37.4392
255.6562,37.4392
255.6562,37.4392
250.7877,36.7515
250.7877,36.7515
250.7877,36.7515
264.776,36.5317
264.776,36.5317
264.776,36.5317
246.6875,37.2104
246.6875,37.2104
246.6875,37.2104
248.7657,37.3133
248.7657,37.3133
248.7657,37.3133
243.1351,37.7022
243.1351,37.7022
243.1351,37.7022
239.4928,36.8274
239.4928,36.8274
239.4928,36.8274
220.4576,36.3811
220.4576,36.3811
220.4576,36.3811
276.8671,37.8878
276.8671,37.8878
276.8671,37.8878
221.9767,36.6313
221.9767,36.6313
221.9767,36.6313
227.4992,37.9187
227.4992,37.9187
227.4992,37.9187
226.2263,36.6925
226.2263,36.6925
226.2263,36.6925
257.9884,36.6789
257.9884,36.6789
257.9884,36.6789
232.1753,37.2182
232.1753,37.2182
232.1753,37.2182
219.0265,36.8154
219.0265,36.8154
219.0265,36.8154
233.4158,37.8143
233.4158,37.8143
233.4158,37.8143
213.4716,35.6255
213.4716,35.6255
213.4716,35.6255
250.5198,36.978
250.5198,36.978
250.5198,36.978
203.0949,37.3173
203.0949,37.3173
203.0949,37.3173
236.7404,37.125
236.7404,37.125
236.7404,37.125
229.0344,36.4907
229.0344,36.4907
229.0344,36.4907
275.747,36.0009
275.747,36.0009
275.747,36.0009
225.505,37.036
225.505,37.036
225.505,37.036
244.1812,36.7945
244.1812,36.7945
244.1812,36.7945
245.3116,36.8284
245.3116,36.8284
245.3116,36.8284
212.538,37.4769
212.538,37.4769
212.538,37.4769
250.4811,36.5292
250.4811,36.5292
250.4811,36.5292
234.31,35.7672
234.31,35.7672
234.31,35.7672
255.6669,37.0011
255.6669,37.0011
255.6669,37.0011
261.707,36.8519
261.707,36.8519
261.707,36.8519
236.4135,35.8724
236.4135,35.8724
236.4135,35.8724
236.2981,37.2414
236.2981,37.2414
236.2981,37.2414
249.7437,36.4971
249.7437,36.4971
249.7437,36.4971
229.8952,36.2715
229.8952,36.2715
229.8952,36.2715
235.2676,36.8997
235.2676,36.8997
235.2676,36.8997
264.9282,37.0498
264.9282,37.0498
264.9282,37.0498
234.4624,35.3058
234.4624,35.3058
234.4624,35.3058
245.9346,37.2994
245.9346,37.2994
245.9346,37.2994
255.1164,37.2486
255.1164,37.2486
255.1164,37.2486
229.4345,36.7411
229.4345,36.7411
229.4345,36.7411
240.5947,38.0919
240.5947,38.0919
240.5947,38.0919
216.0214,36.2643
216.0214,36.2643
216.0214,36.2643
243.1421,37.2886
243.1421,37.2886
243.1421,37.2886
191.1625,37.2403
191.1625,37.2403
191.1625,37.2403
246.5034,36.4571
246.5034,36.4571
246.5034,36.4571
221.5642,37.4069
221.5642,37.4069
221.5642,37.4069
265.32,37.1118
265.32,37.1118
265.32,37.1118
253.6648,38.0376
253.6648,38.0376
253.6648,38.0376
238.043,36.917
238.043,36.917
238.043,36.917
228.823,35.7253
228.823,35.7253
228.823,35.7253
244.13,35.6521
244.13,35.6521
244.13,35.6521
230.5464,37.1478
230.5464,37.1478
230.5464,37.1478
197.9585,37.3876
197.9585,37.3876
197.9585,37.3876
237.2776,36.407
237.2776,36.407
237.2776,36.407
232.9636,38.6433
232.9636,38.6433
232.9636,38.6433
234.4511,38.2447
234.4511,38.2447
234.4511,38.2447
195.1464,36.5568
195.1464,36.5568
195.1464,36.5568
237.2785,37.4346
237.2785,37.4346
237.2785,37.4346
217.7727,37.1074
217.7727,37.1074
217.7727,37.1074
225.3328,39.1738
225.3328,39.1738
225.3328,39.1738
218.6896,37.9563
218.6896,37.9563
218.6896,37.9563
213.3659,37.1579
213.3659,37.1579
213.3659,37.1579
189.1607,37.6218
189.1607,37.6218
189.1607,37.6218
230.9644,36.8882
230.9644,36.8882
230.9644,36.8882
229.7077,37.4136
229.7077,37.4136
229.7077,37.4136
197.085,37.5026
197.085,37.5026
197.085,37.5026
236.3758,36.8838
236.3758,36.8838
236.3758,36.8838
245.8933,36.7958
245.8933,36.7958
245.8933,36.7958
206.0557,38.5429
206.0557,38.5429
206.0557,38.5429
202.5662,37.8548
202.5662,37.8548
202.5662,37.8548
248.3398,36.6445
248.3398,36.6445
248.3398,36.6445
217.8933,37.9272
217.8933,37.9272
217.8933,37.9272
238.4212,37.1038
238.4212,37.1038
238.4212,37.1038
193.3109,37.9308
193.3109,37.9308
193.3109,37.9308
224.9803,37.712
224.9803,37.712
224.9803,37.712
207.3629,37.5349
207.3629,37.5349
207.3629,37.5349
259.2996,37.6152
259.2996,37.6152
259.2996,37.6152
229.0667,37.5071
229.0667,37.5071
229.0667,37.5071
203.3631,37.7003
203.3631,37.7003
203.3631,37.7003
229.1316,38.3672
229.1316,38.3672
229.1316,38.3672
217.9063,37.8119
217.9063,37.8119
217.9063,37.8119
231.2686,38.1083
231.2686,38.1083
231.2686,38.1083
222.785,38.2888
222.785,38.2888
222.785,38.2888
253.3904,37.5182
253.3904,37.5182
253.3904,37.5182
198.2201,38.3519
198.2201,38.3519
198.2201,38.3519
234.4724,38.3335
234.4724,38.3335
234.4724,38.3335
217.0448,38.0099
217.0448,38.0099
217.0448,38.0099
195.6566,38.0362
195.6566,38.0362
195.6566,38.0362
214.1951,39.0537
214.1951,39.0537
214.1951,39.0537
221.9643,37.879
221.9643,37.879
221.9643,37.879
204.5405,37.1035
204.5405,37.1035
204.5405,37.1035
222.255,39.8796
222.255,39.8796
222.255,39.8796
199.48,37.9395
199.48,37.9395
199.48,37.9395
210.0812,37.8916
210.0812,37.8916
210.0812,37.8916
215.1432,39.2396
215.1432,39.2396
215.1432,39.2396
191.4354,38.7898
191.4354,38.7898
191.4354,38.7898
191.5952,38.5439
191.5952,38.5439
191.5952,38.5439
195.4054,38.2073
195.4054,38.2073
195.4054,38.2073
195.7391,38.1325
195.7391,38.1325
195.7391,38.1325
168.5652,37.5056
168.5652,37.5056
168.5652,37.5056
210.0961,37.1455
210.0961,37.1455
210.0961,37.1455
216.7071,38.3988
216.7071,38.3988
216.7071,38.3988
220.468,38.5549
220.468,38.5549
220.468,38.5549
201.4568,37.4475
201.4568,37.4475
201.4568,37.4475
214.036,39.0364
214.036,39.0364
214.036,39.0364
205.8098,39.1915
205.8098,39.1915
205.8098,39.1915
202.998,38.4276
202.998,38.4276
202.998,38.4276
216.8392,38.2329
216.8392,38.2329
216.8392,38.2329
201.3132,38.3176
201.3132,38.3176
201.3132,38.3176
195.7928,39.2336
195.7928,39.2336
195.7928,39.2336
189.2342,37.7237
189.2342,37.7237
189.2342,37.7237
192.9294,38.5238
192.9294,38.5238
192.9294,38.5238
194.9219,39.4087
194.9219,39.4087
194.9219,39.4087
192.2316,37.3868
192.2316,37.3868
192.2316,37.3868
195.3887,38.7246
195.3887,38.7246
195.3887,38.7246
191.715,37.3467
191.715,37.3467
191.715,37.3467
214.5172,39.3676
214.5172,39.3676
214.5172,39.3676
192.5311,37.9518
192.5311,37.9518
192.5311,37.9518
208.4993,38.633
208.4993,38.633
208.4993,38.633
198.6477,38.4638
198.6477,38.4638
198.6477,38.4638
205.3346,38.1389
205.3346,38.1389
205.3346,38.1389
214.4185,38.4458
214.4185,38.4458
214.4185,38.4458
208.5095,37.0845
208.5095,37.0845
208.5095,37.0845
214.7133,37.403
214.7133,37.403
214.7133,37.403
207.7418,37.2439
207.7418,37.2439
207.7418,37.2439
204.505,38.7563
204.505,38.7563
204.505,38.7563
209.4373,39.2282
209.4373,39.2282
209.4373,39.2282
217.6405,39.567
217.6405,39.567
217.6405,39.567
193.7001,38.4067
193.7001,38.4067
193.7001,38.4067
216.7793,38.9856
216.7793,38.9856
216.7793,38.9856
208.2161,38.765
208.2161,38.765
208.2161,38.765
218.6698,38.8595
218.6698,38.8595
218.6698,38.8595
211.0771,38.8456
211.0771,38.8456
211.0771,38.8456
202.3567,38.2243
202.3567,38.2243
202.3567,38.2243
176.3409,38.5733
176.3409,38.5733
176.3409,38.5733
204.8007,38.992
204.8007,38.992
204.8007,38.992
204.5548,37.6618
204.5548,37.6618
204.5548,37.6618
203.451,37.7528
203.451,37.7528
203.451,37.7528
212.4082,38.4525
212.4082,38.4525
212.4082,38.4525
206.7237,38.8511
206.7237,38.8511
206.7237,38.8511
218.601,38.325
218.601,38.325
218.601,38.325
216.434,38.0831
216.434,38.0831
216.434,38.0831
233.7337,38.7554
233.7337,38.7554
233.7337,38.7554
221.871,38.3066
221.871,38.3066
221.871,38.3066
249.2091,38.7131
249.2091,38.7131
249.2091,38.7131
209.7887,37.1761
209.7887,37.1761
209.7887,37.1761
247.0152,38.1032
247.0152,38.1032
247.0152,38.1032
231.1441,37.3969
231.1441,37.3969
231.1441,37.3969
225.0977,37.8885
225.0977,37.8885
225.0977,37.8885
231.7099,37.3897
231.7099,37.3897
231.7099,37.3897
232.9388,37.8399
232.9388,37.8399
232.9388,37.8399
232.7912,37.5216
232.7912,37.5216
232.7912,37.5216
232.1162,38.8396
232.1162,38.8396
232.1162,38.8396
205.6133,39.1926
205.6133,39.1926
205.6133,39.1926
229.2107,38.8214
229.2107,38.8214
229.2107,38.8214
217.0726,38.0151
217.0726,38.0151
217.0726,38.0151
270.9478,38.4691
270.9478,38.4691
270.9478,38.4691
221.4691,38.4321
221.4691,38.4321
221.4691,38.4321
233.1074,38.3506
233.1074,38.3506
233.1074,38.3506
237.3303,38.7154
237.3303,38.7154
237.3303,38.7154
236.1246,38.3723
236.1246,38.3723
236.1246,38.3723
261.4392,39.3518
261.4392,39.3518
261.4392,39.3518
230.5394,38.1769
230.5394,38.1769
230.5394,38.1769
231.7677,39.7311
231.7677,39.7311
231.7677,39.7311
213.1053,38.579
213.1053,38.579
213.1053,38.579
237.3528,38.4415
237.3528,38.4415
237.3528,38.4415
208.132,37.7304
208.132,37.7304
208.132,37.7304
226.3403,38.6118
226.3403,38.6118
226.3403,38.6118
224.1486,37.8794
224.1486,37.8794
224.1486,37.8794
196.6849,38.9712
196.6849,38.9712
196.6849,38.9712
192.8476,37.8852
192.8476,37.8852
192.8476,37.8852
209.6823,40.0189
209.6823,40.0189
209.6823,40.0189
179.1373,38.8111
179.1373,38.8111
179.1373,38.8111
217.7055,38.6996
217.7055,38.6996
217.7055,38.6996
206.4776,38.6561
206.4776,38.6561
206.4776,38.6561
227.3338,38.2401
227.3338,38.2401
227.3338,38.2401
189.6805,38.7493
189.6805,38.7493
189.6805,38.7493
199.9243,38.0691
199.9243,38.0691
199.9243,38.0691
214.0201,38.7955
214.0201,38.7955
214.0201,38.7955
204.7369,39.0546
204.7369,39.0546
204.7369,39.0546
191.848,38.9052
191.848,38.9052
191.848,38.9052
186.4899,38.3466
186.4899,38.3466
186.4899,38.3466
211.0119,38.8426
211.0119,38.8426
211.0119,38.8426
175.328,39.7685
175.328,39.7685
175.328,39.7685
210.9962,38.3219
210.9962,38.3219
210.9962,38.3219
218.3598,37.8868
218.3598,37.8868
218.3598,37.8868
184.318,38.457
184.318,38.457
184.318,38.457
230.1825,39.8133
230.1825,39.8133
230.1825,39.8133
188.0148,39.0907
188.0148,39.0907
188.0148,39.0907
210.9202,39.9038
210.9202,39.9038
210.9202,39.9038
175.53,39.1642
175.53,39.1642
175.53,39.1642
206.408,39.5713
206.408,39.5713
206.408,39.5713
177.6705,37.8931
177.6705,37.8931
177.6705,37.8931
193.0704,38.8173
193.0704,38.8173
193.0704,38.8173
200.7891,39.6629
200.7891,39.6629
200.7891,39.6629
205.3466,38.1273
205.3466,38.1273
205.3466,38.1273
208.6688,39.8907
208.6688,39.8907
208.6688,39.8907
180.5571,39.4655
180.5571,39.4655
180.5571,39.4655
181.2506,38.9293
181.2506,38.9293
181.2506,38.9293
180.8959,39.4903
180.8959,39.4903
180.8959,39.4903
181.0484,38.7749
181.0484,38.7749
181.0484,38.7749
192.1642,39.885
192.1642,39.885
192.1642,39.885
185.5499,38.6769
185.5499,38.6769
185.5499,38.6769
182.0512,39.5422
182.0512,39.5422
182.0512,39.5422
201.8784,38.8531
201.8784,38.8531
201.8784,38.8531
202.1927,39.5654
202.1927,39.5654
202.1927,39.5654
188.8707,38.7119
188.8707,38.7119
188.8707,38.7119
157.4261,38.7376
157.4261,38.7376
157.4261,38.7376
204.4477,39.5597
204.4477,39.5597
204.4477,39.5597
179.4806,39.2093
179.4806,39.2093
179.4806,39.2093
189.8872,39.6102
189.8872,39.6102
189.8872,39.6102
195.1401,39.9577
195.1401,39.9577
195.1401,39.9577
177.5093,39.2987
177.5093,39.2987
177.5093,39.2987
174.0371,39.0242
174.0371,39.0242
174.0371,39.0242
179.705,38.6343
179.705,38.6343
179.705,38.6343
201.1004,40.8557
201.1004,40.8557
201.1004,40.8557
155.1016,39.375
155.1016,39.375
155.1016,39.375
209.3014,39.1182
209.3014,39.1182
209.3014,39.1182
191.8545,39.409
191.8545,39.409
191.8545,39.409
202.5002,39.1661
202.5002,39.1661
202.5002,39.1661
190.5533,38.7018
190.5533,38.7018
190.5533,38.7018
207.7068,40.0878
207.7068,40.0878
207.7068,40.0878
175.3112,39.5782
175.3112,39.5782
175.3112,39.5782
188.2363,39.7151
188.2363,39.7151
188.2363,39.7151
191.2998,39.1397
191.2998,39.1397
191.2998,39.1397
176.9913,39.5066
176.9913,39.5066
176.9913,39.5066
179.0955,40.2725
179.0955,40.2725
179.0955,40.2725
154.621,40.2543
154.621,40.2543
154.621,40.2543
177.8771,38.7999
177.8771,38.7999
177.8771,38.7999
185.6368,40.0678
185.6368,40.0678
185.6368,40.0678
175.2422,39.855
175.2422,39.855
175.2422,39.855
177.707,38.4187
177.707,38.4187
177.707,38.4187
177.3797,39.2858
177.3797,39.2858
177.3797,39.2858
174.167,38.5713
174.167,38.5713
174.167,38.5713
205.8204,39.0908
205.8204,39.0908
205.8204,39.0908
194.0582,41.2474
194.0582,41.2474
194.0582,41.2474
194.0431,40.6339
194.0431,40.6339
194.0431,40.6339
191.3843,39.2776
191.3843,39.2776
191.3843,39.2776
178.5003,39.6927
178.5003,39.6927
178.5003,39.6927
166.992,40.243
166.992,40.243
166.992,40.243
160.114,39.6527
160.114,39.6527
160.114,39.6527
170.4044,38.6249
170.4044,38.6249
170.4044,38.6249
162.7648,38.5112
162.7648,38.5112
162.7648,38.5112
182.6882,39.8106
182.6882,39.8106
182.6882,39.8106
176.1507,39.4546
176.1507,39.4546
176.1507,39.4546
172.5024,39.6477
172.5024,39.6477
172.5024,39.6477
188.6403,39.3196
188.6403,39.3196
188.6403,39.3196
194.2906,39.1079
194.2906,39.1079
194.2906,39.1079
170.1208,39.4033
170.1208,39.4033
170.1208,39.4033
168.3533,38.7492
168.3533,38.7492
168.3533,38.7492
180.7993,38.8252
180.7993,38.8252
180.7993,38.8252
175.9585,39.9244
175.9585,39.9244
175.9585,39.9244
182.5794,38.5097
182.5794,38.5097
182.5794,38.5097
184.9596,39.6116
184.9596,39.6116
184.9596,39.6116
201.7605,40.9026
201.7605,40.9026
201.7605,40.9026
191.8237,40.0435
191.8237,40.0435
191.8237,40.0435
176.0856,39.9057
176.0856,39.9057
176.0856,39.9057
179.138,38.8758
179.138,38.8758
179.138,38.8758
184.6003,39.9271
184.6003,39.9271
184.6003,39.9271
202.5874,39.9201
202.5874,39.9201
202.5874,39.9201
183.7562,38.9472
183.7562,38.9472
183.7562,38.9472
195.9212,39.0752
195.9212,39.0752
195.9212,39.0752
186.9359,38.5027
186.9359,38.5027
186.9359,38.5027
179.7536,39.1108
179.7536,39.1108
179.7536,39.1108
205.7447,39.5294
205.7447,39.5294
205.7447,39.5294
191.1861,40.1399
191.1861,40.1399
191.1861,40.1399
216.9107,39.8148
216.9107,39.8148
216.9107,39.8148
187.1379,40.1612
187.1379,40.1612
187.1379,40.1612
168.7718,39.9839
168.7718,39.9839
168.7718,39.9839
184.901,39.2992
184.901,39.2992
184.901,39.2992
178.9806,39.6615
178.9806,39.6615
178.9806,39.6615
167.5955,39.7799
167.5955,39.7799
167.5955,39.7799
193.8198,39.9415
193.8198,39.9415
193.8198,39.9415
178.5984,40.003
178.5984,40.003
178.5984,40.003
183.9702,39.566
183.9702,39.566
183.9702,39.566
194.454,39.9399
194.454,39.9399
194.454,39.9399
192.6523,39.2931
192.6523,39.2931
192.6523,39.2931
186.7505,40.1325
186.7505,40.1325
186.7505,40.1325
205.2362,39.4144
205.2362,39.4144
205.2362,39.4144
185.5813,39.7038
185.5813,39.7038
185.5813,39.7038
176.6431,39.3542
176.6431,39.3542
176.6431,39.3542
196.0429,40.2227
196.0429,40.2227
196.0429,40.2227
190.2579,39.183
190.2579,39.183
190.2579,39.183
184.9736,40.0058
184.9736,40.0058
184.9736,40.0058
186.3084,39.7535
186.3084,39.7535
186.3084,39.7535
168.9805,40.6005
168.9805,40.6005
168.9805,40.6005
170.9126,39.8682
170.9126,39.8682
170.9126,39.8682
171.0197,41.1693
171.0197,41.1693
171.0197,41.1693
153.3113,39.9757
153.3113,39.9757
153.3113,39.9757
185.9778,40.2209
185.9778,40.2209
185.9778,40.2209
180.7064,40.0836
180.7064,40.0836
180.7064,40.0836
166.7055,39.4951
166.7055,39.4951
166.7055,39.4951
187.1206,39.6151
187.1206,39.6151
187.1206,39.6151
176.1931,39.6243
176.1931,39.6243
176.1931,39.6243
174.9704,40.7059
174.9704,40.7059
174.9704,40.7059
149.5998,39.8414
149.5998,39.8414
149.5998,39.8414
184.6613,40.1333
184.6613,40.1333
184.6613,40.1333
175.7826,40.8237
175.7826,40.8237
175.7826,40.8237
160.1252,40.1903
160.1252,40.1903
160.1252,40.1903
174.5124,39.5624
174.5124,39.5624
174.5124,39.5624
174.7062,40.0265
174.7062,40.0265
174.7062,40.0265
176.6914,39.3761
176.6914,39.3761
176.6914,39.3761
175.831,39.931
175.831,39.931
175.831,39.931
168.003,39.3061
168.003,39.3061
168.003,39.3061
158.823,41.0733
158.823,41.0733
158.823,41.0733
172.2783,40.643
172.2783,40.643
172.2783,40.643
182.376,39.9988
182.376,39.9988
182.376,39.9988
174.6967,40.0483
174.6967,40.0483
174.6967,40.0483
163.975,41.0093
163.975,41.0093
163.975,41.0093
188.3444,40.5089
188.3444,40.5089
188.3444,40.5089
155.1518,39.409
155.1518,39.409
155.1518,39.409
197.0979,40.263
197.0979,40.263
197.0979,40.263
178.0871,39.8751
178.0871,39.8751
178.0871,39.8751
193.0367,40.2695
193.0367,40.2695
193.0367,40.2695
168.632,39.0511
168.632,39.0511
168.632,39.0511
181.1636,40.1082
181.1636,40.1082
181.1636,40.1082
202.3433,40.5652
202.3433,40.5652
202.3433,40.5652
183.4095,39.0845
183.4095,39.0845
183.4095,39.0845
171.62,40.0677
171.62,40.0677
171.62,40.0677
189.1975,39.1472
189.1975,39.1472
189.1975,39.1472
182.062,39.4441
182.062,39.4441
182.062,39.4441
182.6695,39.4828
182.6695,39.4828
182.6695,39.4828
203.3889,38.8893
203.3889,38.8893
203.3889,38.8893
211.3073,39.3638
211.3073,39.3638
211.3073,39.3638
198.666,40.0535
198.666,40.0535
198.666,40.0535
178.7676,40.1255
178.7676,40.1255
178.7676,40.1255
188.1625,38.7807
188.1625,38.7807
188.1625,38.7807
181.1272,40.0656
181.1272,40.0656
181.1272,40.0656
171.9018,40.2551
171.9018,40.2551
171.9018,40.2551
168.9892,40.6099
168.9892,40.6099
168.9892,40.6099
184.9847,40.5628
184.9847,40.5628
184.9847,40.5628
179.719,40.376
179.719,40.376
179.719,40.376
189.5685,40.7508
189.5685,40.7508
189.5685,40.7508
153.2855,39.4484
153.2855,39.4484
153.2855,39.4484
164.752,40.3886
164.752,40.3886
164.752,40.3886
158.4266,40.4434
158.4266,40.4434
158.4266,40.4434
178.1274,39.6261
178.1274,39.6261
178.1274,39.6261
194.072,39.5739
194.072,39.5739
194.072,39.5739
189.2882,38.9202
189.2882,38.9202
189.2882,38.9202
186.3668,40.8566
186.3668,40.8566
186.3668,40.8566
188.8773,40.214
188.8773,40.214
188.8773,40.214
195.8588,40.444
195.8588,40.444
195.8588,40.444
190.7983,40.0728
190.7983,40.0728
190.7983,40.0728
167.06,40.1057
167.06,40.1057
167.06,40.1057
185.1981,40.5852
185.1981,40.5852
185.1981,40.5852
171.0861,39.6341
171.0861,39.6341
171.0861,39.6341
202.9831,39.4084
202.9831,39.4084
202.9831,39.4084
188.371,40.0059
188.371,40.0059
188.371,40.0059
181.3533,39.6224
181.3533,39.6224
181.3533,39.6224
185.8431,39.728
185.8431,39.728
185.8431,39.728
167.6843,39.9727
167.6843,39.9727
167.6843,39.9727
172.1965,40.9242
172.1965,40.9242
172.1965,40.9242
163.9131,41.5576
163.9131,41.5576
163.9131,41.5576
171.0669,40.136
171.0669,40.136
171.0669,40.136
173.479,40.2216
173.479,40.2216
173.479,40.2216
170.0245,40.1062
170.0245,40.1062
170.0245,40.1062
160.7517,39.8197
160.7517,39.8197
160.7517,39.8197
168.4595,40.1991
168.4595,40.1991
168.4595,40.1991
184.7898,39.7108
184.7898,39.7108
184.7898,39.7108
148.4485,40.3261
148.4485,40.3261
148.4485,40.3261
173.1717,40.0066
173.1717,40.0066
173.1717,40.0066
175.8904,40.0547
175.8904,40.0547
175.8904,40.0547
158.3983,41.0483
158.3983,41.0483
158.3983,41.0483
166.9228,40.7787
166.9228,40.7787
166.9228,40.7787
183.9208,40.2496
183.9208,40.2496
183.9208,40.2496
152.0688,39.6986
152.0688,39.6986
152.0688,39.6986
199.4961,39.6496
199.4961,39.6496
199.4961,39.6496
172.5551,40.1007
172.5551,40.1007
172.5551,40.1007
179.9367,39.3044
179.9367,39.3044
179.9367,39.3044
170.3607,41.5641
170.3607,41.5641
170.3607,41.5641
159.303,39.7493
159.303,39.7493
159.303,39.7493
203.2029,41.3825
203.2029,41.3825
203.2029,41.3825
160.545,39.8398
160.545,39.8398
160.545,39.8398
187.1325,39.5642
187.1325,39.5642
187.1325,39.5642
182.5348,40.1769
182.5348,40.1769
182.5348,40.1769
169.7506,40.2397
169.7506,40.2397
169.7506,40.2397
191.6328,40.0529
191.6328,40.0529
191.6328,40.0529
167.5746,39.5964
167.5746,39.5964
167.5746,39.5964
179.4947,39.8817
179.4947,39.8817
179.4947,39.8817
163.9888,40.0379
163.9888,40.0379
163.9888,40.0379
189.001,41.1029
189.001,41.1029
189.001,41.1029
186.83,40.7858
186.83,40.7858
186.83,40.7858
187.5108,40.5554
187.5108,40.5554
187.5108,40.5554
171.1922,40.1304
171.1922,40.1304
171.1922,40.1304
189.5167,40.0141
189.5167,40.0141
189.5167,40.0141
180.9535,39.3787
180.9535,39.3787
180.9535,39.3787
199.4926,40.9423
199.4926,40.9423
199.4926,40.9423
165.0492,40.5918
165.0492,40.5918
165.0492,40.5918
183.5482,39.6272
183.5482,39.6272
183.5482,39.6272
191.6834,40.0892
191.6834,40.0892
191.6834,40.0892
174.9532,40.25
174.9532,40.25
174.9532,40.25
191.3222,40.5376
191.3222,40.5376
191.3222,40.5376
181.7961,40.0643
181.7961,40.0643
181.7961,40.0643
159.9146,40.2133
159.9146,40.2133
159.9146,40.2133
199.474,39.7741
199.474,39.7741
199.474,39.7741
153.1945,39.1942
153.1945,39.1942
153.1945,39.1942
207.5261,40.5343
207.5261,40.5343
207.5261,40.5343
184.5906,39.826
184.5906,39.826
184.5906,39.826
169.8734,39.8804
169.8734,39.8804
169.8734,39.8804
201.9676,40.1369
201.9676,40.1369
201.9676,40.1369
191.5945,40.7905
191.5945,40.7905
191.5945,40.7905
164.5402,39.7742
164.5402,39.7742
164.5402,39.7742
176.694,39.5947
176.694,39.5947
176.694,39.5947
176.0864,39.9947
176.0864,39.9947
176.0864,39.9947
182.3352,41.0211
182.3352,41.0211
182.3352,41.0211
152.5906,40.7831
152.5906,40.7831
152.5906,40.7831
170.3744,40.876
170.3744,40.876
170.3744,40.876
176.8779,40.069
176.8779,40.069
176.8779,40.069
172.7694,39.9509
172.7694,39.9509
172.7694,39.9509
202.0294,40.7418
202.0294,40.7418
202.0294,40.7418
161.77,39.6379
161.77,39.6379
161.77,39.6379
162.5487,41.237
162.5487,41.237
162.5487,41.237
165.8823,39.3753
165.8823,39.3753
165.8823,39.3753
168.9293,41.9198
168.9293,41.9198
168.9293,41.9198
187.7764,39.9402
187.7764,39.9402
187.7764,39.9402
167.0332,39.9365
167.0332,39.9365
167.0332,39.9365
181.9688,40.3236
181.9688,40.3236
181.9688,40.3236
183.2903,39.9493
183.2903,39.9493
183.2903,39.9493
169.8039,40.7708
169.8039,40.7708
169.8039,40.7708
179.1067,40.1296
179.1067,40.1296
179.1067,40.1296
188.0748,39.8191
188.0748,39.8191
188.0748,39.8191
197.3995,40.4173
197.3995,40.4173
197.3995,40.4173
196.4545,39.0721
196.4545,39.0721
196.4545,39.0721
167.3564,39.7033
167.3564,39.7033
167.3564,39.7033
168.8567,40.0219
168.8567,40.0219
168.8567,40.0219
166.472,40.4471
166.472,40.4471
166.472,40.4471
160.7846,40.3779
160.7846,40.3779
160.7846,40.3779
164.7109,39.92
164.7109,39.92
164.7109,39.92
189.9002,39.4773
189.9002,39.4773
189.9002,39.4773
176.601,41.0364
176.601,41.0364
176.601,41.0364
159.6185,40.5583
159.6185,40.5583
159.6185,40.5583
172.336,40.7415
172.336,40.7415
172.336,40.7415
163.7437,41.5045
163.7437,41.5045
163.7437,41.5045
155.0107,41.2429
155.0107,41.2429
155.0107,41.2429
163.4036,41.6865
163.4036,41.6865
163.4036,41.6865
166.2164,40.7941
166.2164,40.7941
166.2164,40.7941
148.6621,40.843
148.6621,40.843
148.6621,40.843
155.5278,40.3272
155.5278,40.3272
155.5278,40.3272
158.6674,40.7223
158.6674,40.7223
158.6674,40.7223
145.0645,40.8116
145.0645,40.8116
145.0645,40.8116
155.3667,41.8867
155.3667,41.8867
155.3667,41.8867
147.0408,40.9254
147.0408,40.9254
147.0408,40.9254
147.7994,40.8891
147.7994,40.8891
147.7994,40.8891
138.7393,41.4949
138.7393,41.4949
138.7393,41.4949
149.3606,40.5494
149.3606,40.5494
149.3606,40.5494
147.3326,41.196
147.3326,41.196
147.3326,41.196
146.2424,40.5348
146.2424,40.5348
146.2424,40.5348
154.1994,40.0199
154.1994,40.0199
154.1994,40.0199
144.8837,40.5582
144.8837,40.5582
144.8837,40.5582
158.8194,41.4296
158.8194,41.4296
158.8194,41.4296
153.0943,41.7142
153.0943,41.7142
153.0943,41.7142
150.5462,40.642
150.5462,40.642
150.5462,40.642
138.6566,40.7665
138.6566,40.7665
138.6566,40.7665
155.5647,40.2016
155.5647,40.2016
155.5647,40.2016
149.816,41.1879
149.816,41.1879
149.816,41.1879
160.8141,41.1313
160.8141,41.1313
160.8141,41.1313
154.4094,40.2341
154.4094,40.2341
154.4094,40.2341
153.7267,40.5111
153.7267,40.5111
153.7267,40.5111
164.7892,39.4023
164.7892,39.4023
164.7892,39.4023
155.9638,41.4375
155.9638,41.4375
155.9638,41.4375
139.2783,40.244
139.2783,40.244
139.2783,40.244
151.0005,40.3685
151.0005,40.3685
151.0005,40.3685
147.9104,40.8797
147.9104,40.8797
147.9104,40.8797
159.833,41.4928
159.833,41.4928
159.833,41.4928
151.0306,41.4824
151.0306,41.4824
151.0306,41.4824
136.8416,41.2659
136.8416,41.2659
136.8416,41.2659
147.3231,41.4882
147.3231,41.4882
147.3231,41.4882
142.2399,41.2698
142.2399,41.2698
142.2399,41.2698
158.3662,41.0675
158.3662,41.0675
158.3662,41.0675
156.5522,41.5281
156.5522,41.5281
156.5522,41.5281
146.385,41.493
146.385,41.493
146.385,41.493
142.0626,40.6751
142.0626,40.6751
142.0626,40.6751
140.5582,42.3212
140.5582,42.3212
140.5582,42.3212
145.3442,40.8615
145.3442,40.8615
145.3442,40.8615
160.2275,40.8624
160.2275,40.8624
160.2275,40.8624
147.3188,41.2481
147.3188,41.2481
147.3188,41.2481
163.3404,42.5755
163.3404,42.5755
163.3404,42.5755
159.102,41.23
159.102,41.23
159.102,41.23
136.0311,40.6344
136.0311,40.6344
136.0311,40.6344
151.649,41.4243
151.649,41.4243
151.649,41.4243
144.926,41.2995
144.926,41.2995
144.926,41.2995
138.5672,40.1118
138.5672,40.1118
138.5672,40.1118
152.7932,42.0712
152.7932,42.0712
152.7932,42.0712
159.8952,41.9785
159.8952,41.9785
159.8952,41.9785
134.0161,41.0646
134.0161,41.0646
134.0161,41.0646
148.1142,40.386
148.1142,40.386
148.1142,40.386
158.3202,40.9123
158.3202,40.9123
158.3202,40.9123
150.5692,41.2404
150.5692,41.2404
150.5692,41.2404
164.1019,41.6275
164.1019,41.6275
164.1019,41.6275
160.9374,41.6785
160.9374,41.6785
160.9374,41.6785
137.3802,42.23
137.3802,42.23
137.3802,42.23
153.1341,40.9041
153.1341,40.9041
153.1341,40.9041
149.1514,40.362
149.1514,40.362
149.1514,40.362
166.8276,41.9652
166.8276,41.9652
166.8276,41.9652
140.8614,40.8493
140.8614,40.8493
140.8614,40.8493
145.9261,40.5274
145.9261,40.5274
145.9261,40.5274
147.7942,40.3894
147.7942,40.3894
147.7942,40.3894
163.1215,41.1359
163.1215,41.1359
163.1215,41.1359
155.5135,41.781
155.5135,41.781
155.5135,41.781
157.5946,39.8318
157.5946,39.8318
157.5946,39.8318
166.5453,41.7772
166.5453,41.7772
166.5453,41.7772
149.4734,41.512
149.4734,41.512
149.4734,41.512
152.8383,40.7153
152.8383,40.7153
152.8383,40.7153
141.8271,39.7663
141.8271,39.7663
141.8271,39.7663
139.0733,41.0782
139.0733,41.0782
139.0733,41.0782
145.5894,40.7956
145.5894,40.7956
145.5894,40.7956
164.5172,40.6717
164.5172,40.6717
164.5172,40.6717
141.8938,40.7398
141.8938,40.7398
141.8938,40.7398
146.0061,40.614
146.0061,40.614
146.0061,40.614
174.9385,41.2393
174.9385,41.2393
174.9385,41.2393
154.9799,41.8807
154.9799,41.8807
154.9799,41.8807
142.0322,40.0798
142.0322,40.0798
142.0322,40.0798
134.7941,40.8249
134.7941,40.8249
134.7941,40.8249
163.0319,40.6339
163.0319,40.6339
163.0319,40.6339
143.101,41.5774
143.101,41.5774
143.101,41.5774
173.6484,40.8998
173.6484,40.8998
173.6484,40.8998
152.9585,40.8245
152.9585,40.8245
152.9585,40.8245
167.637,41.0271
167.637,41.0271
167.637,41.0271
153.0702,39.6851
153.0702,39.6851
153.0702,39.6851
164.2641,40.9805
164.2641,40.9805
164.2641,40.9805
150.0707,41.0601
150.0707,41.0601
150.0707,41.0601
152.4571,40.8253
152.4571,40.8253
152.4571,40.8253
174.1316,40.9963
174.1316,40.9963
174.1316,40.9963
160.4372,40.0458
160.4372,40.0458
160.4372,40.0458
147.6829,42.4451
147.6829,42.4451
147.6829,42.4451
149.9245,40.1834
149.9245,40.1834
149.9245,40.1834
162.1495,40.5505
162.1495,40.5505
162.1495,40.5505
139.9776,40.4986
139.9776,40.4986
139.9776,40.4986
153.1262,39.9113
153.1262,39.9113
153.1262,39.9113
166.4218,41.088
166.4218,41.088
166.4218,41.088
160.348,40.0878
160.348,40.0878
160.348,40.0878
137.4733,41.322
137.4733,41.322
137.4733,41.322
172.6233,42.0076
172.6233,42.0076
172.6233,42.0076
150.5405,40.9799
150.5405,40.9799
150.5405,40.9799
169.4149,41.3087
169.4149,41.3087
169.4149,41.3087
172.168,40.4081
172.168,40.4081
172.168,40.4081
173.3529,41.2801
173.3529,41.2801
173.3529,41.2801
165.4749,40.9387
165.4749,40.9387
165.4749,40.9387
163.336,40.3031
163.336,40.3031
163.336,40.3031
176.0156,40.1983
176.0156,40.1983
176.0156,40.1983
164.0946,40.9144
164.0946,40.9144
164.0946,40.9144
154.9775,41.2999
154.9775,41.2999
154.9775,41.2999
170.9137,40.9568
170.9137,40.9568
170.9137,40.9568
165.5913,40.1666
165.5913,40.1666
165.5913,40.1666
156.1566,42.0798
156.1566,42.0798
156.1566,42.0798
166.8651,40.9402
166.8651,40.9402
166.8651,40.9402
156.2427,40.5939
156.2427,40.5939
156.2427,40.5939
160.6467,40.8449
160.6467,40.8449
160.6467,40.8449
179.4414,41.6429
179.4414,41.6429
179.4414,41.6429
147.4658,40.5364
147.4658,40.5364
147.4658,40.5364
174.5721,40.958
174.5721,40.958
174.5721,40.958
155.5972,39.1675
155.5972,39.1675
155.5972,39.1675
174.3238,41.5909
174.3238,41.5909
174.3238,41.5909
182.9865,39.0006
182.9865,39.0006
182.9865,39.0006
159.7622,41.1452
159.7622,41.1452
159.7622,41.1452
183.1946,40.1033
183.1946,40.1033
183.1946,40.1033
178.7304,41.3341
178.7304,41.3341
178.7304,41.3341
165.0495,40.8432
165.0495,40.8432
165.0495,40.8432
171.702,40.0539
171.702,40.0539
171.702,40.0539
170.1065,40.2542
170.1065,40.2542
170.1065,40.2542
155.1504,41.6238
155.1504,41.6238
155.1504,41.6238
174.6898,41.6888
174.6898,41.6888
174.6898,41.6888
148.7011,41.8456
148.7011,41.8456
148.7011,41.8456
173.9249,40.9694
173.9249,40.9694
173.9249,40.9694
159.6445,41.2875
159.6445,41.2875
159.6445,41.2875
162.8847,40.3311
162.8847,40.3311
162.8847,40.3311
172.0706,40.3222
172.0706,40.3222
172.0706,40.3222
161.541,40.3416
161.541,40.3416
161.541,40.3416
179.574,40.3835
179.574,40.3835
179.574,40.3835
188.4615,40.3938
188.4615,40.3938
188.4615,40.3938
156.0313,39.6555
156.0313,39.6555
156.0313,39.6555
162.1143,40.0649
162.1143,40.0649
162.1143,40.0649
151.6075,40.2046
151.6075,40.2046
151.6075,40.2046
157.5549,40.8316
157.5549,40.8316
157.5549,40.8316
152.2964,41.3405
152.2964,41.3405
152.2964,41.3405
173.12,41.9375
173.12,41.9375
173.12,41.9375
155.2595,40.7134
155.2595,40.7134
155.2595,40.7134
147.7351,41.4199
147.7351,41.4199
147.7351,41.4199
130.5776,41.8919
130.5776,41.8919
130.5776,41.8919
148.3854,41.0517
148.3854,41.0517
148.3854,41.0517
165.9999,41.8181
165.9999,41.8181
165.9999,41.8181
150.258,40.0651
150.258,40.0651
150.258,40.0651
157.0489,41.2455
157.0489,41.2455
157.0489,41.2455
144.0082,39.9256
144.0082,39.9256
144.0082,39.9256
154.246,40.9236
154.246,40.9236
154.246,40.9236
151.9784,41.2353
151.9784,41.2353
151.9784,41.2353
151.1091,41.469
151.1091,41.469
151.1091,41.469
143.2801,41.5133
143.2801,41.5133
143.2801,41.5133
168.5245,40.4105
168.5245,40.4105
168.5245,40.4105
158.1204,41.2034
158.1204,41.2034
158.1204,41.2034
147.0623,41.4777
147.0623,41.4777
147.0623,41.4777
150.122,40.194
150.122,40.194
150.122,40.194
140.6856,41.317
140.6856,41.317
140.6856,41.317
152.2276,41.8487
152.2276,41.8487
152.2276,41.8487
148.3683,40.6548
148.3683,40.6548
148.3683,40.6548
168.5519,40.6824
168.5519,40.6824
168.5519,40.6824
147.366,41.8398
147.366,41.8398
147.366,41.8398
142.6275,41.4567
142.6275,41.4567
142.6275,41.4567
168.9987,41.99
168.9987,41.99
168.9987,41.99
145.6538,40.3714
145.6538,40.3714
145.6538,40.3714
179.3087,41.5543
179.3087,41.5543
179.3087,41.5543
152.4827,40.7805
152.4827,40.7805
152.4827,40.7805
173.5688,40.9802
173.5688,40.9802
173.5688,40.9802
175.2481,40.5566
175.2481,40.5566
175.2481,40.5566
156.2417,41.7823
156.2417,41.7823
156.2417,41.7823
151.8887,42.193
151.8887,42.193
151.8887,42.193
156.9892,41.4056
156.9892,41.4056
156.9892,41.4056
150.2046,40.6037
150.2046,40.6037
150.2046,40.6037
158.0331,40.5093
158.0331,40.5093
158.0331,40.5093
153.5563,40.9595
153.5563,40.9595
153.5563,40.9595
160.9358,40.1518
160.9358,40.1518
160.9358,40.1518
159.2627,42.2071
159.2627,42.2071
159.2627,42.2071
149.8145,40.5437
149.8145,40.5437
149.8145,40.5437
178.4193,40.4873
178.4193,40.4873
178.4193,40.4873
144.8384,40.6663
144.8384,40.6663
144.8384,40.6663
150.144,41.3561
150.144,41.3561
150.144,41.3561
132.1126,40.882
132.1126,40.882
132.1126,40.882
168.6884,41.741
168.6884,41.741
168.6884,41.741
149.6174,41.7329
149.6174,41.7329
149.6174,41.7329
172.3376,41.4181
172.3376,41.4181
172.3376,41.4181
160.7502,41.054
160.7502,41.054
160.7502,41.054
183.4661,41.0821
183.4661,41.0821
183.4661,41.0821
157.9056,40.9425
157.9056,40.9425
157.9056,40.9425
174.9575,42.015
174.9575,42.015
174.9575,42.015
147.7203,41.0323
147.7203,41.0323
147.7203,41.0323
191.4779,41.1093
191.4779,41.1093
191.4779,41.1093
184.3365,41.0816
184.3365,41.0816
184.3365,41.0816
163.1174,41.3833
163.1174,41.3833
163.1174,41.3833
147.0841,39.9938
147.0841,39.9938
147.0841,39.9938
166.5613,40.2004
166.5613,40.2004
166.5613,40.2004
153.022,40.6527
153.022,40.6527
153.022,40.6527
173.9299,42.0218
173.9299,42.0218
173.9299,42.0218
155.9605,41.4045
155.9605,41.4045
155.9605,41.4045
147.7321,41.9891
147.7321,41.9891
147.7321,41.9891
152.1201,41.3034
152.1201,41.3034
152.1201,41.3034
162.0372,41.5085
162.0372,41.5085
162.0372,41.5085
169.333,40.7889
169.333,40.7889
169.333,40.7889
163.9595,41.5279
163.9595,41.5279
163.9595,41.5279
149.183,41.156
149.183,41.156
149.183,41.156
157.0019,41.3168
157.0019,41.3168
157.0019,41.3168
149.6573,40.9751
149.6573,40.9751
149.6573,40.9751
146.628,41.8147
146.628,41.8147
146.628,41.8147
156.2995,40.6374
156.2995,40.6374
156.2995,40.6374
171.8363,41.2548
171.8363,41.2548
171.8363,41.2548
171.4353,42.086
171.4353,42.086
171.4353,42.086
150.3127,40.6507
150.3127,40.6507
150.3127,40.6507
148.3839,41.5989
148.3839,41.5989
148.3839,41.5989
161.1109,41.6629
161.1109,41.6629
161.1109,41.6629
167.6838,41.3919
167.6838,41.3919
167.6838,41.3919
146.4377,41.9407
146.4377,41.9407
146.4377,41.9407
149.7503,41.496
149.7503,41.496
149.7503,41.496
124.102,41.9634
124.102,41.9634
124.102,41.9634
146.0569,42.1653
146.0569,42.1653
146.0569,42.1653
132.2733,40.6521
132.2733,40.6521
132.2733,40.6521
141.0845,42.116
141.0845,42.116
141.0845,42.116
126.0979,41.3528
126.0979,41.3528
126.0979,41.3528
138.0818,41.7573
138.0818,41.7573
138.0818,41.7573
125.5171,41.9755
125.5171,41.9755
125.5171,41.9755
155.4549,42.3195
155.4549,42.3195
155.4549,42.3195
129.3644,42.3569
129.3644,42.3569
129.3644,42.3569
154.1807,41.5479
154.1807,41.5479
154.1807,41.5479
139.2744,41.7776
139.2744,41.7776
139.2744,41.7776
145.9528,40.8344
145.9528,40.8344
145.9528,40.8344
158.8532,40.959
158.8532,40.959
158.8532,40.959
144.65,41.8736
144.65,41.8736
144.65,41.8736
146.189,41.6174
146.189,41.6174
146.189,41.6174
141.7856,42.7266
141.7856,42.7266
141.7856,42.7266
145.9457,40.7727
145.9457,40.7727
145.9457,40.7727
150.5238,40.7453
150.5238,40.7453
150.5238,40.7453
132.7179,41.585
132.7179,41.585
132.7179,41.585
156.971,41.9451
156.971,41.9451
156.971,41.9451
148.6079,41.4956
148.6079,41.4956
148.6079,41.4956
164.8684,40.8778
164.8684,40.8778
164.8684,40.8778
149.9052,40.4451
149.9052,40.4451
149.9052,40.4451
165.5947,41.8143
165.5947,41.8143
165.5947,41.8143
152.5003,41.2121
152.5003,41.2121
152.5003,41.2121
163.961,42.0746
163.961,42.0746
163.961,42.0746
149.1933,41.8033
149.1933,41.8033
149.1933,41.8033
164.2038,41.8905
164.2038,41.8905
164.2038,41.8905
163.5878,41.1785
163.5878,41.1785
163.5878,41.1785
162.2456,41.6678
162.2456,41.6678
162.2456,41.6678
159.1122,40.7867
159.1122,40.7867
159.1122,40.7867
143.0194,40.8052
143.0194,40.8052
143.0194,40.8052
161.516,41.2837
161.516,41.2837
161.516,41.2837
147.2051,41.6195
147.2051,41.6195
147.2051,41.6195
154.1633,40.9963
154.1633,40.9963
154.1633,40.9963
147.8534,41.3156
147.8534,41.3156
147.8534,41.3156
152.5745,42.0909
152.5745,42.0909
152.5745,42.0909
163.5916,42.0305
163.5916,42.0305
163.5916,42.0305
136.993,41.5947
136.993,41.5947
136.993,41.5947
157.8787,41.9572
157.8787,41.9572
157.8787,41.9572
145.2831,41.4397
145.2831,41.4397
145.2831,41.4397
146.6115,41.2188
146.6115,41.2188
146.6115,41.2188
143.5925,40.9418
143.5925,40.9418
143.5925,40.9418
155.5855,41.6324
155.5855,41.6324
155.5855,41.6324
146.0076,42.0137
146.0076,42.0137
146.0076,42.0137
145.2211,42.2546
145.2211,42.2546
145.2211,42.2546
131.6837,42.1004
131.6837,42.1004
131.6837,42.1004
131.9523,41.4384
131.9523,41.4384
131.9523,41.4384
148.8888,42.6746
148.8888,42.6746
148.8888,42.6746
140.1155,41.7902
140.1155,41.7902
140.1155,41.7902
141.0843,41.7941
141.0843,41.7941
141.0843,41.7941
152.4413,40.8347
152.4413,40.8347
152.4413,40.8347
139.2182,42.754
139.2182,42.754
139.2182,42.754
139.3082,41.1213
139.3082,41.1213
139.3082,41.1213
154.5022,42.0879
154.5022,42.0879
154.5022,42.0879
148.9327,42.0412
148.9327,42.0412
148.9327,42.0412
146.2309,41.5456
146.2309,41.5456
146.2309,41.5456
126.8723,41.8467
126.8723,41.8467
126.8723,41.8467
136.2446,42.1653
136.2446,42.1653
136.2446,42.1653
142.6456,42.5253
142.6456,42.5253
142.6456,42.5253
133.0634,42.6677
133.0634,42.6677
133.0634,42.6677
140.3038,42.617
140.3038,42.617
140.3038,42.617
136.5873,40.691
136.5873,40.691
136.5873,40.691
130.6423,41.4689
130.6423,41.4689
130.6423,41.4689
125.1814,41.5962
125.1814,41.5962
125.1814,41.5962
143.1959,40.932
143.1959,40.932
143.1959,40.932
127.7418,40.8615
127.7418,40.8615
127.7418,40.8615
154.6555,41.9627
154.6555,41.9627
154.6555,41.9627
147.8893,41.2978
147.8893,41.2978
147.8893,41.2978
148.3712,41.9855
148.3712,41.9855
148.3712,41.9855
134.8692,41.37
134.8692,41.37
134.8692,41.37
144.7488,41.566
144.7488,41.566
144.7488,41.566
142.794,41.9151
142.794,41.9151
142.794,41.9151
142.742,42.3566
142.742,42.3566
142.742,42.3566
142.4123,42.9296
142.4123,42.9296
142.4123,42.9296
153.3847,41.8865
153.3847,41.8865
153.3847,41.8865
139.3545,41.7096
139.3545,41.7096
139.3545,41.7096
134.8139,42.7366
134.8139,42.7366
134.8139,42.7366
137.8461,42.2733
137.8461,42.2733
137.8461,42.2733
139.4803,41.4781
139.4803,41.4781
139.4803,41.4781
140.4828,42.4807
140.4828,42.4807
140.4828,42.4807
133.4596,43.5354
133.4596,43.5354
133.4596,43.5354
130.8436,41.8603
130.8436,41.8603
130.8436,41.8603
154.538,42.9031
154.538,42.9031
154.538,42.9031
146.7572,41.1791
146.7572,41.1791
146.7572,41.1791
127.381,41.1008
127.381,41.1008
127.381,41.1008
128.1453,43.0763
128.1453,43.0763
128.1453,43.0763
132.2241,42.1639
132.2241,42.1639
132.2241,42.1639
142.0927,41.8468
142.0927,41.8468
142.0927,41.8468
129.7494,42.7103
129.7494,42.7103
129.7494,42.7103
123.2383,41.6258
123.2383,41.6258
123.2383,41.6258
148.0245,42.4493
148.0245,42.4493
148.0245,42.4493
118.7597,42.4601
118.7597,42.4601
118.7597,42.4601
137.5462,42.2751
137.5462,42.2751
137.5462,42.2751
155.0095,42.0519
155.0095,42.0519
155.0095,42.0519
128.4596,40.7688
128.4596,40.7688
128.4596,40.7688
142.4406,41.7866
142.4406,41.7866
142.4406,41.7866
126.7589,41.7657
126.7589,41.7657
126.7589,41.7657
147.1717,41.8302
147.1717,41.8302
147.1717,41.8302
138.6863,42.5346
138.6863,42.5346
138.6863,42.5346
143.5373,42.7509
143.5373,42.7509
143.5373,42.7509
146.8319,41.7789
146.8319,41.7789
146.8319,41.7789
142.4763,41.5319
142.4763,41.5319
142.4763,41.5319
155.0117,42.2631
155.0117,42.2631
155.0117,42.2631
157.154,41.5092
157.154,41.5092
157.154,41.5092
151.4722,40.8803
151.4722,40.8803
151.4722,40.8803
143.1945,41.3971
143.1945,41.3971
143.1945,41.3971
143.1603,42.3761
143.1603,42.3761
143.1603,42.3761
138.7873,42.0162
138.7873,42.0162
138.7873,42.0162
153.0143,42.516
153.0143,42.516
153.0143,42.516
154.0513,41.7032
154.0513,41.7032
154.0513,41.7032
117.1494,41.9246
117.1494,41.9246
117.1494,41.9246
142.557,42.601
142.557,42.601
142.557,42.601
153.5893,41.9536
153.5893,41.9536
153.5893,41.9536
126.6203,41.5611
126.6203,41.5611
126.6203,41.5611
151.9915,41.3751
151.9915,41.3751
151.9915,41.3751
145.9538,41.8195
145.9538,41.8195
145.9538,41.8195
146.8981,41.9581
146.8981,41.9581
146.8981,41.9581
147.9281,41.5824
147.9281,41.5824
147.9281,41.5824
159.8959,42.6578
159.8959,42.6578
159.8959,42.6578
138.0279,41.3959
138.0279,41.3959
138.0279,41.3959
146.7723,42.3097
146.7723,42.3097
146.7723,42.3097
158.6359,41.9762
158.6359,41.9762
158.6359,41.9762
145.4158,41.4186
145.4158,41.4186
145.4158,41.4186
161.0258,41.1145
161.0258,41.1145
161.0258,41.1145
150.9429,41.9984
150.9429,41.9984
150.9429,41.9984
153.879,41.0118
153.879,41.0118
153.879,41.0118
149.2097,41.4903
149.2097,41.4903
149.2097,41.4903
149.9141,41.9983
149.9141,41.9983
149.9141,41.9983
144.1249,41.6198
144.1249,41.6198
144.1249,41.6198
144.4391,42.085
144.4391,42.085
144.4391,42.085
162.6651,40.6917
162.6651,40.6917
162.6651,40.6917
153.2413,41.5169
153.2413,41.5169
153.2413,41.5169
163.2949,41.8564
163.2949,41.8564
163.2949,41.8564
155.2491,43.1552
155.2491,43.1552
155.2491,43.1552
146.8593,41.7539
146.8593,41.7539
146.8593,41.7539
149.5005,41.523
149.5005,41.523
149.5005,41.523
150.1196,42.7232
150.1196,42.7232
150.1196,42.7232
138.9576,42.686
138.9576,42.686
138.9576,42.686
165.5126,42.5746
165.5126,42.5746
165.5126,42.5746
151.8159,41.6946
151.8159,41.6946
151.8159,41.6946
146.7943,41.0776
146.7943,41.0776
146.7943,41.0776
158.4389,41.9869
158.4389,41.9869
158.4389,41.9869
139.6356,42.5823
139.6356,42.5823
139.6356,42.5823
157.4032,42.1954
157.4032,42.1954
157.4032,42.1954
154.7229,41.3737
154.7229,41.3737
154.7229,41.3737
145.8666,40.6584
145.8666,40.6584
145.8666,40.6584
138.8092,42.292
138.8092,42.292
138.8092,42.292
152.5614,42.4717
152.5614,42.4717
152.5614,42.4717
146.4539,40.4158
146.4539,40.4158
146.4539,40.4158
161.5196,42.624
161.5196,42.624
161.5196,42.624
148.3449,41.9527
148.3449,41.9527
148.3449,41.9527
139.9998,41.4665
139.9998,41.4665
139.9998,41.4665
147.9545,42.284
147.9545,42.284
147.9545,42.284
153.6529,42.3739
153.6529,42.3739
153.6529,42.3739
135.398,41.3677
135.398,41.3677
135.398,41.3677
151.117,42.4283
151.117,42.4283
151.117,42.4283
133.3904,42.1535
133.3904,42.1535
133.3904,42.1535
154.869,40.578
154.869,40.578
154.869,40.578
156.1614,41.4518
156.1614,41.4518
156.1614,41.4518
143.2341,41.8015
143.2341,41.8015
143.2341,41.8015
144.7217,41.8499
144.7217,41.8499
144.7217,41.8499
147.5765,42.0291
147.5765,42.0291
147.5765,42.0291
133.876,42.3881
133.876,42.3881
133.876,42.3881
142.8953,42.9775
142.8953,42.9775
142.8953,42.9775
126.3706,41.4667
126.3706,41.4667
126.3706,41.4667
139.9249,43.9975
139.9249,43.9975
139.9249,43.9975
142.1978,41.1841
142.1978,41.1841
142.1978,41.1841
151.6372,42.0763
151.6372,42.0763
151.6372,42.0763
131.1404,40.6988
131.1404,40.6988
131.1404,40.6988
147.626,41.8699
147.626,41.8699
147.626,41.8699
147.0514,41.7379
147.0514,41.7379
147.0514,41.7379
159.477,42.8124
159.477,42.8124
159.477,42.8124
131.352,41.0565
131.352,41.0565
131.352,41.0565
154.1534,41.8765
154.1534,41.8765
154.1534,41.8765
138.4253,41.7871
138.4253,41.7871
138.4253,41.7871
137.0641,41.7852
137.0641,41.7852
137.0641,41.7852
130.0979,42.2924
130.0979,42.2924
130.0979,42.2924
132.952,42.1022
132.952,42.1022
132.952,42.1022
140.6949,41.9728
140.6949,41.9728
140.6949,41.9728
116.8596,42.1168
116.8596,42.1168
116.8596,42.1168
152.2112,43.2637
152.2112,43.2637
152.2112,43.2637
136.2223,41.9689
136.2223,41.9689
136.2223,41.9689
129.5053,41.9398
129.5053,41.9398
129.5053,41.9398
137.4171,42.232
137.4171,42.232
137.4171,42.232
137.0968,42.8142
137.0968,42.8142
137.0968,42.8142
153.6564,42.7172
153.6564,42.7172
153.6564,42.7172
125.7807,41.2403
125.7807,41.2403
125.7807,41.2403
144.829,41.547
144.829,41.547
144.829,41.547
136.8255,42.2004
136.8255,42.2004
136.8255,42.2004
143.8804,41.4547
143.8804,41.4547
143.8804,41.4547
135.0082,41.4891
135.0082,41.4891
135.0082,41.4891
137.8775,42.0985
137.8775,42.0985
137.8775,42.0985
127.831,42.2126
127.831,42.2126
127.831,42.2126
140.3921,43.1978
140.3921,43.1978
140.3921,43.1978
138.1633,41.7881
138.1633,41.7881
138.1633,41.7881
145.4681,42.0123
145.4681,42.0123
145.4681,42.0123
141.8838,41.7002
141.8838,41.7002
141.8838,41.7002
149.9387,43.8981
149.9387,43.8981
149.9387,43.8981
137.7931,42.0467
137.7931,42.0467
137.7931,42.0467
146.1033,43.5024
146.1033,43.5024
146.1033,43.5024
134.3519,42.9028
134.3519,42.9028
134.3519,42.9028
137.3086,42.1984
137.3086,42.1984
137.3086,42.1984
133.6295,41.6386
133.6295,41.6386
133.6295,41.6386
119.8692,41.9619
119.8692,41.9619
119.8692,41.9619
129.6583,42.5875
129.6583,42.5875
129.6583,42.5875
129.4372,41.426
129.4372,41.426
129.4372,41.426
130.7526,41.6959
130.7526,41.6959
130.7526,41.6959
129.7875,41.8295
129.7875,41.8295
129.7875,41.8295
141.9624,42.517
141.9624,42.517
141.9624,42.517
123.9363,41.5506
123.9363,41.5506
123.9363,41.5506
136.8738,43.1064
136.8738,43.1064
136.8738,43.1064
111.5804,42.196
111.5804,42.196
111.5804,42.196
123.9071,42.3648
123.9071,42.3648
123.9071,42.3648
131.7109,41.8464
131.7109,41.8464
131.7109,41.8464
121.6216,41.796
121.6216,41.796
121.6216,41.796
130.5578,42.9506
130.5578,42.9506
130.5578,42.9506
118.2785,43.1005
118.2785,43.1005
118.2785,43.1005
129.713,42.9168
129.713,42.9168
129.713,42.9168
118.1166,42.9246
118.1166,42.9246
118.1166,42.9246
117.7224,42.56
117.7224,42.56
117.7224,42.56
128.3509,41.7605
128.3509,41.7605
128.3509,41.7605
106.4411,41.9257
106.4411,41.9257
106.4411,41.9257
134.5127,42.1802
134.5127,42.1802
134.5127,42.1802
120.6127,42.3284
120.6127,42.3284
120.6127,42.3284
128.6335,42.0104
128.6335,42.0104
128.6335,42.0104
122.965,43.135
122.965,43.135
122.965,43.135
146.1724,42.9161
146.1724,42.9161
146.1724,42.9161
123.1747,42.938
123.1747,42.938
123.1747,42.938
127.9709,43.0911
127.9709,43.0911
127.9709,43.0911
127.9419,41.8462
127.9419,41.8462
127.9419,41.8462
141.3154,42.3684
141.3154,42.3684
141.3154,42.3684
130.5851,42.07
130.5851,42.07
130.5851,42.07
131.4998,42.7589
131.4998,42.7589
131.4998,42.7589
121.284,41.7784
121.284,41.7784
121.284,41.7784
145.0653,42.5505
145.0653,42.5505
145.0653,42.5505
132.276,42.4375
132.276,42.4375
132.276,42.4375
144.9188,42.6014
144.9188,42.6014
144.9188,42.6014
125.7214,41.8599
125.7214,41.8599
125.7214,41.8599
140.4057,42.6574
140.4057,42.6574
140.4057,42.6574
134.3305,41.9465
134.3305,41.9465
134.3305,41.9465
145.0228,42.5059
145.0228,42.5059
145.0228,42.5059
119.9717,41.7597
119.9717,41.7597
119.9717,41.7597
135.1457,42.9869
135.1457,42.9869
135.1457,42.9869
127.8055,42.0067
127.8055,42.0067
127.8055,42.0067
140.8547,42.0479
140.8547,42.0479
140.8547,42.0479
141.7887,43.4318
141.7887,43.4318
141.7887,43.4318
121.28,41.3617
121.28,41.3617
121.28,41.3617
130.78,43.0833
130.78,43.0833
130.78,43.0833
139.5064,42.2446
139.5064,42.2446
139.5064,42.2446
128.1305,42.3224
128.1305,42.3224
128.1305,42.3224
132.0082,42.591
132.0082,42.591
132.0082,42.591
132.5334,41.7649
132.5334,41.7649
132.5334,41.7649
144.408,42.0138
144.408,42.0138
144.408,42.0138
134.3075,42.2133
134.3075,42.2133
134.3075,42.2133
128.4987,42.4318
128.4987,42.4318
128.4987,42.4318
141.387,42.0916
141.387,42.0916
141.387,42.0916
141.6395,40.7961
141.6395,40.7961
141.6395,40.7961
159.511,42.3653
159.511,42.3653
159.511,42.3653
130.66,42.322
130.66,42.322
130.66,42.322
141.4015,42.4848
141.4015,42.4848
141.4015,42.4848
141.617,42.4524
141.617,42.4524
141.617,42.4524
135.2643,42.175
135.2643,42.175
135.2643,42.175
132.82,42.7853
132.82,42.7853
132.82,42.7853
144.7898,42.297
144.7898,42.297
144.7898,42.297
134.0187,42.6339
134.0187,42.6339
134.0187,42.6339
135.0219,42.3788
135.0219,42.3788
135.0219,42.3788
129.1902,42.259
129.1902,42.259
129.1902,42.259
148.2473,42.8197
148.2473,42.8197
148.2473,42.8197
131.0466,41.5722
131.0466,41.5722
131.0466,41.5722
146.7734,42.7029
146.7734,42.7029
146.7734,42.7029
137.7871,42.5707
137.7871,42.5707
137.7871,42.5707
138.412,41.9934
138.412,41.9934
138.412,41.9934
136.5203,42.4007
136.5203,42.4007
136.5203,42.4007
135.7434,41.6986
135.7434,41.6986
135.7434,41.6986
132.8025,41.7037
132.8025,41.7037
132.8025,41.7037
129.6965,41.9021
129.6965,41.9021
129.6965,41.9021
136.5596,41.2561
136.5596,41.2561
136.5596,41.2561
141.7863,41.7505
141.7863,41.7505
141.7863,41.7505
121.1341,41.9531
121.1341,41.9531
121.1341,41.9531
131.0244,42.7003
131.0244,42.7003
131.0244,42.7003
131.8694,42.2405
131.8694,42.2405
131.8694,42.2405
129.9973,41.7841
129.9973,41.7841
129.9973,41.7841
129.2315,43.1244
129.2315,43.1244
129.2315,43.1244
129.629,41.3932
129.629,41.3932
129.629,41.3932
125.4964,42.4991
125.4964,42.4991
125.4964,42.4991
129.4047,41.6037
129.4047,41.6037
129.4047,41.6037
125.265,42.4475
125.265,42.4475
125.265,42.4475
135.2401,41.9831
135.2401,41.9831
135.2401,41.9831
138.6953,42.4986
138.6953,42.4986
138.6953,42.4986
143.4918,42.6918
143.4918,42.6918
143.4918,42.6918
125.0075,40.7099
125.0075,40.7099
125.0075,40.7099
157.123,42.0368
157.123,42.0368
157.123,42.0368
135.5621,42.7834
135.5621,42.7834
135.5621,42.7834
128.7496,42.0536
128.7496,42.0536
128.7496,42.0536
130.8281,42.9069
130.8281,42.9069
130.8281,42.9069
124.4312,41.7458
124.4312,41.7458
124.4312,41.7458
126.5985,42.2382
126.5985,42.2382
126.5985,42.2382
127.7891,41.6986
127.7891,41.6986
127.7891,41.6986
152.2828,42.9013
152.2828,42.9013
152.2828,42.9013
127.5314,41.9189
127.5314,41.9189
127.5314,41.9189
148.9113,42.7255
148.9113,42.7255
148.9113,42.7255
141.0235,42.0778
141.0235,42.0778
141.0235,42.0778
143.8222,42.1357
143.8222,42.1357
143.8222,42.1357
137.3261,43.4105
137.3261,43.4105
137.3261,43.4105
125.8847,42.7261
125.8847,42.7261
125.8847,42.7261
131.9795,42.8123
131.9795,42.8123
131.9795,42.8123
145.6166,42.4771
145.6166,42.4771
145.6166,42.4771
126.8522,42.9803
126.8522,42.9803
126.8522,42.9803
139.3894,42.43
139.3894,42.43
139.3894,42.43
127.5444,41.9572
127.5444,41.9572
127.5444,41.9572
131.0829,41.4203
131.0829,41.4203
131.0829,41.4203
127.3739,42.3604
127.3739,42.3604
127.3739,42.3604
126.3552,42.581
126.3552,42.581
126.3552,42.581
137.622,42.7901
137.622,42.7901
137.622,42.7901
134.9728,42.8762
134.9728,42.8762
134.9728,42.8762
126.1561,41.1314
126.1561,41.1314
126.1561,41.1314
133.7819,42.6672
133.7819,42.6672
133.7819,42.6672
127.9027,42.3515
127.9027,42.3515
127.9027,42.3515
148.6862,42.7027
148.6862,42.7027
148.6862,42.7027
131.0606,42.4497
131.0606,42.4497
131.0606,42.4497
151.6892,41.6188
151.6892,41.6188
151.6892,41.6188
151.0518,40.9492
151.0518,40.9492
151.0518,40.9492
143.5387,42.7573
143.5387,42.7573
143.5387,42.7573
160.9135,43.3861
160.9135,43.3861
160.9135,43.3861
149.5093,42.5846
149.5093,42.5846
149.5093,42.5846
137.949,42.274
137.949,42.274
137.949,42.274
154.4957,41.1931
154.4957,41.1931
154.4957,41.1931
144.5601,41.3468
144.5601,41.3468
144.5601,41.3468
157.0769,43.2541
157.0769,43.2541
157.0769,43.2541
157.8002,42.3512
157.8002,42.3512
157.8002,42.3512
140.4293,41.9572
140.4293,41.9572
140.4293,41.9572
148.1042,41.8303
148.1042,41.8303
148.1042,41.8303
142.8099,41.5314
142.8099,41.5314
142.8099,41.5314
159.5303,43.067
159.5303,43.067
159.5303,43.067
157.9091,42.8459
157.9091,42.8459
157.9091,42.8459
147.4436,42.2591
147.4436,42.2591
147.4436,42.2591
134.6102,41.3219
134.6102,41.3219
134.6102,41.3219
144.6373,42.2831
144.6373,42.2831
144.6373,42.2831
148.215,41.9854
148.215,41.9854
148.215,41.9854
146.1583,42.9421
146.1583,42.9421
146.1583,42.9421
131.7187,41.7834
131.7187,41.7834
131.7187,41.7834
157.0362,42.2209
157.0362,42.2209
157.0362,42.2209
137.4119,42.4592
137.4119,42.4592
137.4119,42.4592
166.6933,43.0387
166.6933,43.0387
166.6933,43.0387
130.6969,41.1914
130.6969,41.1914
130.6969,41.1914
154.182,41.9996
154.182,41.9996
154.182,41.9996
149.356,41.5854
149.356,41.5854
149.356,41.5854
162.3446,42.6677
162.3446,42.6677
162.3446,42.6677
139.7674,43.4159
139.7674,43.4159
139.7674,43.4159
158.5529,41.8553
158.5529,41.8553
158.5529,41.8553
144.2511,42.277
144.2511,42.277
144.2511,42.277
144.5865,41.6415
144.5865,41.6415
144.5865,41.6415
130.7845,41.9338
130.7845,41.9338
130.7845,41.9338
144.7558,41.7532
144.7558,41.7532
144.7558,41.7532
149.2103,42.707
149.2103,42.707
149.2103,42.707
156.1125,41.4198
156.1125,41.4198
156.1125,41.4198
146.8708,41.6132
146.8708,41.6132
146.8708,41.6132
138.7297,41.7952
138.7297,41.7952
138.7297,41.7952
150.0087,43.2609
150.0087,43.2609
150.0087,43.2609
131.6868,43.2371
131.6868,43.2371
131.6868,43.2371
128.1211,42.0448
128.1211,42.0448
128.1211,42.0448
142.992,42.1926
142.992,42.1926
142.992,42.1926
140.2839,42.6584
140.2839,42.6584
140.2839,42.6584
145.7005,43.0682
145.7005,43.0682
145.7005,43.0682
140.9678,42.5611
140.9678,42.5611
140.9678,42.5611
134.7921,42.6237
134.7921,42.6237
134.7921,42.6237
138.5611,42.7134
138.5611,42.7134
138.5611,42.7134
164.7197,42.5195
164.7197,42.5195
164.7197,42.5195
144.6566,43.041
144.6566,43.041
144.6566,43.041
137.728,40.7548
137.728,40.7548
137.728,40.7548
142.7467,42.6333
142.7467,42.6333
142.7467,42.6333
127.8782,42.9733
127.8782,42.9733
127.8782,42.9733
136.2306,42.8489
136.2306,42.8489
136.2306,42.8489
141.8669,42.8707
141.8669,42.8707
141.8669,42.8707
125.3762,42.289
125.3762,42.289
125.3762,42.289
149.184,42.2354
149.184,42.2354
149.184,42.2354
130.1897,41.5327
130.1897,41.5327
130.1897,41.5327
136.7821,42.4191
136.7821,42.4191
136.7821,42.4191
129.7853,42.4513
129.7853,42.4513
129.7853,42.4513
126.2086,42.7527
126.2086,42.7527
126.2086,42.7527
139.279,42.0486
139.279,42.0486
139.279,42.0486
130.1529,41.5961
130.1529,41.5961
130.1529,41.5961
129.6654,42.8956
129.6654,42.8956
129.6654,42.8956
120.6585,41.0417
120.6585,41.0417
120.6585,41.0417
128.3592,42.3998
128.3592,42.3998
128.3592,42.3998
133.7302,41.4829
133.7302,41.4829
133.7302,41.4829
129.5709,41.615
129.5709,41.615
129.5709,41.615
147.0355,42.743
147.0355,42.743
147.0355,42.743
121.0012,41.7243
121.0012,41.7243
121.0012,41.7243
138.6605,42.6626
138.6605,42.6626
138.6605,42.6626
134.1681,42.5209
134.1681,42.5209
134.1681,42.5209
132.9428,42.1101
132.9428,42.1101
132.9428,42.1101
133.0925,42.5307
133.0925,42.5307
133.0925,42.5307
139.8436,41.8225
139.8436,41.8225
139.8436,41.8225
132.3249,43.2275
132.3249,43.2275
132.3249,43.2275
126.0824,42.7066
126.0824,42.7066
126.0824,42.7066
129.7565,42.5727
129.7565,42.5727
129.7565,42.5727
127.0024,42.6806
127.0024,42.6806
127.0024,42.6806
123.6223,43.3832
123.6223,43.3832
123.6223,43.3832
129.7457,42.994
129.7457,42.994
129.7457,42.994
125.1485,41.8678
125.1485,41.8678
125.1485,41.8678
123.2296,42.2139
123.2296,42.2139
123.2296,42.2139
118.5912,42.6683
118.5912,42.6683
118.5912,42.6683
117.6121,42.0562
117.6121,42.0562
117.6121,42.0562
128.2057,42.0492
128.2057,42.0492
128.2057,42.0492
133.1954,41.7043
133.1954,41.7043
133.1954,41.7043
133.3704,41.1637
133.3704,41.1637
133.3704,41.1637
128.0468,42.8028
128.0468,42.8028
128.0468,42.8028
124.4928,42.8186
124.4928,42.8186
124.4928,42.8186
131.9483,42.0288
131.9483,42.0288
131.9483,42.0288
129.6637,43.5011
129.6637,43.5011
129.6637,43.5011
133.1394,42.6878
133.1394,42.6878
133.1394,42.6878
122.6611,41.9205
122.6611,41.9205
122.6611,41.9205
137.6723,43.1618
137.6723,43.1618
137.6723,43.1618
126.4097,43.2175
126.4097,43.2175
126.4097,43.2175
108.2704,42.0732
108.2704,42.0732
108.2704,42.0732
115.5184,42.387
115.5184,42.387
115.5184,42.387
136.4246,43.0894
136.4246,43.0894
136.4246,43.0894
128.1355,42.0278
128.1355,42.0278
128.1355,42.0278
131.208,43.5377
131.208,43.5377
131.208,43.5377
136.8572,43.1686
136.8572,43.1686
136.8572,43.1686
127.5304,43.5637
127.5304,43.5637
127.5304,43.5637
123.2639,42.0395
123.2639,42.0395
123.2639,42.0395
148.9057,43.5807
148.9057,43.5807
148.9057,43.5807
115.7299,42.654
115.7299,42.654
115.7299,42.654
146.5077,42.3346
146.5077,42.3346
146.5077,42.3346
129.5108,42.4874
129.5108,42.4874
129.5108,42.4874
120.2583,43.2244
120.2583,43.2244
120.2583,43.2244
128.9153,42.2063
128.9153,42.2063
128.9153,42.2063
122.0566,43.0345
122.0566,43.0345
122.0566,43.0345
129.0124,42.8498
129.0124,42.8498
129.0124,42.8498
121.4131,42.4218
121.4131,42.4218
121.4131,42.4218
141.8456,43.5358
141.8456,43.5358
141.8456,43.5358
117.7356,43.169
117.7356,43.169
117.7356,43.169
128.0315,42.0758
128.0315,42.0758
128.0315,42.0758
125.4783,42.5632
125.4783,42.5632
125.4783,42.5632
134.5205,42.5435
134.5205,42.5435
134.5205,42.5435
136.5963,41.6483
136.5963,41.6483
136.5963,41.6483
128.8244,42.9265
128.8244,42.9265
128.8244,42.9265
127.0654,42.2499
127.0654,42.2499
127.0654,42.2499
141.2538,43.3651
141.2538,43.3651
141.2538,43.3651
115.8445,42.8646
115.8445,42.8646
115.8445,42.8646
140.5476,42.4536
140.5476,42.4536
140.5476,42.4536
119.4279,42.4862
119.4279,42.4862
119.4279,42.4862
121.3554,43.2915
121.3554,43.2915
121.3554,43.2915
124.6725,42.5161
124.6725,42.5161
124.6725,42.5161
137.78,43.628
137.78,43.628
137.78,43.628
126.7232,43.1232
126.7232,43.1232
126.7232,43.1232
116.5838,42.9001
116.5838,42.9001
116.5838,42.9001
114.3372,42.6941
114.3372,42.6941
114.3372,42.6941
124.0117,42.3418
124.0117,42.3418
124.0117,42.3418
123.0268,43.2056
123.0268,43.2056
123.0268,43.2056
123.1953,42.3854
123.1953,42.3854
123.1953,42.3854
141.1407,43.3723
141.1407,43.3723
141.1407,43.3723
127.2219,44.0107
127.2219,44.0107
127.2219,44.0107
125.6261,42.0812
125.6261,42.0812
125.6261,42.0812
124.9037,42.3259
124.9037,42.3259
124.9037,42.3259
132.0541,43.696
132.0541,43.696
132.0541,43.696
130.0122,44.725
130.0122,44.725
130.0122,44.725
121.6966,43.4522
121.6966,43.4522
121.6966,43.4522
128.4431,43.135
128.4431,43.135
128.4431,43.135
122.4012,42.3721
122.4012,42.3721
122.4012,42.3721
130.7516,43.125
130.7516,43.125
130.7516,43.125
115.8972,43.3892
115.8972,43.3892
115.8972,43.3892
131.435,44.0298
131.435,44.0298
131.435,44.0298
123.7907,43.1801
123.7907,43.1801
123.7907,43.1801
121.8726,41.8627
121.8726,41.8627
121.8726,41.8627
125.9819,42.2519
125.9819,42.2519
125.9819,42.2519
130.2445,43.1824
130.2445,43.1824
130.2445,43.1824
110.3614,43.5724
110.3614,43.5724
110.3614,43.5724
137.4428,43.0248
137.4428,43.0248
137.4428,43.0248
125.2452,42.617
125.2452,42.617
125.2452,42.617
124.6066,43.4356
124.6066,43.4356
124.6066,43.4356
131.343,43.8369
131.343,43.8369
131.343,43.8369
117.3109,42.6658
117.3109,42.6658
117.3109,42.6658
126.2446,42.0922
126.2446,42.0922
126.2446,42.0922
125.7964,42.922
125.7964,42.922
125.7964,42.922
127.7906,42.7554
127.7906,42.7554
127.7906,42.7554
116.6573,42.846
116.6573,42.846
116.6573,42.846
120.7952,42.2926
120.7952,42.2926
120.7952,42.2926
135.2188,43.3033
135.2188,43.3033
135.2188,43.3033
125.0984,42.0637
125.0984,42.0637
125.0984,42.0637
125.379,43.0507
125.379,43.0507
125.379,43.0507
111.2204,41.7194
111.2204,41.7194
111.2204,41.7194
138.3296,41.6154
138.3296,41.6154
138.3296,41.6154
119.8658,42.8484
119.8658,42.8484
119.8658,42.8484
129.1962,42.5974
129.1962,42.5974
129.1962,42.5974
129.8913,43.5294
129.8913,43.5294
129.8913,43.5294
123.5169,43.677
123.5169,43.677
123.5169,43.677
124.8554,42.5336
124.8554,42.5336
124.8554,42.5336
135.3096,42.8763
135.3096,42.8763
135.3096,42.8763
135.1382,42.9805
135.1382,42.9805
135.1382,42.9805
137.4604,42.961
137.4604,42.961
137.4604,42.961
113.9305,42.8259
113.9305,42.8259
113.9305,42.8259
118.8351,42.5248
118.8351,42.5248
118.8351,42.5248
135.798,42.8456
135.798,42.8456
135.798,42.8456
120.7481,42.9262
120.7481,42.9262
120.7481,42.9262
126.3622,43.6812
126.3622,43.6812
126.3622,43.6812
123.5971,42.7935
123.5971,42.7935
123.5971,42.7935
136.9996,43.3659
136.9996,43.3659
136.9996,43.3659
120.429,43.3469
120.429,43.3469
120.429,43.3469
116.6973,42.6093
116.6973,42.6093
116.6973,42.6093
124.1288,42.5544
124.1288,42.5544
124.1288,42.5544
133.1028,42.3965
133.1028,42.3965
133.1028,42.3965
135.0575,41.7996
135.0575,41.7996
135.0575,41.7996
131.7882,43.501
131.7882,43.501
131.7882,43.501
129.488,42.8226
129.488,42.8226
129.488,42.8226
116.8614,42.3494
116.8614,42.3494
116.8614,42.3494
118.006,43.0403
118.006,43.0403
118.006,43.0403
127.8367,42.8631
127.8367,42.8631
127.8367,42.8631
135.0183,42.767
135.0183,42.767
135.0183,42.767
116.8656,42.8596
116.8656,42.8596
116.8656,42.8596
115.3069,41.6738
115.3069,41.6738
115.3069,41.6738
136.8951,42.3406
136.8951,42.3406
136.8951,42.3406
130.1423,43.1442
130.1423,43.1442
130.1423,43.1442
130.1501,42.4253
130.1501,42.4253
130.1501,42.4253
126.3717,43.4824
126.3717,43.4824
126.3717,43.4824
116.1167,44.0621
116.1167,44.0621
116.1167,44.0621
114.8734,41.6835
114.8734,41.6835
114.8734,41.6835
127.3876,42.6279
127.3876,42.6279
127.3876,42.6279
119.7707,43.9529
119.7707,43.9529
119.7707,43.9529
122.2028,42.5758
122.2028,42.5758
122.2028,42.5758
120.9937,41.8226
120.9937,41.8226
120.9937,41.8226
121.1098,43.2359
121.1098,43.2359
121.1098,43.2359
130.6299,43.6403
130.6299,43.6403
130.6299,43.6403
122.6707,43.2495
122.6707,43.2495
122.6707,43.2495
127.0615,43.2716
127.0615,43.2716
127.0615,43.2716
111.4951,43.3269
111.4951,43.3269
111.4951,43.3269
126.3313,43.3039
126.3313,43.3039
126.3313,43.3039
127.8696,42.3343
127.8696,42.3343
127.8696,42.3343
128.4234,42.4242
128.4234,42.4242
128.4234,42.4242
117.0043,43.5293
117.0043,43.5293
117.0043,43.5293
136.4627,42.1437
136.4627,42.1437
136.4627,42.1437
129.3623,42.9972
129.3623,42.9972
129.3623,42.9972
133.1166,42.8505
133.1166,42.8505
133.1166,42.8505
135.0998,41.8074
135.0998,41.8074
135.0998,41.8074
123.1828,43.4141
123.1828,43.4141
123.1828,43.4141
123.263,42.6821
123.263,42.6821
123.263,42.6821
124.8067,43.0899
124.8067,43.0899
124.8067,43.0899
141.4825,42.9068
141.4825,42.9068
141.4825,42.9068
149.1506,41.766
149.1506,41.766
149.1506,41.766
144.9465,42.3685
144.9465,42.3685
144.9465,42.3685
149.5731,41.3559
149.5731,41.3559
149.5731,41.3559
147.2818,42.1736
147.2818,42.1736
147.2818,42.1736
148.8298,41.7898
148.8298,41.7898
148.8298,41.7898
149.9523,42.0525
149.9523,42.0525
149.9523,42.0525
162.6928,41.838
162.6928,41.838
162.6928,41.838
143.501,41.0364
143.501,41.0364
143.501,41.0364
150.4403,42.1744
150.4403,42.1744
150.4403,42.1744
141.707,42.7624
141.707,42.7624
141.707,42.7624
132.3902,42.2199
132.3902,42.2199
132.3902,42.2199
148.2637,42.4543
148.2637,42.4543
148.2637,42.4543
133.1664,42.4817
133.1664,42.4817
133.1664,42.4817
136.2842,43.358
136.2842,43.358
136.2842,43.358
124.2472,42.0378
124.2472,42.0378
124.2472,42.0378
136.7319,42.8424
136.7319,42.8424
136.7319,42.8424
115.7882,41.5554
115.7882,41.5554
115.7882,41.5554
148.1825,43.5218
148.1825,43.5218
148.1825,43.5218
124.3818,43.219
124.3818,43.219
124.3818,43.219
131.0085,41.9109
131.0085,41.9109
131.0085,41.9109
145.5755,42.5686
145.5755,42.5686
145.5755,42.5686
149.4635,43.1095
149.4635,43.1095
149.4635,43.1095
145.9335,41.9314
145.9335,41.9314
145.9335,41.9314
154.009,43.2647
154.009,43.2647
154.009,43.2647
146.7734,42.2813
146.7734,42.2813
146.7734,42.2813
130.4789,43.0
130.4789,43.0
130.4789,43.0
143.9773,42.2915
143.9773,42.2915
143.9773,42.2915
118.7092,42.8425
118.7092,42.8425
118.7092,42.8425
120.036,42.6405
120.036,42.6405
120.036,42.6405
130.2873,41.9087
130.2873,41.9087
130.2873,41.9087
135.1839,43.7086
135.1839,43.7086
135.1839,43.7086
128.9462,42.3015
128.9462,42.3015
128.9462,42.3015
136.5431,43.2351
136.5431,43.2351
136.5431,43.2351
115.3983,42.5477
115.3983,42.5477
115.3983,42.5477
145.2022,43.8282
145.2022,43.8282
145.2022,43.8282
110.5161,42.0344
110.5161,42.0344
110.5161,42.0344
136.8594,43.0305
136.8594,43.0305
136.8594,43.0305
111.9444,44.2327
111.9444,44.2327
111.9444,44.2327
128.5882,43.648
128.5882,43.648
128.5882,43.648
117.1614,41.9403
117.1614,41.9403
117.1614,41.9403
126.0528,43.6104
126.0528,43.6104
126.0528,43.6104
126.9695,41.9658
126.9695,41.9658
126.9695,41.9658
142.2398,43.4401
142.2398,43.4401
142.2398,43.4401
115.4009,43.2628
115.4009,43.2628
115.4009,43.2628
120.7713,43.1271
120.7713,43.1271
120.7713,43.1271
121.9487,42.9102
121.9487,42.9102
121.9487,42.9102
118.2577,43.4761
118.2577,43.4761
118.2577,43.4761
118.842,43.0107
118.842,43.0107
118.842,43.0107
122.892,43.3418
122.892,43.3418
122.892,43.3418
121.643,42.0192
121.643,42.0192
121.643,42.0192
121.4162,43.2072
121.4162,43.2072
121.4162,43.2072
123.8819,43.9082
123.8819,43.9082
123.8819,43.9082
113.6538,42.3781
113.6538,42.3781
113.6538,42.3781
132.4479,43.7961
132.4479,43.7961
132.4479,43.7961
127.4305,42.2078
127.4305,42.2078
127.4305,42.2078
126.9166,43.5723
126.9166,43.5723
126.9166,43.5723
121.7578,42.9743
121.7578,42.9743
121.7578,42.9743
126.185,44.1258
126.185,44.1258
126.185,44.1258
130.4043,42.2554
130.4043,42.2554
130.4043,42.2554
115.722,43.2917
115.722,43.2917
115.722,43.2917
126.6753,43.0404
126.6753,43.0404
126.6753,43.0404
128.3958,43.3295
128.3958,43.3295
128.3958,43.3295
108.5032,43.2929
108.5032,43.2929
108.5032,43.2929
128.0286,44.8037
128.0286,44.8037
128.0286,44.8037
115.9469,43.4249
115.9469,43.4249
115.9469,43.4249
125.1463,42.8918
125.1463,42.8918
125.1463,42.8918
116.078,43.0337
116.078,43.0337
116.078,43.0337
120.8431,44.4245
120.8431,44.4245
120.8431,44.4245
130.4969,42.4744
130.4969,42.4744
130.4969,42.4744
109.5709,43.8919
109.5709,43.8919
109.5709,43.8919
123.9304,44.1632
123.9304,44.1632
123.9304,44.1632
127.7194,43.0036
127.7194,43.0036
127.7194,43.0036
121.2024,43.9608
121.2024,43.9608
121.2024,43.9608
115.347,43.2431
115.347,43.2431
115.347,43.2431
124.1872,43.0064
124.1872,43.0064
124.1872,43.0064
133.6689,43.9134
133.6689,43.9134
133.6689,43.9134
116.1301,42.9907
116.1301,42.9907
116.1301,42.9907
123.7544,42.3526
123.7544,42.3526
123.7544,42.3526
116.9715,42.9482
116.9715,42.9482
116.9715,42.9482
118.3898,42.3217
118.3898,42.3217
118.3898,42.3217
125.6443,43.0407
125.6443,43.0407
125.6443,43.0407
115.3219,42.6438
115.3219,42.6438
115.3219,42.6438
106.0452,42.6145
106.0452,42.6145
106.0452,42.6145
119.5854,42.2702
119.5854,42.2702
119.5854,42.2702
117.1675,43.6567
117.1675,43.6567
117.1675,43.6567
116.246,43.416
116.246,43.416
116.246,43.416
122.9881,43.1491
122.9881,43.1491
122.9881,43.1491
121.9688,44.4915
121.9688,44.4915
121.9688,44.4915
131.1993,43.5318
131.1993,43.5318
131.1993,43.5318
115.6156,43.294
115.6156,43.294
115.6156,43.294
124.87,43.8228
124.87,43.8228
124.87,43.8228
118.5819,43.5013
118.5819,43.5013
118.5819,43.5013
113.1482,43.3069
113.1482,43.3069
113.1482,43.3069
107.621,43.7946
107.621,43.7946
107.621,43.7946
122.3599,42.8044
122.3599,42.8044
122.3599,42.8044
119.6802,42.9709
119.6802,42.9709
119.6802,42.9709
115.4414,43.0278
115.4414,43.0278
115.4414,43.0278
134.1861,43.3939
134.1861,43.3939
134.1861,43.3939
115.5369,43.6023
115.5369,43.6023
115.5369,43.6023
125.1573,42.8147
125.1573,42.8147
125.1573,42.8147
120.7393,42.8643
120.7393,42.8643
120.7393,42.8643
119.4792,43.0284
119.4792,43.0284
119.4792,43.0284
118.3942,42.6208
118.3942,42.6208
118.3942,42.6208
117.5664,44.2209
117.5664,44.2209
117.5664,44.2209
105.9502,43.0625
105.9502,43.0625
105.9502,43.0625
116.0901,44.2506
116.0901,44.2506
116.0901,44.2506
110.6341,44.0996
110.6341,44.0996
110.6341,44.0996
124.121,43.3623
124.121,43.3623
124.121,43.3623
119.4736,42.7711
119.4736,42.7711
119.4736,42.7711
124.9949,42.3989
124.9949,42.3989
124.9949,42.3989
123.8227,41.8762
123.8227,41.8762
123.8227,41.8762
131.5131,43.4582
131.5131,43.4582
131.5131,43.4582
129.5918,43.3254
129.5918,43.3254
129.5918,43.3254
123.9023,43.223
123.9023,43.223
123.9023,43.223
114.6344,43.0811
114.6344,43.0811
114.6344,43.0811
117.9947,43.8031
117.9947,43.8031
117.9947,43.8031
132.5346,42.7624
132.5346,42.7624
132.5346,42.7624
133.0571,44.5264
133.0571,44.5264
133.0571,44.5264
119.8125,42.6956
119.8125,42.6956
119.8125,42.6956
116.4334,42.3493
116.4334,42.3493
116.4334,42.3493
135.6201,43.3057
135.6201,43.3057
135.6201,43.3057
123.6078,41.88
123.6078,41.88
123.6078,41.88
134.5711,43.9904
134.5711,43.9904
134.5711,43.9904
125.8265,42.7503
125.8265,42.7503
125.8265,42.7503
116.5173,42.4119
116.5173,42.4119
116.5173,42.4119
120.1724,43.6967
120.1724,43.6967
120.1724,43.6967
115.0647,43.4293
115.0647,43.4293
115.0647,43.4293
145.9348,43.8353
145.9348,43.8353
145.9348,43.8353
129.4614,43.0564
129.4614,43.0564
129.4614,43.0564
128.9285,43.3814
128.9285,43.3814
128.9285,43.3814
124.154,43.0156
124.154,43.0156
124.154,43.0156
126.8832,43.3519
126.8832,43.3519
126.8832,43.3519
127.2179,43.374
127.2179,43.374
127.2179,43.374
134.2218,43.3477
134.2218,43.3477
134.2218,43.3477
136.164,43.4591
136.164,43.4591
136.164,43.4591
112.3836,42.9894
112.3836,42.9894
112.3836,42.9894
123.1811,44.2216
123.1811,44.2216
123.1811,44.2216
117.5335,43.5575
117.5335,43.5575
117.5335,43.5575
120.4366,43.1773
120.4366,43.1773
120.4366,43.1773
122.7057,43.5257
122.7057,43.5257
122.7057,43.5257
128.2684,42.008
128.2684,42.008
128.2684,42.008
128.1934,43.3336
128.1934,43.3336
128.1934,43.3336
130.167,43.7026
130.167,43.7026
130.167,43.7026
130.6833,44.0908
130.6833,44.0908
130.6833,44.0908
112.8698,43.2994
112.8698,43.2994
112.8698,43.2994
136.5463,43.576
136.5463,43.576
136.5463,43.576
112.4548,43.0708
112.4548,43.0708
112.4548,43.0708
144.2291,43.0032
144.2291,43.0032
144.2291,43.0032
122.0179,43.5156
122.0179,43.5156
122.0179,43.5156
123.5658,42.7389
123.5658,42.7389
123.5658,42.7389
127.0215,42.9687
127.0215,42.9687
127.0215,42.9687
133.9245,44.4699
133.9245,44.4699
133.9245,44.4699
127.0916,42.7684
127.0916,42.7684
127.0916,42.7684
134.3943,42.6591
134.3943,42.6591
134.3943,42.6591
138.4254,43.0082
138.4254,43.0082
138.4254,43.0082
143.9343,43.605
143.9343,43.605
143.9343,43.605
131.1189,42.0278
131.1189,42.0278
131.1189,42.0278
124.6615,43.9126
124.6615,43.9126
124.6615,43.9126
135.9032,42.0427
135.9032,42.0427
135.9032,42.0427
128.0308,42.8373
128.0308,42.8373
128.0308,42.8373
128.9591,42.359
128.9591,42.359
128.9591,42.359
129.6162,43.9772
129.6162,43.9772
129.6162,43.9772
144.799,42.6727
144.799,42.6727
144.799,42.6727
122.8196,44.2212
122.8196,44.2212
122.8196,44.2212
135.0046,43.7718
135.0046,43.7718
135.0046,43.7718
120.5346,42.4421
120.5346,42.4421
120.5346,42.4421
128.0673,43.4102
128.0673,43.4102
128.0673,43.4102
117.212,43.0352
117.212,43.0352
117.212,43.0352
127.3025,41.8823
127.3025,41.8823
127.3025,41.8823
117.481,42.5248
117.481,42.5248
117.481,42.5248
139.1165,43.4812
139.1165,43.4812
139.1165,43.4812
123.0795,42.5927
123.0795,42.5927
123.0795,42.5927
119.8777,42.9654
119.8777,42.9654
119.8777,42.9654
131.745,42.915
131.745,42.915
131.745,42.915
119.2117,43.0752
119.2117,43.0752
119.2117,43.0752
118.727,43.5403
118.727,43.5403
118.727,43.5403
118.1448,43.501
118.1448,43.501
118.1448,43.501
121.5636,43.5122
121.5636,43.5122
121.5636,43.5122
125.4624,42.8477
125.4624,42.8477
125.4624,42.8477
118.8063,42.9726
118.8063,42.9726
118.8063,42.9726
123.018,42.7552
123.018,42.7552
123.018,42.7552
123.6679,42.7513
123.6679,42.7513
123.6679,42.7513
123.5024,42.5916
123.5024,42.5916
123.5024,42.5916
116.5278,43.7858
116.5278,43.7858
116.5278,43.7858
134.2132,42.7802
134.2132,42.7802
134.2132,42.7802
123.9369,43.5802
123.9369,43.5802
123.9369,43.5802
117.9667,43.0068
117.9667,43.0068
117.9667,43.0068
121.2936,43.1503
121.2936,43.1503
121.2936,43.1503
111.0618,43.7615
111.0618,43.7615
111.0618,43.7615
114.9819,43.1234
114.9819,43.1234
114.9819,43.1234
115.5735,43.1377
115.5735,43.1377
115.5735,43.1377
116.7348,42.9933
116.7348,42.9933
116.7348,42.9933
126.6959,42.9184
126.6959,42.9184
126.6959,42.9184
110.2336,42.9853
110.2336,42.9853
110.2336,42.9853
131.7677,42.6607
131.7677,42.6607
131.7677,42.6607
112.1086,43.4748
112.1086,43.4748
112.1086,43.4748
111.4228,43.0984
111.4228,43.0984
111.4228,43.0984
110.4072,42.2562
110.4072,42.2562
110.4072,42.2562
107.5377,44.7771
107.5377,44.7771
107.5377,44.7771
123.7405,43.0104
123.7405,43.0104
123.7405,43.0104
123.2746,43.8651
123.2746,43.8651
123.2746,43.8651
115.3182,44.0363
115.3182,44.0363
115.3182,44.0363
106.4052,43.7791
106.4052,43.7791
106.4052,43.7791
116.2051,43.7386
116.2051,43.7386
116.2051,43.7386
113.8476,43.5519
113.8476,43.5519
113.8476,43.5519
106.1222,43.7792
106.1222,43.7792
106.1222,43.7792
118.0775,42.6815
118.0775,42.6815
118.0775,42.6815
113.0335,44.3549
113.0335,44.3549
113.0335,44.3549
111.9856,42.3005
111.9856,42.3005
111.9856,42.3005
115.8199,44.1223
115.8199,44.1223
115.8199,44.1223
119.7862,44.4561
119.7862,44.4561
119.7862,44.4561
115.4207,43.3549
115.4207,43.3549
115.4207,43.3549
119.0179,43.2603
119.0179,43.2603
119.0179,43.2603
128.1768,44.3242
128.1768,44.3242
128.1768,44.3242
110.9052,43.182
110.9052,43.182
110.9052,43.182
107.6598,43.4648
107.6598,43.4648
107.6598,43.4648
108.6757,43.6859
108.6757,43.6859
108.6757,43.6859
116.5512,43.0522
116.5512,43.0522
116.5512,43.0522
120.3614,44.0478
120.3614,44.0478
120.3614,44.0478
116.3659,42.5536
116.3659,42.5536
116.3659,42.5536
130.4375,43.0208
130.4375,43.0208
130.4375,43.0208
117.7676,44.1012
117.7676,44.1012
117.7676,44.1012
117.7744,43.3494
117.7744,43.3494
117.7744,43.3494
115.3388,43.7661
115.3388,43.7661
115.3388,43.7661
112.5116,44.0893
112.5116,44.0893
112.5116,44.0893
120.6675,42.714
120.6675,42.714
120.6675,42.714
126.2316,43.3869
126.2316,43.3869
126.2316,43.3869
113.4112,42.3429
113.4112,42.3429
113.4112,42.3429
129.5975,44.5305
129.5975,44.5305
129.5975,44.5305
108.0344,42.379
108.0344,42.379
108.0344,42.379
126.7107,44.0214
126.7107,44.0214
126.7107,44.0214
101.6775,44.3403
101.6775,44.3403
101.6775,44.3403
123.5806,43.7333
123.5806,43.7333
123.5806,43.7333
119.4576,43.4749
119.4576,43.4749
119.4576,43.4749
120.0682,43.7753
120.0682,43.7753
120.0682,43.7753
112.7518,43.844
112.7518,43.844
112.7518,43.844
111.9733,44.0188
111.9733,44.0188
111.9733,44.0188
112.0064,43.5502
112.0064,43.5502
112.0064,43.5502
121.7218,42.1867
121.7218,42.1867
121.7218,42.1867
117.133,45.5311
117.133,45.5311
117.133,45.5311
113.2842,42.2363
113.2842,42.2363
113.2842,42.2363
120.9741,43.2038
120.9741,43.2038
120.9741,43.2038
103.5858,42.3397
103.5858,42.3397
103.5858,42.3397
138.0173,43.6561
138.0173,43.6561
138.0173,43.6561
133.0981,44.2056
133.0981,44.2056
133.0981,44.2056
124.8951,43.5579
124.8951,43.5579
124.8951,43.5579
130.0935,43.2784
130.0935,43.2784
130.0935,43.2784
128.6673,43.4188
128.6673,43.4188
128.6673,43.4188
117.4304,43.836
117.4304,43.836
117.4304,43.836
119.143,43.8001
119.143,43.8001
119.143,43.8001
122.399,43.9995
122.399,43.9995
122.399,43.9995
105.9466,44.3402
105.9466,44.3402
105.9466,44.3402
125.2203,42.7904
125.2203,42.7904
125.2203,42.7904
121.3042,43.5096
121.3042,43.5096
121.3042,43.5096
124.3419,43.2839
124.3419,43.2839
124.3419,43.2839
119.8977,43.6042
119.8977,43.6042
119.8977,43.6042
127.0941,43.4568
127.0941,43.4568
127.0941,43.4568
130.5936,43.4039
130.5936,43.4039
130.5936,43.4039
114.3731,44.5856
114.3731,44.5856
114.3731,44.5856
121.9167,43.6895
121.9167,43.6895
121.9167,43.6895
120.1367,43.1293
120.1367,43.1293
120.1367,43.1293
121.9594,43.3195
121.9594,43.3195
121.9594,43.3195
124.0016,44.856
124.0016,44.856
124.0016,44.856
110.666,42.5752
110.666,42.5752
110.666,42.5752
117.8294,42.4998
117.8294,42.4998
117.8294,42.4998
129.0184,43.5496
129.0184,43.5496
129.0184,43.5496
115.8413,43.7211
115.8413,43.7211
115.8413,43.7211
111.695,43.301
111.695,43.301
111.695,43.301
117.42,43.4238
117.42,43.4238
117.42,43.4238
102.6658,43.5667
102.6658,43.5667
102.6658,43.5667
124.5038,42.9099
124.5038,42.9099
124.5038,42.9099
114.6006,42.9043
114.6006,42.9043
114.6006,42.9043
110.3637,43.9939
110.3637,43.9939
110.3637,43.9939
116.0525,43.5218
116.0525,43.5218
116.0525,43.5218
119.2247,43.4956
119.2247,43.4956
119.2247,43.4956
126.929,44.4654
126.929,44.4654
126.929,44.4654
107.4096,43.7505
107.4096,43.7505
107.4096,43.7505
123.4848,44.2858
123.4848,44.2858
123.4848,44.2858
120.8314,42.5211
120.8314,42.5211
120.8314,42.5211
111.4512,43.5797
111.4512,43.5797
111.4512,43.5797
112.7605,43.6627
112.7605,43.6627
112.7605,43.6627
121.9967,43.6599
121.9967,43.6599
121.9967,43.6599
104.3137,44.126
104.3137,44.126
104.3137,44.126
113.4496,44.2818
113.4496,44.2818
113.4496,44.2818
105.5664,43.455
105.5664,43.455
105.5664,43.455
113.3214,43.8965
113.3214,43.8965
113.3214,43.8965
113.189,44.1765
113.189,44.1765
113.189,44.1765
117.4284,45.2429
117.4284,45.2429
117.4284,45.2429
108.1301,43.0645
108.1301,43.0645
108.1301,43.0645
111.0949,43.5457
111.0949,43.5457
111.0949,43.5457
122.0986,43.8574
122.0986,43.8574
122.0986,43.8574
115.275,43.59
115.275,43.59
115.275,43.59
125.0472,43.7274
125.0472,43.7274
125.0472,43.7274
113.2976,43.9801
113.2976,43.9801
113.2976,43.9801
128.2141,42.8556
128.2141,42.8556
128.2141,42.8556
125.6281,44.676
125.6281,44.676
125.6281,44.676
124.3647,44.4507
124.3647,44.4507
124.3647,44.4507
108.6358,44.2027
108.6358,44.2027
108.6358,44.2027
124.7619,44.0329
124.7619,44.0329
124.7619,44.0329
113.7172,42.9429
113.7172,42.9429
113.7172,42.9429
119.7345,42.9401
119.7345,42.9401
119.7345,42.9401
131.5614,44.4238
131.5614,44.4238
131.5614,44.4238
122.3174,42.6409
122.3174,42.6409
122.3174,42.6409
115.1287,44.4504
115.1287,44.4504
115.1287,44.4504
117.5705,43.0847
117.5705,43.0847
117.5705,43.0847
115.4163,43.701
115.4163,43.701
115.4163,43.701
127.3023,42.9198
127.3023,42.9198
127.3023,42.9198
118.5159,43.9082
118.5159,43.9082
118.5159,43.9082
113.9321,43.9164
113.9321,43.9164
113.9321,43.9164
135.5569,44.1683
135.5569,44.1683
135.5569,44.1683
120.0918,43.4522
120.0918,43.4522
120.0918,43.4522
130.8401,43.8339
130.8401,43.8339
130.8401,43.8339
114.908,44.2718
114.908,44.2718
114.908,44.2718
125.394,42.6393
125.394,42.6393
125.394,42.6393
110.6589,43.7282
110.6589,43.7282
110.6589,43.7282
124.4936,43.3168
124.4936,43.3168
124.4936,43.3168
123.3383,43.1868
123.3383,43.1868
123.3383,43.1868
124.3432,43.1415
124.3432,43.1415
124.3432,43.1415
121.7686,43.0922
121.7686,43.0922
121.7686,43.0922
123.4271,43.923
123.4271,43.923
123.4271,43.923
124.021,43.8533
124.021,43.8533
124.021,43.8533
125.5775,43.5066
125.5775,43.5066
125.5775,43.5066
123.1369,43.6994
123.1369,43.6994
123.1369,43.6994
133.2935,44.329
133.2935,44.329
133.2935,44.329
125.0159,42.9962
125.0159,42.9962
125.0159,42.9962
112.3592,44.3739
112.3592,44.3739
112.3592,44.3739
126.0222,44.2397
126.0222,44.2397
126.0222,44.2397
108.006,43.8818
108.006,43.8818
108.006,43.8818
121.2444,42.9083
121.2444,42.9083
121.2444,42.9083
123.1373,43.2232
123.1373,43.2232
123.1373,43.2232
128.6622,43.8666
128.6622,43.8666
128.6622,43.8666
120.9859,43.8311
120.9859,43.8311
120.9859,43.8311
126.5687,43.5177
126.5687,43.5177
126.5687,43.5177
113.2519,43.4333
113.2519,43.4333
113.2519,43.4333
121.7038,43.5142
121.7038,43.5142
121.7038,43.5142
121.3814,43.4296
121.3814,43.4296
121.3814,43.4296
116.7478,43.9329
116.7478,43.9329
116.7478,43.9329
123.5025,43.8621
123.5025,43.8621
123.5025,43.8621
97.4789,42.8496
97.4789,42.8496
97.4789,42.8496
102.6703,45.3482
102.6703,45.3482
102.6703,45.3482
110.9961,44.1914
110.9961,44.1914
110.9961,44.1914
109.1044,43.26
109.1044,43.26
109.1044,43.26
109.3294,44.0089
109.3294,44.0089
109.3294,44.0089
106.8085,43.8197
106.8085,43.8197
106.8085,43.8197
99.6185,43.1629
99.6185,43.1629
99.6185,43.1629
97.1715,42.4336
97.1715,42.4336
97.1715,42.4336
108.2992,42.8269
108.2992,42.8269
108.2992,42.8269
108.8427,44.4033
108.8427,44.4033
108.8427,44.4033
90.5568,42.8705
90.5568,42.8705
90.5568,42.8705
106.9889,44.7749
106.9889,44.7749
106.9889,44.7749
103.0993,45.0011
103.0993,45.0011
103.0993,45.0011
93.7402,44.5758
93.7402,44.5758
93.7402,44.5758
98.7251,44.93
98.7251,44.93
98.7251,44.93
100.1553,42.9041
100.1553,42.9041
100.1553,42.9041
108.1761,44.126
108.1761,44.126
108.1761,44.126
106.7876,43.9235
106.7876,43.9235
106.7876,43.9235
99.4935,44.0316
99.4935,44.0316
99.4935,44.0316
97.5187,44.3731
97.5187,44.3731
97.5187,44.3731
99.4513,45.3164
99.4513,45.3164
99.4513,45.3164
99.1366,44.2982
99.1366,44.2982
99.1366,44.2982
86.3708,43.8683
86.3708,43.8683
86.3708,43.8683
88.6677,44.751
88.6677,44.751
88.6677,44.751
96.4542,43.4727
96.4542,43.4727
96.4542,43.4727
92.4775,44.2331
92.4775,44.2331
92.4775,44.2331
98.3203,44.2832
98.3203,44.2832
98.3203,44.2832
97.6946,44.5476
97.6946,44.5476
97.6946,44.5476
99.0486,45.5998
99.0486,45.5998
99.0486,45.5998
97.6268,43.7472
97.6268,43.7472
97.6268,43.7472
80.0055,43.8603
80.0055,43.8603
80.0055,43.8603
97.2852,43.8771
97.2852,43.8771
97.2852,43.8771
94.6974,44.4252
94.6974,44.4252
94.6974,44.4252
92.3227,44.0817
92.3227,44.0817
92.3227,44.0817
92.9391,44.4037
92.9391,44.4037
92.9391,44.4037
86.2117,44.4871
86.2117,44.4871
86.2117,44.4871
94.5494,45.2339
94.5494,45.2339
94.5494,45.2339
94.0753,44.9417
94.0753,44.9417
94.0753,44.9417
105.5386,44.6152
105.5386,44.6152
105.5386,44.6152
93.3759,44.2004
93.3759,44.2004
93.3759,44.2004
98.8341,44.1786
98.8341,44.1786
98.8341,44.1786
95.6274,44.2753
95.6274,44.2753
95.6274,44.2753
102.183,45.189
102.183,45.189
102.183,45.189
89.7173,43.4332
89.7173,43.4332
89.7173,43.4332
100.4558,43.288
100.4558,43.288
100.4558,43.288
97.6324,43.7009
97.6324,43.7009
97.6324,43.7009
99.4624,45.3844
99.4624,45.3844
99.4624,45.3844
95.6123,44.4069
95.6123,44.4069
95.6123,44.4069
81.1725,42.5194
81.1725,42.5194
81.1725,42.5194
99.6199,44.9047
99.6199,44.9047
99.6199,44.9047
89.131,45.1366
89.131,45.1366
89.131,45.1366
94.8364,44.0192
94.8364,44.0192
94.8364,44.0192
94.0169,44.9826
94.0169,44.9826
94.0169,44.9826
93.3654,45.1566
93.3654,45.1566
93.3654,45.1566
103.8156,43.7373
103.8156,43.7373
103.8156,43.7373
102.9842,44.6711
102.9842,44.6711
102.9842,44.6711
86.2159,44.9604
86.2159,44.9604
86.2159,44.9604
89.4588,44.5133
89.4588,44.5133
89.4588,44.5133
95.3969,44.2407
95.3969,44.2407
95.3969,44.2407
94.4783,43.2823
94.4783,43.2823
94.4783,43.2823
93.2238,44.7058
93.2238,44.7058
93.2238,44.7058
93.5793,43.8381
93.5793,43.8381
93.5793,43.8381
100.9063,44.8922
100.9063,44.8922
100.9063,44.8922
105.1465,43.8912
105.1465,43.8912
105.1465,43.8912
98.257,45.2071
98.257,45.2071
98.257,45.2071
101.5201,43.6828
101.5201,43.6828
101.5201,43.6828
102.7177,44.1075
102.7177,44.1075
102.7177,44.1075
98.7446,44.5329
98.7446,44.5329
98.7446,44.5329
96.1463,43.3075
96.1463,43.3075
96.1463,43.3075
106.0861,46.1837
106.0861,46.1837
106.0861,46.1837
100.102,43.9177
100.102,43.9177
100.102,43.9177
90.4332,44.8042
90.4332,44.8042
90.4332,44.8042
94.1138,43.6986
94.1138,43.6986
94.1138,43.6986
92.0245,44.4622
92.0245,44.4622
92.0245,44.4622
83.8409,45.3997
83.8409,45.3997
83.8409,45.3997
87.0249,44.3479
87.0249,44.3479
87.0249,44.3479
95.5283,43.9234
95.5283,43.9234
95.5283,43.9234
88.8424,43.862
88.8424,43.862
88.8424,43.862
100.2547,44.1731
100.2547,44.1731
100.2547,44.1731
87.3478,44.4814
87.3478,44.4814
87.3478,44.4814
96.4013,43.9147
96.4013,43.9147
96.4013,43.9147
103.4162,44.1758
103.4162,44.1758
103.4162,44.1758
93.5955,44.2653
93.5955,44.2653
93.5955,44.2653
84.1238,43.1998
84.1238,43.1998
84.1238,43.1998
93.5388,44.127
93.5388,44.127
93.5388,44.127
101.5374,44.5186
101.5374,44.5186
101.5374,44.5186
87.9963,44.0318
87.9963,44.0318
87.9963,44.0318
90.3303,44.647
90.3303,44.647
90.3303,44.647
86.0976,44.0622
86.0976,44.0622
86.0976,44.0622
97.8725,44.1947
97.8725,44.1947
97.8725,44.1947
91.4013,45.3536
91.4013,45.3536
91.4013,45.3536
105.9118,43.5977
105.9118,43.5977
105.9118,43.5977
89.6753,44.565
89.6753,44.565
89.6753,44.565
98.0644,44.1545
98.0644,44.1545
98.0644,44.1545
94.0811,44.5538
94.0811,44.5538
94.0811,44.5538
97.6565,44.0008
97.6565,44.0008
97.6565,44.0008
105.8536,44.8819
105.8536,44.8819
105.8536,44.8819
93.1867,44.2746
93.1867,44.2746
93.1867,44.2746
90.2819,43.7017
90.2819,43.7017
90.2819,43.7017
100.6651,45.7677
100.6651,45.7677
100.6651,45.7677
95.4261,42.9754
95.4261,42.9754
95.4261,42.9754
101.8878,44.7671
101.8878,44.7671
101.8878,44.7671
85.6977,44.8847
85.6977,44.8847
85.6977,44.8847
85.8774,44.5094
85.8774,44.5094
85.8774,44.5094
86.8067,45.1591
86.8067,45.1591
86.8067,45.1591
91.6214,44.5543
91.6214,44.5543
91.6214,44.5543
90.7254,44.4433
90.7254,44.4433
90.7254,44.4433
89.8425,43.9085
89.8425,43.9085
89.8425,43.9085
98.3991,44.8446
98.3991,44.8446
98.3991,44.8446
97.0499,45.3818
97.0499,45.3818
97.0499,45.3818
94.2979,44.508
94.2979,44.508
94.2979,44.508
95.3499,44.0944
95.3499,44.0944
95.3499,44.0944
104.2375,43.2597
104.2375,43.2597
104.2375,43.2597
91.629,42.9743
91.629,42.9743
91.629,42.9743
89.4038,44.8245
89.4038,44.8245
89.4038,44.8245
103.1515,44.3017
103.1515,44.3017
103.1515,44.3017
106.1799,45.1075
106.1799,45.1075
106.1799,45.1075
82.4841,43.9656
82.4841,43.9656
82.4841,43.9656
91.0986,45.5198
91.0986,45.5198
91.0986,45.5198
91.6838,43.9917
91.6838,43.9917
91.6838,43.9917
110.2988,45.9637
110.2988,45.9637
110.2988,45.9637
90.2385,44.8028
90.2385,44.8028
90.2385,44.8028
81.5896,44.9191
81.5896,44.9191
81.5896,44.9191
95.6148,44.0825
95.6148,44.0825
95.6148,44.0825
97.8212,44.4815
97.8212,44.4815
97.8212,44.4815
104.284,44.5322
104.284,44.5322
104.284,44.5322
89.4113,43.1978
89.4113,43.1978
89.4113,43.1978
96.6905,45.1818
96.6905,45.1818
96.6905,45.1818
100.4383,44.6245
100.4383,44.6245
100.4383,44.6245
93.4032,44.5957
93.4032,44.5957
93.4032,44.5957
98.813,44.7764
98.813,44.7764
98.813,44.7764
98.6649,44.2278
98.6649,44.2278
98.6649,44.2278
88.3635,43.7469
88.3635,43.7469
88.3635,43.7469
91.608,45.4431
91.608,45.4431
91.608,45.4431
92.176,43.8424
92.176,43.8424
92.176,43.8424
93.0962,44.4907
93.0962,44.4907
93.0962,44.4907
101.1333,44.6296
101.1333,44.6296
101.1333,44.6296
100.1298,45.9614
100.1298,45.9614
100.1298,45.9614
93.1259,46.6496
93.1259,46.6496
93.1259,46.6496
103.2908,44.6947
103.2908,44.6947
103.2908,44.6947
99.5807,44.6601
99.5807,44.6601
99.5807,44.6601
106.1188,44.2992
106.1188,44.2992
106.1188,44.2992
99.3858,43.724
99.3858,43.724
99.3858,43.724
99.4324,44.4846
99.4324,44.4846
99.4324,44.4846
96.5213,45.2658
96.5213,45.2658
96.5213,45.2658
96.8395,45.3723
96.8395,45.3723
96.8395,45.3723
91.6995,44.2276
91.6995,44.2276
91.6995,44.2276
92.6646,44.3795
92.6646,44.3795
92.6646,44.3795
96.1534,44.5582
96.1534,44.5582
96.1534,44.5582
95.2938,44.0203
95.2938,44.0203
95.2938,44.0203
84.4522,45.6008
84.4522,45.6008
84.4522,45.6008
89.2592,44.8409
89.2592,44.8409
89.2592,44.8409
98.7706,43.6697
98.7706,43.6697
98.7706,43.6697
103.4931,45.3459
103.4931,45.3459
103.4931,45.3459
86.3645,44.6137
86.3645,44.6137
86.3645,44.6137
95.8696,44.531
95.8696,44.531
95.8696,44.531
95.2534,44.2951
95.2534,44.2951
95.2534,44.2951
110.2576,44.1835
110.2576,44.1835
110.2576,44.1835
86.1442,44.584
86.1442,44.584
86.1442,44.584
94.6347,44.787
94.6347,44.787
94.6347,44.787
92.7213,44.0655
92.7213,44.0655
92.7213,44.0655
97.6297,43.0429
97.6297,43.0429
97.6297,43.0429
98.4142,44.3293
98.4142,44.3293
98.4142,44.3293
92.8346,44.7297
92.8346,44.7297
92.8346,44.7297
87.7456,45.2864
87.7456,45.2864
87.7456,45.2864
89.0165,46.1417
89.0165,46.1417
89.0165,46.1417
86.2765,43.9126
86.2765,43.9126
86.2765,43.9126
92.5019,44.051
92.5019,44.051
92.5019,44.051
95.6301,43.7836
95.6301,43.7836
95.6301,43.7836
91.4431,44.0038
91.4431,44.0038
91.4431,44.0038
101.5018,44.5896
101.5018,44.5896
101.5018,44.5896
92.3705,45.2009
92.3705,45.2009
92.3705,45.2009
102.1497,45.054
102.1497,45.054
102.1497,45.054
93.1701,44.8715
93.1701,44.8715
93.1701,44.8715
93.3916,44.4731
93.3916,44.4731
93.3916,44.4731
98.3863,43.4927
98.3863,43.4927
98.3863,43.4927
94.7857,44.4766
94.7857,44.4766
94.7857,44.4766
96.5939,44.5138
96.5939,44.5138
96.5939,44.5138
95.3975,43.6698
95.3975,43.6698
95.3975,43.6698
99.8473,43.6465
99.8473,43.6465
99.8473,43.6465
95.9957,45.0706
95.9957,45.0706
95.9957,45.0706
94.678,44.3838
94.678,44.3838
94.678,44.3838
101.2625,44.0337
101.2625,44.0337
101.2625,44.0337
96.6873,45.5045
96.6873,45.5045
96.6873,45.5045
85.5509,45.3588
85.5509,45.3588
85.5509,45.3588
102.3421,45.2485
102.3421,45.2485
102.3421,45.2485
93.6029,45.2159
93.6029,45.2159
93.6029,45.2159
93.4931,44.3026
93.4931,44.3026
93.4931,44.3026
88.5184,43.9822
88.5184,43.9822
88.5184,43.9822
96.007,44.8324
96.007,44.8324
96.007,44.8324
97.111,45.4874
97.111,45.4874
97.111,45.4874
100.7462,44.9056
100.7462,44.9056
100.7462,44.9056
94.1621,45.1605
94.1621,45.1605
94.1621,45.1605
101.5783,44.7184
101.5783,44.7184
101.5783,44.7184
99.1608,43.6963
99.1608,43.6963
99.1608,43.6963
100.1628,44.9964
100.1628,44.9964
100.1628,44.9964
97.8459,44.1406
97.8459,44.1406
97.8459,44.1406
92.2831,45.5891
92.2831,45.5891
92.2831,45.5891
89.0606,43.918
89.0606,43.918
89.0606,43.918
94.8865,45.1712
94.8865,45.1712
94.8865,45.1712
92.196,44.4183
92.196,44.4183
92.196,44.4183
93.1624,43.4695
93.1624,43.4695
93.1624,43.4695
94.3802,45.5171
94.3802,45.5171
94.3802,45.5171
94.8827,44.6653
94.8827,44.6653
94.8827,44.6653
89.6624,44.3498
89.6624,44.3498
89.6624,44.3498
96.3983,44.4665
96.3983,44.4665
96.3983,44.4665
94.7499,44.3106
94.7499,44.3106
94.7499,44.3106
92.7266,43.8571
92.7266,43.8571
92.7266,43.8571
91.9836,45.0758
91.9836,45.0758
91.9836,45.0758
97.2843,44.7895
97.2843,44.7895
97.2843,44.7895
104.4405,44.2682
104.4405,44.2682
104.4405,44.2682
103.202,43.6735
103.202,43.6735
103.202,43.6735
100.1248,43.5286
100.1248,43.5286
100.1248,43.5286
94.4207,43.4561
94.4207,43.4561
94.4207,43.4561
95.737,44.3508
95.737,44.3508
95.737,44.3508
95.4329,44.8833
95.4329,44.8833
95.4329,44.8833
87.9442,44.2772
87.9442,44.2772
87.9442,44.2772
91.8238,43.3271
91.8238,43.3271
91.8238,43.3271
82.9969,43.8126
82.9969,43.8126
82.9969,43.8126
106.1843,44.7653
106.1843,44.7653
106.1843,44.7653
96.4108,44.4306
96.4108,44.4306
96.4108,44.4306
87.3274,44.5221
87.3274,44.5221
87.3274,44.5221
95.2959,45.4609
95.2959,45.4609
95.2959,45.4609
99.5325,44.3236
99.5325,44.3236
99.5325,44.3236
98.6407,44.031
98.6407,44.031
98.6407,44.031
92.7492,44.4509
92.7492,44.4509
92.7492,44.4509
83.8053,44.391
83.8053,44.391
83.8053,44.391
100.0167,43.6152
100.0167,43.6152
100.0167,43.6152
91.0857,44.3018
91.0857,44.3018
91.0857,44.3018
87.5062,44.2305
87.5062,44.2305
87.5062,44.2305
94.9216,44.7558
94.9216,44.7558
94.9216,44.7558
92.8517,44.7363
92.8517,44.7363
92.8517,44.7363
95.5826,43.1285
95.5826,43.1285
95.5826,43.1285
94.2802,44.0685
94.2802,44.0685
94.2802,44.0685
87.6967,45.2805
87.6967,45.2805
87.6967,45.2805
94.7239,43.8587
94.7239,43.8587
94.7239,43.8587
96.879,43.7548
96.879,43.7548
96.879,43.7548
90.056,44.0592
90.056,44.0592
90.056,44.0592
87.7838,44.6188
87.7838,44.6188
87.7838,44.6188
103.3773,44.5446
103.3773,44.5446
103.3773,44.5446
99.5493,45.0013
99.5493,45.0013
99.5493,45.0013
94.3823,46.0212
94.3823,46.0212
94.3823,46.0212
85.0031,44.283
85.0031,44.283
85.0031,44.283
90.7817,44.7754
90.7817,44.7754
90.7817,44.7754
102.6996,44.0804
102.6996,44.0804
102.6996,44.0804
102.7435,44.6682
102.7435,44.6682
102.7435,44.6682
100.731,44.0422
100.731,44.0422
100.731,44.0422
94.3642,44.4954
94.3642,44.4954
94.3642,44.4954
99.1019,44.9606
99.1019,44.9606
99.1019,44.9606
89.4994,45.2237
89.4994,45.2237
89.4994,45.2237
91.4434,44.3132
91.4434,44.3132
91.4434,44.3132
100.4443,44.6406
100.4443,44.6406
100.4443,44.6406
91.9521,44.9824
91.9521,44.9824
91.9521,44.9824
100.0479,44.6373
100.0479,44.6373
100.0479,44.6373
93.8402,45.0958
93.8402,45.0958
93.8402,45.0958
91.9516,45.1443
91.9516,45.1443
91.9516,45.1443
89.6605,44.6355
89.6605,44.6355
89.6605,44.6355
101.9332,44.9833
101.9332,44.9833
101.9332,44.9833
93.7642,45.4935
93.7642,45.4935
93.7642,45.4935
89.0443,44.7523
89.0443,44.7523
89.0443,44.7523
93.3494,44.6313
93.3494,44.6313
93.3494,44.6313
89.7393,44.3963
89.7393,44.3963
89.7393,44.3963
92.5181,44.8316
92.5181,44.8316
92.5181,44.8316
94.3351,44.8668
94.3351,44.8668
94.3351,44.8668
97.4196,44.702
97.4196,44.702
97.4196,44.702
79.3217,43.9257
79.3217,43.9257
79.3217,43.9257
101.0405,43.9146
101.0405,43.9146
101.0405,43.9146
104.8931,44.2475
104.8931,44.2475
104.8931,44.2475
93.4481,45.46
93.4481,45.46
93.4481,45.46
101.8466,43.2683
101.8466,43.2683
101.8466,43.2683
85.5936,45.7179
85.5936,45.7179
85.5936,45.7179
96.267,45.8345
96.267,45.8345
96.267,45.8345
98.9854,44.9564
98.9854,44.9564
98.9854,44.9564
91.0408,43.9151
91.0408,43.9151
91.0408,43.9151
95.4542,44.1972
95.4542,44.1972
95.4542,44.1972
91.0268,44.4251
91.0268,44.4251
91.0268,44.4251
95.5034,43.1809
95.5034,43.1809
95.5034,43.1809
88.4854,46.4019
88.4854,46.4019
88.4854,46.4019
88.5606,43.9035
88.5606,43.9035
88.5606,43.9035
99.7289,45.3495
99.7289,45.3495
99.7289,45.3495
93.9996,44.0425
93.9996,44.0425
93.9996,44.0425
99.1402,44.0435
99.1402,44.0435
99.1402,44.0435
91.2398,45.3636
91.2398,45.3636
91.2398,45.3636
91.8566,45.784
91.8566,45.784
91.8566,45.784
90.252,44.7267
90.252,44.7267
90.252,44.7267
97.6471,45.4771
97.6471,45.4771
97.6471,45.4771
90.7963,44.3811
90.7963,44.3811
90.7963,44.3811
95.6335,44.1499
95.6335,44.1499
95.6335,44.1499
87.3386,44.259
87.3386,44.259
87.3386,44.259
95.5393,45.0676
95.5393,45.0676
95.5393,45.0676
104.1967,45.6082
104.1967,45.6082
104.1967,45.6082
84.4432,45.5846
84.4432,45.5846
84.4432,45.5846
95.6684,44.2156
95.6684,44.2156
95.6684,44.2156
101.8151,44.7089
101.8151,44.7089
101.8151,44.7089
94.4538,44.3075
94.4538,44.3075
94.4538,44.3075
87.4155,44.9803
87.4155,44.9803
87.4155,44.9803
100.1408,44.1133
100.1408,44.1133
100.1408,44.1133
97.0791,44.5598
97.0791,44.5598
97.0791,44.5598
105.307,44.8793
105.307,44.8793
105.307,44.8793
93.2331,44.5823
93.2331,44.5823
93.2331,44.5823
88.034,44.066
88.034,44.066
88.034,44.066
96.5487,43.7383
96.5487,43.7383
96.5487,43.7383
93.435,44.6961
93.435,44.6961
93.435,44.6961
95.5166,43.9894
95.5166,43.9894
95.5166,43.9894
91.6988,44.0346
91.6988,44.0346
91.6988,44.0346
105.6508,45.1957
105.6508,45.1957
105.6508,45.1957
96.0565,43.8514
96.0565,43.8514
96.0565,43.8514
88.7451,44.5621
88.7451,44.5621
88.7451,44.5621
92.5637,43.7923
92.5637,43.7923
92.5637,43.7923
103.2381,46.3695
103.2381,46.3695
103.2381,46.3695
109.6191,44.994
109.6191,44.994
109.6191,44.994
94.5445,45.169
94.5445,45.169
94.5445,45.169
108.6381,45.209
108.6381,45.209
108.6381,45.209
88.6741,45.1422
88.6741,45.1422
88.6741,45.1422
90.8975,45.7396
90.8975,45.7396
90.8975,45.7396
91.8454,45.5777
91.8454,45.5777
91.8454,45.5777
92.9193,43.4313
92.9193,43.4313
92.9193,43.4313
97.9485,44.4905
97.9485,44.4905
97.9485,44.4905
90.7991,44.7044
90.7991,44.7044
90.7991,44.7044
84.7535,44.2795
84.7535,44.2795
84.7535,44.2795
98.7448,44.7691
98.7448,44.7691
98.7448,44.7691
83.2532,44.9418
83.2532,44.9418
83.2532,44.9418
88.8994,43.3576
88.8994,43.3576
88.8994,43.3576
93.8593,44.8444
93.8593,44.8444
93.8593,44.8444
93.8837,44.7179
93.8837,44.7179
93.8837,44.7179
85.0294,45.0943
85.0294,45.0943
85.0294,45.0943
101.9372,46.2063
101.9372,46.2063
101.9372,46.2063
102.1255,44.8534
102.1255,44.8534
102.1255,44.8534
97.1126,44.366
97.1126,44.366
97.1126,44.366
104.4469,44.3211
104.4469,44.3211
104.4469,44.3211
91.2848,44.8967
91.2848,44.8967
91.2848,44.8967
92.51,44.4761
92.51,44.4761
92.51,44.4761
94.6326,44.9705
94.6326,44.9705
94.6326,44.9705
93.7272,44.4138
93.7272,44.4138
93.7272,44.4138
98.9743,45.6538
98.9743,45.6538
98.9743,45.6538
92.3823,44.6171
92.3823,44.6171
92.3823,44.6171
92.1482,45.4525
92.1482,45.4525
92.1482,45.4525
98.5804,44.5075
98.5804,44.5075
98.5804,44.5075
100.2841,44.9382
100.2841,44.9382
100.2841,44.9382
92.4193,45.1823
92.4193,45.1823
92.4193,45.1823
94.8412,45.2051
94.8412,45.2051
94.8412,45.2051
91.1307,44.4406
91.1307,44.4406
91.1307,44.4406
92.7044,44.2961
92.7044,44.2961
92.7044,44.2961
100.4293,44.6388
100.4293,44.6388
100.4293,44.6388
93.3621,44.8332
93.3621,44.8332
93.3621,44.8332
99.1064,44.8196
99.1064,44.8196
99.1064,44.8196
91.4968,45.05
91.4968,45.05
91.4968,45.05
99.3615,44.1475
99.3615,44.1475
99.3615,44.1475
95.3965,44.9513
95.3965,44.9513
95.3965,44.9513
105.3866,44.1234
105.3866,44.1234
105.3866,44.1234
87.0265,44.9791
87.0265,44.9791
87.0265,44.9791
94.572,44.3996
94.572,44.3996
94.572,44.3996
87.9186,44.1186
87.9186,44.1186
87.9186,44.1186
97.1638,44.4906
97.1638,44.4906
97.1638,44.4906
95.7102,45.892
95.7102,45.892
95.7102,45.892
95.4347,44.1756
95.4347,44.1756
95.4347,44.1756
95.8712,44.1127
95.8712,44.1127
95.8712,44.1127
93.2069,44.4493
93.2069,44.4493
93.2069,44.4493
98.5212,43.0515
98.5212,43.0515
98.5212,43.0515
97.5004,45.288
97.5004,45.288
97.5004,45.288
91.4189,45.9974
91.4189,45.9974
91.4189,45.9974
92.4426,43.7818
92.4426,43.7818
92.4426,43.7818
103.9289,45.7048
103.9289,45.7048
103.9289,45.7048
98.8694,44.7658
98.8694,44.7658
98.8694,44.7658
93.4222,44.7192
93.4222,44.7192
93.4222,44.7192
96.7242,45.4885
96.7242,45.4885
96.7242,45.4885
95.5608,45.0208
95.5608,45.0208
95.5608,45.0208
88.7451,45.332
88.7451,45.332
88.7451,45.332
93.1125,43.9028
93.1125,43.9028
93.1125,43.9028
93.4808,44.2173
93.4808,44.2173
93.4808,44.2173
97.5768,44.9517
97.5768,44.9517
97.5768,44.9517
92.1759,45.0451
92.1759,45.0451
92.1759,45.0451
94.4666,44.0373
94.4666,44.0373
94.4666,44.0373
88.1087,44.7847
88.1087,44.7847
88.1087,44.7847
94.5648,43.889
94.5648,43.889
94.5648,43.889
98.1317,45.1443
98.1317,45.1443
98.1317,45.1443
89.2544,43.9626
89.2544,43.9626
89.2544,43.9626
96.3978,44.6493
96.3978,44.6493
96.3978,44.6493
97.7792,45.4845
97.7792,45.4845
97.7792,45.4845
97.1146,44.0086
97.1146,44.0086
97.1146,44.0086
88.5572,43.703
88.5572,43.703
88.5572,43.703
94.095,44.6054
94.095,44.6054
94.095,44.6054
89.3307,44.886
89.3307,44.886
89.3307,44.886
94.5302,44.1792
94.5302,44.1792
94.5302,44.1792
85.7668,46.0778
85.7668,46.0778
85.7668,46.0778
95.9698,45.5237
95.9698,45.5237
95.9698,45.5237
90.6114,45.1597
90.6114,45.1597
90.6114,45.1597
97.8409,44.204
97.8409,44.204
97.8409,44.204
93.8569,44.4753
93.8569,44.4753
93.8569,44.4753
90.814,44.876
90.814,44.876
90.814,44.876
94.6532,44.4992
94.6532,44.4992
94.6532,44.4992
102.4134,44.4243
102.4134,44.4243
102.4134,44.4243
101.7415,44.1399
101.7415,44.1399
101.7415,44.1399
94.2751,44.8676
94.2751,44.8676
94.2751,44.8676
86.0708,43.0342
86.0708,43.0342
86.0708,43.0342
98.1382,44.5977
98.1382,44.5977
98.1382,44.5977
94.216,45.4634
94.216,45.4634
94.216,45.4634
99.2492,44.1692
99.2492,44.1692
99.2492,44.1692
90.582,44.6162
90.582,44.6162
90.582,44.6162
92.6598,43.7622
92.6598,43.7622
92.6598,43.7622
102.6566,45.201
102.6566,45.201
102.6566,45.201
100.7335,44.9245
100.7335,44.9245
100.7335,44.9245
97.1079,44.3849
97.1079,44.3849
97.1079,44.3849
97.269,44.3319
97.269,44.3319
97.269,44.3319
96.7637,44.4807
96.7637,44.4807
96.7637,44.4807
93.6624,44.0081
93.6624,44.0081
93.6624,44.0081
103.8356,45.5311
103.8356,45.5311
103.8356,45.5311
90.4387,45.1017
90.4387,45.1017
90.4387,45.1017
106.0939,43.3194
106.0939,43.3194
106.0939,43.3194
90.3835,44.866
90.3835,44.866
90.3835,44.866
85.4899,44.5013
85.4899,44.5013
85.4899,44.5013
102.5638,44.41
102.5638,44.41
102.5638,44.41
84.7789,44.7992
84.7789,44.7992
84.7789,44.7992
95.5352,45.0032
95.5352,45.0032
95.5352,45.0032
98.454,45.3423
98.454,45.3423
98.454,45.3423
98.4104,43.3401
98.4104,43.3401
98.4104,43.3401
94.6977,44.4344
94.6977,44.4344
94.6977,44.4344
99.7678,44.0461
99.7678,44.0461
99.7678,44.0461
97.7173,44.8136
97.7173,44.8136
97.7173,44.8136
92.8437,45.3835
92.8437,45.3835
92.8437,45.3835
100.8558,46.0106
100.8558,46.0106
100.8558,46.0106
88.5168,43.6792
88.5168,43.6792
88.5168,43.6792
90.2813,45.0347
90.2813,45.0347
90.2813,45.0347
92.5862,44.617
92.5862,44.617
92.5862,44.617
104.5736,44.3735
104.5736,44.3735
104.5736,44.3735
90.5748,45.3772
90.5748,45.3772
90.5748,45.3772
98.9097,45.0083
98.9097,45.0083
98.9097,45.0083
92.5427,45.1275
92.5427,45.1275
92.5427,45.1275
92.2128,44.1599
92.2128,44.1599
92.2128,44.1599
96.2788,44.2595
96.2788,44.2595
96.2788,44.2595
93.0788,45.4919
93.0788,45.4919
93.0788,45.4919
90.0112,44.7903
90.0112,44.7903
90.0112,44.7903
93.0846,44.3056
93.0846,44.3056
93.0846,44.3056
91.2112,44.4614
91.2112,44.4614
91.2112,44.4614
88.1219,44.8714
88.1219,44.8714
88.1219,44.8714
90.6122,44.4676
90.6122,44.4676
90.6122,44.4676
88.5239,45.1799
88.5239,45.1799
88.5239,45.1799
84.8741,44.3887
84.8741,44.3887
84.8741,44.3887
91.2686,44.2073
91.2686,44.2073
91.2686,44.2073
90.3731,45.2082
90.3731,45.2082
90.3731,45.2082
96.4937,44.1306
96.4937,44.1306
96.4937,44.1306
88.6368,44.7588
88.6368,44.7588
88.6368,44.7588
92.5692,45.5421
92.5692,45.5421
92.5692,45.5421
94.5488,46.1056
94.5488,46.1056
94.5488,46.1056
97.8169,44.2406
97.8169,44.2406
97.8169,44.2406
97.5937,45.1724
97.5937,45.1724
97.5937,45.1724
91.8391,44.1842
91.8391,44.1842
91.8391,44.1842
100.5881,44.4427
100.5881,44.4427
100.5881,44.4427
89.9821,45.158
89.9821,45.158
89.9821,45.158
94.576,45.2371
94.576,45.2371
94.576,45.2371
98.8848,44.5581
98.8848,44.5581
98.8848,44.5581
98.8839,45.1487
98.8839,45.1487
98.8839,45.1487
86.5327,44.8462
86.5327,44.8462
86.5327,44.8462
89.2766,44.1995
89.2766,44.1995
89.2766,44.1995
102.4886,44.9896
102.4886,44.9896
102.4886,44.9896
87.5335,44.4962
87.5335,44.4962
87.5335,44.4962
89.1731,43.3149
89.1731,43.3149
89.1731,43.3149
95.2607,45.0247
95.2607,45.0247
95.2607,45.0247
94.6597,45.026
94.6597,45.026
94.6597,45.026
92.509,44.4644
92.509,44.4644
92.509,44.4644
91.0109,46.2247
91.0109,46.2247
91.0109,46.2247
98.7272,45.2859
98.7272,45.2859
98.7272,45.2859
103.9249,45.0066
103.9249,45.0066
103.9249,45.0066
104.81,44.9464
104.81,44.9464
104.81,44.9464
86.2178,44.0943
86.2178,44.0943
86.2178,44.0943
88.0211,44.3826
88.0211,44.3826
88.0211,44.3826
90.0292,44.3438
90.0292,44.3438
90.0292,44.3438
87.0522,45.3462
87.0522,45.3462
87.0522,45.3462
99.3438,45.188
99.3438,45.188
99.3438,45.188
98.8359,44.6984
98.8359,44.6984
98.8359,44.6984
92.6669,45.7249
92.6669,45.7249
92.6669,45.7249
89.5748,44.9516
89.5748,44.9516
89.5748,44.9516
92.9114,43.8234
92.9114,43.8234
92.9114,43.8234
97.6536,45.5085
97.6536,45.5085
97.6536,45.5085
107.6465,45.1595
107.6465,45.1595
107.6465,45.1595
89.7724,44.0523
89.7724,44.0523
89.7724,44.0523
90.7278,43.4563
90.7278,43.4563
90.7278,43.4563
97.4227,44.4713
97.4227,44.4713
97.4227,44.4713
93.9555,44.414
93.9555,44.414
93.9555,44.414
92.5594,44.7517
92.5594,44.7517
92.5594,44.7517
96.994,44.1596
96.994,44.1596
96.994,44.1596
95.1478,44.6035
95.1478,44.6035
95.1478,44.6035
92.3042,43.87
92.3042,43.87
92.3042,43.87
92.4388,45.0054
92.4388,45.0054
92.4388,45.0054
92.6228,44.11
92.6228,44.11
92.6228,44.11
102.6433,44.5206
102.6433,44.5206
102.6433,44.5206
90.2623,44.7265
90.2623,44.7265
90.2623,44.7265
95.1446,45.1679
95.1446,45.1679
95.1446,45.1679
94.8375,44.9215
94.8375,44.9215
94.8375,44.9215
95.2063,44.0814
95.2063,44.0814
95.2063,44.0814
92.828,43.8135
92.828,43.8135
92.828,43.8135
99.1604,44.717
99.1604,44.717
99.1604,44.717
83.8751,44.8335
83.8751,44.8335
83.8751,44.8335
95.8896,44.6987
95.8896,44.6987
95.8896,44.6987
96.8182,43.8095
96.8182,43.8095
96.8182,43.8095
95.3886,44.7471
95.3886,44.7471
95.3886,44.7471
88.2505,44.9076
88.2505,44.9076
88.2505,44.9076
96.4154,44.9947
96.4154,44.9947
96.4154,44.9947
98.5592,45.8551
98.5592,45.8551
98.5592,45.8551
85.5066,44.1037
85.5066,44.1037
85.5066,44.1037
90.8633,43.9848
90.8633,43.9848
90.8633,43.9848
91.0021,44.7234
91.0021,44.7234
91.0021,44.7234
103.5645,44.4504
103.5645,44.4504
103.5645,44.4504
91.4018,44.3299
91.4018,44.3299
91.4018,44.3299
95.2153,44.2876
95.2153,44.2876
95.2153,44.2876
97.849,45.1145
97.849,45.1145
97.849,45.1145
94.4814,44.8509
94.4814,44.8509
94.4814,44.8509
99.099,44.1623
99.099,44.1623
99.099,44.1623
100.8436,44.625
100.8436,44.625
100.8436,44.625
103.8106,44.1412
103.8106,44.1412
103.8106,44.1412
89.4881,43.3426
89.4881,43.3426
89.4881,43.3426
87.1422,44.8552
87.1422,44.8552
87.1422,44.8552
87.2745,45.1557
87.2745,45.1557
87.2745,45.1557
90.0316,44.3747
90.0316,44.3747
90.0316,44.3747
95.7341,44.1033
95.7341,44.1033
95.7341,44.1033
93.0906,44.7977
93.0906,44.7977
93.0906,44.7977
89.7885,44.7584
89.7885,44.7584
89.7885,44.7584
92.0924,44.7379
92.0924,44.7379
92.0924,44.7379
88.406,44.5242
88.406,44.5242
88.406,44.5242
83.4608,44.3466
83.4608,44.3466
83.4608,44.3466
84.6668,45.4609
84.6668,45.4609
84.6668,45.4609
102.9737,44.8671
102.9737,44.8671
102.9737,44.8671
99.5372,46.2665
99.5372,46.2665
99.5372,46.2665
96.2808,44.3925
96.2808,44.3925
96.2808,44.3925
96.8398,44.5859
96.8398,44.5859
96.8398,44.5859
90.4575,44.7086
90.4575,44.7086
90.4575,44.7086
96.0772,43.7447
96.0772,43.7447
96.0772,43.7447
84.9453,44.431
84.9453,44.431
84.9453,44.431
82.634,44.7867
82.634,44.7867
82.634,44.7867
97.4526,44.3748
97.4526,44.3748
97.4526,44.3748
93.9404,45.0281
93.9404,45.0281
93.9404,45.0281
98.2893,44.3119
98.2893,44.3119
98.2893,44.3119
95.4806,43.7655
95.4806,43.7655
95.4806,43.7655
88.9981,45.8421
88.9981,45.8421
88.9981,45.8421
96.7154,45.1714
96.7154,45.1714
96.7154,45.1714
89.0385,44.476
89.0385,44.476
89.0385,44.476
90.7602,44.3672
90.7602,44.3672
90.7602,44.3672
82.0132,44.7386
82.0132,44.7386
82.0132,44.7386
99.6522,44.8628
99.6522,44.8628
99.6522,44.8628
91.9492,43.831
91.9492,43.831
91.9492,43.831
98.0369,43.1917
98.0369,43.1917
98.0369,43.1917
85.9212,42.9019
85.9212,42.9019
85.9212,42.9019
100.321,44.8337
100.321,44.8337
100.321,44.8337
93.0138,44.6921
93.0138,44.6921
93.0138,44.6921
96.2687,45.5642
96.2687,45.5642
96.2687,45.5642
99.1466,45.7992
99.1466,45.7992
99.1466,45.7992
92.5727,43.9109
92.5727,43.9109
92.5727,43.9109
95.7553,45.1053
95.7553,45.1053
95.7553,45.1053
82.8949,44.9563
82.8949,44.9563
82.8949,44.9563
91.442,45.5695
91.442,45.5695
91.442,45.5695
96.9362,44.7701
96.9362,44.7701
96.9362,44.7701
92.3449,43.8582
92.3449,43.8582
92.3449,43.8582
95.9666,44.4449
95.9666,44.4449
95.9666,44.4449
85.2005,44.8789
85.2005,44.8789
85.2005,44.8789
90.7471,45.5222
90.7471,45.5222
90.7471,45.5222
91.9897,45.0603
91.9897,45.0603
91.9897,45.0603
104.3916,44.9508
104.3916,44.9508
104.3916,44.9508
86.2403,44.9516
86.2403,44.9516
86.2403,44.9516
89.0829,44.324
89.0829,44.324
89.0829,44.324
92.1201,43.3657
92.1201,43.3657
92.1201,43.3657
88.8258,44.329
88.8258,44.329
88.8258,44.329
89.2073,44.4296
89.2073,44.4296
89.2073,44.4296
105.8448,44.7697
105.8448,44.7697
105.8448,44.7697
95.9942,45.094
95.9942,45.094
95.9942,45.094
94.9005,43.64
94.9005,43.64
94.9005,43.64
93.1247,43.1749
93.1247,43.1749
93.1247,43.1749
89.9683,44.5396
89.9683,44.5396
89.9683,44.5396
88.0297,45.189
88.0297,45.189
88.0297,45.189
90.4275,44.683
90.4275,44.683
90.4275,44.683
100.5751,45.0607
100.5751,45.0607
100.5751,45.0607
86.5341,44.9993
86.5341,44.9993
86.5341,44.9993
92.3349,43.0358
92.3349,43.0358
92.3349,43.0358
100.0967,44.4873
100.0967,44.4873
100.0967,44.4873
91.8742,46.3362
91.8742,46.3362
91.8742,46.3362
89.2248,45.4824
89.2248,45.4824
89.2248,45.4824
86.0322,45.066
86.0322,45.066
86.0322,45.066
95.3152,44.1592
95.3152,44.1592
95.3152,44.1592
84.4813,44.4559
84.4813,44.4559
84.4813,44.4559
106.0555,44.7493
106.0555,44.7493
106.0555,44.7493
96.4183,44.5634
96.4183,44.5634
96.4183,44.5634
95.7969,44.854
95.7969,44.854
95.7969,44.854
92.1438,44.9999
92.1438,44.9999
92.1438,44.9999
92.3281,45.1055
92.3281,45.1055
92.3281,45.1055
96.1608,44.9215
96.1608,44.9215
96.1608,44.9215
96.4701,45.0243
96.4701,45.0243
96.4701,45.0243
94.7463,44.8147
94.7463,44.8147
94.7463,44.8147
89.9864,44.6046
89.9864,44.6046
89.9864,44.6046
89.3514,43.7425
89.3514,43.7425
89.3514,43.7425
92.6118,43.8382
92.6118,43.8382
92.6118,43.8382
92.0859,44.6633
92.0859,44.6633
92.0859,44.6633
105.8234,44.3492
105.8234,44.3492
105.8234,44.3492
88.044,45.1032
88.044,45.1032
88.044,45.1032
96.5894,43.9462
96.5894,43.9462
96.5894,43.9462
93.8661,44.4853
93.8661,44.4853
93.8661,44.4853
99.8321,44.5622
99.8321,44.5622
99.8321,44.5622
88.5761,44.2752
88.5761,44.2752
88.5761,44.2752
97.3999,44.2016
97.3999,44.2016
97.3999,44.2016
91.4063,43.7082
91.4063,43.7082
91.4063,43.7082
95.3786,45.2815
95.3786,45.2815
95.3786,45.2815
89.1678,45.9866
89.1678,45.9866
89.1678,45.9866
94.5464,43.3917
94.5464,43.3917
94.5464,43.3917
93.8051,45.6067
93.8051,45.6067
93.8051,45.6067
90.1519,45.1775
90.1519,45.1775
90.1519,45.1775
93.2513,44.2548
93.2513,44.2548
93.2513,44.2548
82.6253,43.564
82.6253,43.564
82.6253,43.564
89.8073,44.6499
89.8073,44.6499
89.8073,44.6499
98.2189,43.826
98.2189,43.826
98.2189,43.826
88.6263,44.4097
88.6263,44.4097
88.6263,44.4097
95.7509,44.9457
95.7509,44.9457
95.7509,44.9457
94.1066,43.7839
94.1066,43.7839
94.1066,43.7839
85.9417,43.6028
85.9417,43.6028
85.9417,43.6028
88.563,45.118
88.563,45.118
88.563,45.118
98.6486,45.2656
98.6486,45.2656
98.6486,45.2656
95.6005,43.4723
95.6005,43.4723
95.6005,43.4723
100.4797,44.9536
100.4797,44.9536
100.4797,44.9536
86.7101,45.1708
86.7101,45.1708
86.7101,45.1708
89.4127,45.6815
89.4127,45.6815
89.4127,45.6815
91.1577,45.5447
91.1577,45.5447
91.1577,45.5447
92.6116,44.0058
92.6116,44.0058
92.6116,44.0058
87.6178,43.8631
87.6178,43.8631
87.6178,43.8631
88.7547,44.7475
88.7547,44.7475
88.7547,44.7475
84.2232,43.7521
84.2232,43.7521
84.2232,43.7521
101.8415,44.8224
101.8415,44.8224
101.8415,44.8224
91.5669,44.158
91.5669,44.158
91.5669,44.158
97.3944,44.186
97.3944,44.186
97.3944,44.186
99.0213,44.3964
99.0213,44.3964
99.0213,44.3964
89.7387,44.7908
89.7387,44.7908
89.7387,44.7908
87.9177,44.699
87.9177,44.699
87.9177,44.699
92.1815,44.7473
92.1815,44.7473
92.1815,44.7473
90.1009,45.2912
90.1009,45.2912
90.1009,45.2912
95.4589,44.1417
95.4589,44.1417
95.4589,44.1417
86.4461,43.4291
86.4461,43.4291
86.4461,43.4291
95.0655,45.0318
95.0655,45.0318
95.0655,45.0318
96.6589,45.3227
96.6589,45.3227
96.6589,45.3227
88.305,44.9496
88.305,44.9496
88.305,44.9496
90.5936,44.9012
90.5936,44.9012
90.5936,44.9012
99.9751,45.7006
99.9751,45.7006
99.9751,45.7006
87.4071,45.0453
87.4071,45.0453
87.4071,45.0453
94.9398,45.6987
94.9398,45.6987
94.9398,45.6987
88.2801,45.5051
88.2801,45.5051
88.2801,45.5051
92.5302,43.9075
92.5302,43.9075
92.5302,43.9075
95.4683,45.5807
95.4683,45.5807
95.4683,45.5807
100.1567,44.6736
100.1567,44.6736
100.1567,44.6736
88.2512,44.2856
88.2512,44.2856
88.2512,44.2856
90.8758,44.8019
90.8758,44.8019
90.8758,44.8019
91.8162,45.2887
91.8162,45.2887
91.8162,45.2887
93.4759,44.3555
93.4759,44.3555
93.4759,44.3555
91.6088,44.0208
91.6088,44.0208
91.6088,44.0208
93.7222,44.4128
93.7222,44.4128
93.7222,44.4128
99.4149,44.7696
99.4149,44.7696
99.4149,44.7696
91.2103,44.8615
91.2103,44.8615
91.2103,44.8615
99.2608,45.0423
99.2608,45.0423
99.2608,45.0423
91.05,45.01
91.05,45.01
91.05,45.01
95.0634,44.2576
95.0634,44.2576
95.0634,44.2576
90.0899,45.6984
90.0899,45.6984
90.0899,45.6984
98.5027,44.4152
98.5027,44.4152
98.5027,44.4152
99.5391,44.7158
99.5391,44.7158
99.5391,44.7158
96.4132,45.1703
96.4132,45.1703
96.4132,45.1703
88.417,44.4273
88.417,44.4273
88.417,44.4273
98.6161,44.3388
98.6161,44.3388
98.6161,44.3388
95.0811,44.7853
95.0811,44.7853
95.0811,44.7853
91.6605,44.2477
91.6605,44.2477
91.6605,44.2477
91.8286,44.2026
91.8286,44.2026
91.8286,44.2026
88.6968,44.8157
88.6968,44.8157
88.6968,44.8157
95.3536,45.5037
95.3536,45.5037
95.3536,45.5037
94.9525,45.6602
94.9525,45.6602
94.9525,45.6602
91.4571,45.2147
91.4571,45.2147
91.4571,45.2147
95.9011,44.8209
95.9011,44.8209
95.9011,44.8209
92.1682,45.4731
92.1682,45.4731
92.1682,45.4731
86.8162,45.244
86.8162,45.244
86.8162,45.244
88.0284,45.5309
88.0284,45.5309
88.0284,45.5309
93.7936,45.4755
93.7936,45.4755
93.7936,45.4755
102.0588,44.5201
102.0588,44.5201
102.0588,44.5201
90.4877,45.8031
90.4877,45.8031
90.4877,45.8031
89.8395,44.6886
89.8395,44.6886
89.8395,44.6886
101.9287,44.3271
101.9287,44.3271
101.9287,44.3271
93.717,44.5888
93.717,44.5888
93.717,44.5888
89.5073,44.2951
89.5073,44.2951
89.5073,44.2951
94.0851,45.1139
94.0851,45.1139
94.0851,45.1139
87.8648,44.9948
87.8648,44.9948
87.8648,44.9948
89.4194,45.1875
89.4194,45.1875
89.4194,45.1875
90.562,45.5534
90.562,45.5534
90.562,45.5534
92.452,44.5137
92.452,44.5137
92.452,44.5137
88.8261,44.7585
88.8261,44.7585
88.8261,44.7585
94.7332,45.2366
94.7332,45.2366
94.7332,45.2366
97.83,44.0554
97.83,44.0554
97.83,44.0554
100.9226,43.8183
100.9226,43.8183
100.9226,43.8183
98.7938,44.7017
98.7938,44.7017
98.7938,44.7017
99.3804,43.8347
99.3804,43.8347
99.3804,43.8347
89.814,45.5138
89.814,45.5138
89.814,45.5138
84.4793,44.8609
84.4793,44.8609
84.4793,44.8609
101.148,45.5108
101.148,45.5108
101.148,45.5108
95.9218,44.5177
95.9218,44.5177
95.9218,44.5177
91.8867,45.6243
91.8867,45.6243
91.8867,45.6243
91.125,44.7941
91.125,44.7941
91.125,44.7941
90.8598,44.0316
90.8598,44.0316
90.8598,44.0316
93.6908,44.492
93.6908,44.492
93.6908,44.492
108.0026,45.1713
108.0026,45.1713
108.0026,45.1713
99.7686,46.0029
99.7686,46.0029
99.7686,46.0029
88.1714,45.4354
88.1714,45.4354
88.1714,45.4354
93.7113,45.5498
93.7113,45.5498
93.7113,45.5498
97.0938,44.2575
97.0938,44.2575
97.0938,44.2575
96.652,45.1031
96.652,45.1031
96.652,45.1031
86.8018,45.2374
86.8018,45.2374
86.8018,45.2374
84.427,45.5493
84.427,45.5493
84.427,45.5493
97.9159,44.1232
97.9159,44.1232
97.9159,44.1232
103.1888,45.1296
103.1888,45.1296
103.1888,45.1296
84.7705,45.0745
84.7705,45.0745
84.7705,45.0745
91.9695,45.0615
91.9695,45.0615
91.9695,45.0615
92.6189,44.9293
92.6189,44.9293
92.6189,44.9293
97.9408,44.5111
97.9408,44.5111
97.9408,44.5111
83.4431,44.0441
83.4431,44.0441
83.4431,44.0441
95.9373,44.1532
95.9373,44.1532
95.9373,44.1532
95.7128,45.3556
95.7128,45.3556
95.7128,45.3556
96.5656,45.4673
96.5656,45.4673
96.5656,45.4673
83.0485,45.1539
83.0485,45.1539
83.0485,45.1539
96.3857,45.0398
96.3857,45.0398
96.3857,45.0398
106.5232,44.4682
106.5232,44.4682
106.5232,44.4682
101.6211,44.7869
101.6211,44.7869
101.6211,44.7869
93.0985,44.5821
93.0985,44.5821
93.0985,44.5821
99.7081,45.2416
99.7081,45.2416
99.7081,45.2416
86.7374,45.2843
86.7374,45.2843
86.7374,45.2843
88.9386,44.5134
88.9386,44.5134
88.9386,44.5134
86.3993,45.561
86.3993,45.561
86.3993,45.561
95.1466,44.6176
95.1466,44.6176
95.1466,44.6176
96.9907,45.2613
96.9907,45.2613
96.9907,45.2613
88.7216,44.801
88.7216,44.801
88.7216,44.801
90.5953,43.7853
90.5953,43.7853
90.5953,43.7853
92.0074,44.5693
92.0074,44.5693
92.0074,44.5693
97.7762,44.2211
97.7762,44.2211
97.7762,44.2211
94.8214,44.3495
94.8214,44.3495
94.8214,44.3495
89.8664,44.3328
89.8664,44.3328
89.8664,44.3328
94.6708,45.4923
94.6708,45.4923
94.6708,45.4923
84.2081,45.3435
84.2081,45.3435
84.2081,45.3435
98.5291,43.9325
98.5291,43.9325
98.5291,43.9325
91.0333,46.2739
91.0333,46.2739
91.0333,46.2739
90.3543,43.686
90.3543,43.686
90.3543,43.686
99.1079,45.0864
99.1079,45.0864
99.1079,45.0864
101.4675,44.304
101.4675,44.304
101.4675,44.304
91.0716,45.0408
91.0716,45.0408
91.0716,45.0408
88.7645,44.5727
88.7645,44.5727
88.7645,44.5727
92.9969,45.3842
92.9969,45.3842
92.9969,45.3842
83.153,44.7426
83.153,44.7426
83.153,44.7426
91.7215,44.7718
91.7215,44.7718
91.7215,44.7718
94.5598,44.2408
94.5598,44.2408
94.5598,44.2408
97.5523,44.3381
97.5523,44.3381
97.5523,44.3381
92.8025,45.1503
92.8025,45.1503
92.8025,45.1503
85.9983,44.3914
85.9983,44.3914
85.9983,44.3914
83.7996,44.8109
83.7996,44.8109
83.7996,44.8109
85.6281,45.3501
85.6281,45.3501
85.6281,45.3501
99.4793,44.2595
99.4793,44.2595
99.4793,44.2595
90.3456,44.4525
90.3456,44.4525
90.3456,44.4525
87.6652,44.8164
87.6652,44.8164
87.6652,44.8164
103.0516,45.0253
103.0516,45.0253
103.0516,45.0253
86.9418,44.7484
86.9418,44.7484
86.9418,44.7484
92.0802,44.2253
92.0802,44.2253
92.0802,44.2253
92.4086,43.7723
92.4086,43.7723
92.4086,43.7723
99.2415,45.3909
99.2415,45.3909
99.2415,45.3909
99.3244,44.9443
99.3244,44.9443
99.3244,44.9443
84.5178,45.1519
84.5178,45.1519
84.5178,45.1519
90.624,44.6256
90.624,44.6256
90.624,44.6256
97.5965,45.4117
97.5965,45.4117
97.5965,45.4117
98.0305,42.5123
98.0305,42.5123
98.0305,42.5123
93.5686,45.0029
93.5686,45.0029
93.5686,45.0029
97.1002,44.6722
97.1002,44.6722
97.1002,44.6722
93.8408,45.333
93.8408,45.333
93.8408,45.333
90.2722,44.0498
90.2722,44.0498
90.2722,44.0498
85.583,44.61
85.583,44.61
85.583,44.61
89.838,44.7732
89.838,44.7732
89.838,44.7732
79.7835,44.5426
79.7835,44.5426
79.7835,44.5426
89.8063,43.9161
89.8063,43.9161
89.8063,43.9161
80.8978,44.5856
80.8978,44.5856
80.8978,44.5856
89.5394,44.7005
89.5394,44.7005
89.5394,44.7005
91.3457,44.8939
91.3457,44.8939
91.3457,44.8939
99.4068,44.146
99.4068,44.146
99.4068,44.146
92.6197,45.1366
92.6197,45.1366
92.6197,45.1366
88.379,45.5348
88.379,45.5348
88.379,45.5348
88.3744,44.3229
88.3744,44.3229
88.3744,44.3229
101.3013,45.2125
101.3013,45.2125
101.3013,45.2125
89.6868,45.4823
89.6868,45.4823
89.6868,45.4823
88.2886,45.3094
88.2886,45.3094
88.2886,45.3094
86.1468,45.276
86.1468,45.276
86.1468,45.276
85.0987,45.0676
85.0987,45.0676
85.0987,45.0676
96.1606,44.5672
96.1606,44.5672
96.1606,44.5672
93.8634,45.3515
93.8634,45.3515
93.8634,45.3515
93.9935,44.6668
93.9935,44.6668
93.9935,44.6668
92.5762,44.047
92.5762,44.047
92.5762,44.047
95.2514,44.0067
95.2514,44.0067
95.2514,44.0067
96.5642,44.9811
96.5642,44.9811
96.5642,44.9811
100.5532,44.7263
100.5532,44.7263
100.5532,44.7263
96.1668,43.9815
96.1668,43.9815
96.1668,43.9815
91.7257,44.9599
91.7257,44.9599
91.7257,44.9599
95.8757,46.1515
95.8757,46.1515
95.8757,46.1515
87.1399,45.2355
87.1399,45.2355
87.1399,45.2355
92.5655,45.3436
92.5655,45.3436
92.5655,45.3436
85.1653,45.0413
85.1653,45.0413
85.1653,45.0413
89.2438,45.529
89.2438,45.529
89.2438,45.529
87.2007,45.5355
87.2007,45.5355
87.2007,45.5355
99.966,44.9595
99.966,44.9595
99.966,44.9595
86.417,43.2368
86.417,43.2368
86.417,43.2368
92.0459,44.827
92.0459,44.827
92.0459,44.827
94.2442,43.8544
94.2442,43.8544
94.2442,43.8544
93.8636,44.7964
93.8636,44.7964
93.8636,44.7964
98.163,44.2533
98.163,44.2533
98.163,44.2533
87.7804,45.1154
87.7804,45.1154
87.7804,45.1154
89.2233,44.9648
89.2233,44.9648
89.2233,44.9648
94.7383,44.6347
94.7383,44.6347
94.7383,44.6347
92.2461,44.4447
92.2461,44.4447
92.2461,44.4447
94.131,44.1869
94.131,44.1869
94.131,44.1869
90.6315,44.8681
90.6315,44.8681
90.6315,44.8681
91.3952,45.6477
91.3952,45.6477
91.3952,45.6477
91.0148,45.3567
91.0148,45.3567
91.0148,45.3567
86.2486,45.0989
86.2486,45.0989
86.2486,45.0989
100.9822,46.1104
100.9822,46.1104
100.9822,46.1104
95.4827,45.3653
95.4827,45.3653
95.4827,45.3653
99.543,45.5533
99.543,45.5533
99.543,45.5533
85.2104,43.8814
85.2104,43.8814
85.2104,43.8814
82.5645,44.6382
82.5645,44.6382
82.5645,44.6382
90.8315,44.7046
90.8315,44.7046
90.8315,44.7046
95.7394,46.3876
95.7394,46.3876
95.7394,46.3876
95.6648,45.1833
95.6648,45.1833
95.6648,45.1833
84.5307,44.3856
84.5307,44.3856
84.5307,44.3856
86.8415,44.4607
86.8415,44.4607
86.8415,44.4607
86.0001,44.5099
86.0001,44.5099
86.0001,44.5099
77.2137,44.5296
77.2137,44.5296
77.2137,44.5296
95.2095,45.1156
95.2095,45.1156
95.2095,45.1156
99.7682,45.7086
99.7682,45.7086
99.7682,45.7086
95.5909,44.5287
95.5909,44.5287
95.5909,44.5287
89.5276,45.1643
89.5276,45.1643
89.5276,45.1643
91.3859,45.9176
91.3859,45.9176
91.3859,45.9176
92.8851,45.1316
92.8851,45.1316
92.8851,45.1316
89.372,43.7882
89.372,43.7882
89.372,43.7882
93.8487,43.3545
93.8487,43.3545
93.8487,43.3545
82.7239,44.9755
82.7239,44.9755
82.7239,44.9755
83.2084,44.9571
83.2084,44.9571
83.2084,44.9571
92.8177,44.6146
92.8177,44.6146
92.8177,44.6146
87.3188,43.1904
87.3188,43.1904
87.3188,43.1904
88.1387,43.4769
88.1387,43.4769
88.1387,43.4769
99.7878,44.7169
99.7878,44.7169
99.7878,44.7169
84.1311,45.1885
84.1311,45.1885
84.1311,45.1885
93.0139,45.3223
93.0139,45.3223
93.0139,45.3223
90.3898,44.0244
90.3898,44.0244
90.3898,44.0244
95.0064,45.3075
95.0064,45.3075
95.0064,45.3075
96.4698,46.2408
96.4698,46.2408
96.4698,46.2408
86.6384,44.4648
86.6384,44.4648
86.6384,44.4648
75.7716,45.9697
75.7716,45.9697
75.7716,45.9697
86.1374,44.8078
86.1374,44.8078
86.1374,44.8078
88.246,44.7632
88.246,44.7632
88.246,44.7632
84.9742,44.7267
84.9742,44.7267
84.9742,44.7267
93.5549,43.8626
93.5549,43.8626
93.5549,43.8626
90.8697,44.7248
90.8697,44.7248
90.8697,44.7248
94.4245,44.2517
94.4245,44.2517
94.4245,44.2517
87.3801,44.1329
87.3801,44.1329
87.3801,44.1329
92.5398,44.3617
92.5398,44.3617
92.5398,44.3617
103.1352,45.8652
103.1352,45.8652
103.1352,45.8652
90.962,45.2628
90.962,45.2628
90.962,45.2628
97.8944,45.771
97.8944,45.771
97.8944,45.771
85.8059,44.3711
85.8059,44.3711
85.8059,44.3711
85.5546,44.4863
85.5546,44.4863
85.5546,44.4863
91.3479,44.3726
91.3479,44.3726
91.3479,44.3726
87.2719,44.9592
87.2719,44.9592
87.2719,44.9592
95.9399,44.2668
95.9399,44.2668
95.9399,44.2668
89.9853,44.9904
89.9853,44.9904
89.9853,44.9904
83.6054,45.5349
83.6054,45.5349
83.6054,45.5349
101.2219,44.8574
101.2219,44.8574
101.2219,44.8574
93.9792,45.8291
93.9792,45.8291
93.9792,45.8291
94.414,45.5974
94.414,45.5974
94.414,45.5974
98.2839,44.9007
98.2839,44.9007
98.2839,44.9007
88.6912,44.3433
88.6912,44.3433
88.6912,44.3433
89.6839,44.2463
89.6839,44.2463
89.6839,44.2463
83.2222,45.5364
83.2222,45.5364
83.2222,45.5364
88.2572,44.8232
88.2572,44.8232
88.2572,44.8232
89.897,45.6162
89.897,45.6162
89.897,45.6162
85.6025,45.3573
85.6025,45.3573
85.6025,45.3573
87.2545,45.5573
87.2545,45.5573
87.2545,45.5573
92.8507,45.1977
92.8507,45.1977
92.8507,45.1977
93.6834,44.5329
93.6834,44.5329
93.6834,44.5329
85.5391,45.6427
85.5391,45.6427
85.5391,45.6427
88.9334,45.3013
88.9334,45.3013
88.9334,45.3013
96.919,46.0233
96.919,46.0233
96.919,46.0233
90.7999,44.3919
90.7999,44.3919
90.7999,44.3919
90.6651,44.7513
90.6651,44.7513
90.6651,44.7513
86.9063,44.6351
86.9063,44.6351
86.9063,44.6351
95.1811,45.1512
95.1811,45.1512
95.1811,45.1512
81.0042,45.6368
81.0042,45.6368
81.0042,45.6368
93.2765,44.4545
93.2765,44.4545
93.2765,44.4545
100.3847,44.7321
100.3847,44.7321
100.3847,44.7321
87.3885,45.1186
87.3885,45.1186
87.3885,45.1186
95.4095,45.0842
95.4095,45.0842
95.4095,45.0842
89.8725,43.7673
89.8725,43.7673
89.8725,43.7673
93.7026,44.6033
93.7026,44.6033
93.7026,44.6033
84.4997,45.8387
84.4997,45.8387
84.4997,45.8387
93.7305,44.2685
93.7305,44.2685
93.7305,44.2685
91.7738,44.9856
91.7738,44.9856
91.7738,44.9856
87.4697,45.172
87.4697,45.172
87.4697,45.172
88.3195,44.1673
88.3195,44.1673
88.3195,44.1673
99.509,44.9139
99.509,44.9139
99.509,44.9139
87.6376,45.2492
87.6376,45.2492
87.6376,45.2492
96.0777,45.294
96.0777,45.294
96.0777,45.294
97.7767,44.7845
97.7767,44.7845
97.7767,44.7845
92.8827,44.4696
92.8827,44.4696
92.8827,44.4696
88.0203,45.5629
88.0203,45.5629
88.0203,45.5629
85.7241,45.1302
85.7241,45.1302
85.7241,45.1302
88.0173,45.1462
88.0173,45.1462
88.0173,45.1462
98.2305,45.509
98.2305,45.509
98.2305,45.509
83.5979,43.9346
83.5979,43.9346
83.5979,43.9346
85.9347,44.739
85.9347,44.739
85.9347,44.739
97.8939,44.2851
97.8939,44.2851
97.8939,44.2851
89.4938,45.362
89.4938,45.362
89.4938,45.362
94.6589,45.2177
94.6589,45.2177
94.6589,45.2177
88.9654,44.6193
88.9654,44.6193
88.9654,44.6193
100.031,45.0038
100.031,45.0038
100.031,45.0038
83.4483,43.3157
83.4483,43.3157
83.4483,43.3157
87.2098,44.6454
87.2098,44.6454
87.2098,44.6454
103.07,45.0301
103.07,45.0301
103.07,45.0301
92.0484,43.9792
92.0484,43.9792
92.0484,43.9792
90.612,45.3015
90.612,45.3015
90.612,45.3015
93.4515,44.9263
93.4515,44.9263
93.4515,44.9263
93.4766,44.8234
93.4766,44.8234
93.4766,44.8234
90.1115,45.4024
90.1115,45.4024
90.1115,45.4024
88.068,44.4603
88.068,44.4603
88.068,44.4603
90.5954,44.6956
90.5954,44.6956
90.5954,44.6956
86.783,44.5253
86.783,44.5253
86.783,44.5253
97.3632,45.151
97.3632,45.151
97.3632,45.151
87.0194,45.3305
87.0194,45.3305
87.0194,45.3305
93.2682,44.7134
93.2682,44.7134
93.2682,44.7134
85.9444,44.7861
85.9444,44.7861
85.9444,44.7861
90.6266,44.3083
90.6266,44.3083
90.6266,44.3083
92.928,45.745
92.928,45.745
92.928,45.745
92.6416,44.9702
92.6416,44.9702
92.6416,44.9702
87.6254,44.2385
87.6254,44.2385
87.6254,44.2385
103.8663,45.2909
103.8663,45.2909
103.8663,45.2909
93.8438,45.4384
93.8438,45.4384
93.8438,45.4384
96.6139,44.2356
96.6139,44.2356
96.6139,44.2356
101.1527,44.1446
101.1527,44.1446
101.1527,44.1446
97.3891,45.2212
97.3891,45.2212
97.3891,45.2212
85.2181,44.7737
85.2181,44.7737
85.2181,44.7737
94.9772,45.61
94.9772,45.61
94.9772,45.61
81.1574,44.8333
81.1574,44.8333
81.1574,44.8333
97.4858,44.9832
97.4858,44.9832
97.4858,44.9832
89.6922,45.1534
89.6922,45.1534
89.6922,45.1534
99.8338,45.24
99.8338,45.24
99.8338,45.24
93.3664,45.2017
93.3664,45.2017
93.3664,45.2017
90.0574,43.9976
90.0574,43.9976
90.0574,43.9976
97.0784,44.1371
97.0784,44.1371
97.0784,44.1371
94.5355,44.9834
94.5355,44.9834
94.5355,44.9834
91.0052,44.9389
91.0052,44.9389
91.0052,44.9389
95.7153,44.7379
95.7153,44.7379
95.7153,44.7379
92.6987,46.1626
92.6987,46.1626
92.6987,46.1626
85.542,45.0132
85.542,45.0132
85.542,45.0132
86.5148,44.3082
86.5148,44.3082
86.5148,44.3082
93.1225,45.441
93.1225,45.441
93.1225,45.441
87.3713,44.4612
87.3713,44.4612
87.3713,44.4612
94.0026,44.9444
94.0026,44.9444
94.0026,44.9444
89.289,45.0203
89.289,45.0203
89.289,45.0203
91.8266,44.9637
91.8266,44.9637
91.8266,44.9637
96.6598,44.9076
96.6598,44.9076
96.6598,44.9076
87.116,44.4071
87.116,44.4071
87.116,44.4071
94.328,44.8433
94.328,44.8433
94.328,44.8433
96.3205,44.4553
96.3205,44.4553
96.3205,44.4553
84.0293,45.4488
84.0293,45.4488
84.0293,45.4488
96.0161,45.7736
96.0161,45.7736
96.0161,45.7736
88.1655,44.4115
88.1655,44.4115
88.1655,44.4115
92.0635,45.1655
92.0635,45.1655
92.0635,45.1655
93.7744,44.6001
93.7744,44.6001
93.7744,44.6001
83.1281,44.5398
83.1281,44.5398
83.1281,44.5398
88.7487,45.5194
88.7487,45.5194
88.7487,45.5194
82.7615,44.4376
82.7615,44.4376
82.7615,44.4376
90.3644,45.3876
90.3644,45.3876
90.3644,45.3876
90.9057,44.1782
90.9057,44.1782
90.9057,44.1782
90.0226,45.3931
90.0226,45.3931
90.0226,45.3931
93.4284,43.8728
93.4284,43.8728
93.4284,43.8728
89.7787,44.3707
89.7787,44.3707
89.7787,44.3707
89.474,44.0942
89.474,44.0942
89.474,44.0942
95.9707,44.8556
95.9707,44.8556
95.9707,44.8556
90.7541,44.2863
90.7541,44.2863
90.7541,44.2863
91.1097,45.5087
91.1097,45.5087
91.1097,45.5087
101.4808,45.488
101.4808,45.488
101.4808,45.488
95.9248,44.0779
95.9248,44.0779
95.9248,44.0779
88.8906,44.1284
88.8906,44.1284
88.8906,44.1284
92.584,45.4766
92.584,45.4766
92.584,45.4766
100.8484,44.9016
100.8484,44.9016
100.8484,44.9016
85.7446,45.2196
85.7446,45.2196
85.7446,45.2196
84.1358,45.1599
84.1358,45.1599
84.1358,45.1599
93.8865,45.2874
93.8865,45.2874
93.8865,45.2874
95.3074,45.4627
95.3074,45.4627
95.3074,45.4627
94.7076,46.9814
94.7076,46.9814
94.7076,46.9814
88.9488,45.4227
88.9488,45.4227
88.9488,45.4227
88.7876,44.1018
88.7876,44.1018
88.7876,44.1018
96.3781,44.6143
96.3781,44.6143
96.3781,44.6143
84.7629,44.2057
84.7629,44.2057
84.7629,44.2057
92.5469,44.9107
92.5469,44.9107
92.5469,44.9107
96.5346,45.7952
96.5346,45.7952
96.5346,45.7952
84.6287,44.3523
84.6287,44.3523
84.6287,44.3523
90.3388,44.2338
90.3388,44.2338
90.3388,44.2338
88.7599,44.6037
88.7599,44.6037
88.7599,44.6037
84.256,44.6507
84.256,44.6507
84.256,44.6507
94.6089,44.8359
94.6089,44.8359
94.6089,44.8359
86.1696,44.5445
86.1696,44.5445
86.1696,44.5445
83.3691,45.0215
83.3691,45.0215
83.3691,45.0215
87.7344,45.1822
87.7344,45.1822
87.7344,45.1822
91.1575,44.5002
91.1575,44.5002
91.1575,44.5002
98.2812,45.3642
98.2812,45.3642
98.2812,45.3642
96.7514,44.0064
96.7514,44.0064
96.7514,44.0064
90.8732,44.347
90.8732,44.347
90.8732,44.347
88.0954,45.1813
88.0954,45.1813
88.0954,45.1813
95.5161,44.5626
95.5161,44.5626
95.5161,44.5626
92.8574,43.4254
92.8574,43.4254
92.8574,43.4254
96.7754,44.8288
96.7754,44.8288
96.7754,44.8288
92.9156,45.4766
92.9156,45.4766
92.9156,45.4766
92.4446,44.5857
92.4446,44.5857
92.4446,44.5857
95.2933,44.1389
95.2933,44.1389
95.2933,44.1389
89.2915,43.527
89.2915,43.527
89.2915,43.527
93.7473,44.4299
93.7473,44.4299
93.7473,44.4299
93.3335,44.9712
93.3335,44.9712
93.3335,44.9712
86.5629,45.5279
86.5629,45.5279
86.5629,45.5279
91.8899,45.6534
91.8899,45.6534
91.8899,45.6534
98.3354,45.5194
98.3354,45.5194
98.3354,45.5194
89.0145,46.0713
89.0145,46.0713
89.0145,46.0713
96.644,45.2087
96.644,45.2087
96.644,45.2087
92.1813,44.5581
92.1813,44.5581
92.1813,44.5581
97.3824,44.2894
97.3824,44.2894
97.3824,44.2894
92.1274,45.9062
92.1274,45.9062
92.1274,45.9062
96.0147,44.7121
96.0147,44.7121
96.0147,44.7121
84.707,45.0205
84.707,45.0205
84.707,45.0205
91.5795,44.509
91.5795,44.509
91.5795,44.509
100.8488,44.491
100.8488,44.491
100.8488,44.491
100.0252,45.3118
100.0252,45.3118
100.0252,45.3118
93.8931,44.706
93.8931,44.706
93.8931,44.706
94.4599,44.1295
94.4599,44.1295
94.4599,44.1295
91.8335,43.9812
91.8335,43.9812
91.8335,43.9812
86.001,45.5285
86.001,45.5285
86.001,45.5285
93.6647,45.3387
93.6647,45.3387
93.6647,45.3387
92.1194,44.1681
92.1194,44.1681
92.1194,44.1681
94.5556,44.9056
94.5556,44.9056
94.5556,44.9056
93.7139,45.0614
93.7139,45.0614
93.7139,45.0614
90.3708,45.0921
90.3708,45.0921
90.3708,45.0921
86.9877,44.5361
86.9877,44.5361
86.9877,44.5361
90.4298,45.6882
90.4298,45.6882
90.4298,45.6882
88.7445,44.0118
88.7445,44.0118
88.7445,44.0118
103.2499,43.5939
103.2499,43.5939
103.2499,43.5939
93.1827,43.3556
93.1827,43.3556
93.1827,43.3556
99.5215,44.6073
99.5215,44.6073
99.5215,44.6073
94.8952,44.0045
94.8952,44.0045
94.8952,44.0045
95.1614,45.1476
95.1614,45.1476
95.1614,45.1476
85.1671,45.7836
85.1671,45.7836
85.1671,45.7836
89.7397,44.6139
89.7397,44.6139
89.7397,44.6139
84.9595,45.1379
84.9595,45.1379
84.9595,45.1379
91.1522,44.9318
91.1522,44.9318
91.1522,44.9318
83.2261,44.8445
83.2261,44.8445
83.2261,44.8445
98.9021,44.8328
98.9021,44.8328
98.9021,44.8328
99.0574,45.1498
99.0574,45.1498
99.0574,45.1498
90.1398,45.9607
90.1398,45.9607
90.1398,45.9607
91.4493,45.3528
91.4493,45.3528
91.4493,45.3528
90.6553,43.7914
90.6553,43.7914
90.6553,43.7914
91.7167,45.328
91.7167,45.328
91.7167,45.328
95.3335,43.8829
95.3335,43.8829
95.3335,43.8829
93.5056,45.8153
93.5056,45.8153
93.5056,45.8153
81.5087,45.6221
81.5087,45.6221
81.5087,45.6221
94.4532,45.591
94.4532,45.591
94.4532,45.591
83.9723,43.9604
83.9723,43.9604
83.9723,43.9604
95.3866,45.7018
95.3866,45.7018
95.3866,45.7018
91.72,44.491
91.72,44.491
91.72,44.491
93.795,44.8102
93.795,44.8102
93.795,44.8102
95.6044,44.5644
95.6044,44.5644
95.6044,44.5644
82.3359,44.7513
82.3359,44.7513
82.3359,44.7513
93.3996,45.1046
93.3996,45.1046
93.3996,45.1046
95.547,44.3878
95.547,44.3878
95.547,44.3878
97.2965,44.3526
97.2965,44.3526
97.2965,44.3526
95.8038,45.0326
95.8038,45.0326
95.8038,45.0326
82.5979,43.8
82.5979,43.8
82.5979,43.8
96.2632,45.6361
96.2632,45.6361
96.2632,45.6361
82.8882,45.3553
82.8882,45.3553
82.8882,45.3553
95.4319,45.1067
95.4319,45.1067
95.4319,45.1067
90.2822,45.1297
90.2822,45.1297
90.2822,45.1297
93.3754,45.23
93.3754,45.23
93.3754,45.23
99.4182,45.333
99.4182,45.333
99.4182,45.333
90.9963,45.4141
90.9963,45.4141
90.9963,45.4141
88.2517,44.6631
88.2517,44.6631
88.2517,44.6631
98.0724,46.3741
98.0724,46.3741
98.0724,46.3741
97.0733,45.4713
97.0733,45.4713
97.0733,45.4713
89.5969,45.8126
89.5969,45.8126
89.5969,45.8126
95.1098,46.33
95.1098,46.33
95.1098,46.33
89.0963,44.2573
89.0963,44.2573
89.0963,44.2573
95.0031,45.1082
95.0031,45.1082
95.0031,45.1082
90.8487,44.7715
90.8487,44.7715
90.8487,44.7715
82.4451,44.3986
82.4451,44.3986
82.4451,44.3986
94.6987,45.5856
94.6987,45.5856
94.6987,45.5856
94.8733,44.9788
94.8733,44.9788
94.8733,44.9788
91.6802,43.8439
91.6802,43.8439
91.6802,43.8439
88.7636,45.1516
88.7636,45.1516
88.7636,45.1516
89.5891,45.8936
89.5891,45.8936
89.5891,45.8936
99.7502,45.3269
99.7502,45.3269
99.7502,45.3269
93.4293,45.9973
93.4293,45.9973
93.4293,45.9973
84.9076,43.5656
84.9076,43.5656
84.9076,43.5656
87.9019,45.2544
87.9019,45.2544
87.9019,45.2544
96.5149,43.7542
96.5149,43.7542
96.5149,43.7542
95.826,44.8243
95.826,44.8243
95.826,44.8243
94.4958,44.5805
94.4958,44.5805
94.4958,44.5805
102.0522,45.0534
102.0522,45.0534
102.0522,45.0534
101.1128,44.8765
101.1128,44.8765
101.1128,44.8765
96.9492,44.7436
96.9492,44.7436
96.9492,44.7436
89.0353,43.8449
89.0353,43.8449
89.0353,43.8449
93.327,44.4736
93.327,44.4736
93.327,44.4736
86.5364,45.2001
86.5364,45.2001
86.5364,45.2001
97.5724,45.378
97.5724,45.378
97.5724,45.378
90.0644,44.7872
90.0644,44.7872
90.0644,44.7872
89.4181,44.4069
89.4181,44.4069
89.4181,44.4069
95.4726,45.739
95.4726,45.739
95.4726,45.739
93.1955,44.9436
93.1955,44.9436
93.1955,44.9436
92.9298,44.7544
92.9298,44.7544
92.9298,44.7544
85.0871,45.3101
85.0871,45.3101
85.0871,45.3101
94.8049,45.6298
94.8049,45.6298
94.8049,45.6298
87.3535,45.0637
87.3535,45.0637
87.3535,45.0637
81.8648,45.7795
81.8648,45.7795
81.8648,45.7795
92.0937,44.168
92.0937,44.168
92.0937,44.168
86.9163,44.439
86.9163,44.439
86.9163,44.439
94.88,45.5141
94.88,45.5141
94.88,45.5141
102.0871,44.5758
102.0871,44.5758
102.0871,44.5758
85.2524,45.7924
85.2524,45.7924
85.2524,45.7924
94.4882,45.1879
94.4882,45.1879
94.4882,45.1879
100.2156,45.1899
100.2156,45.1899
100.2156,45.1899
92.3708,43.7833
92.3708,43.7833
92.3708,43.7833
95.0012,45.9845
95.0012,45.9845
95.0012,45.9845
103.5673,45.2277
103.5673,45.2277
103.5673,45.2277
86.6811,45.4431
86.6811,45.4431
86.6811,45.4431
91.0216,45.5848
91.0216,45.5848
91.0216,45.5848
98.7318,44.4583
98.7318,44.4583
98.7318,44.4583
86.7464,45.8159
86.7464,45.8159
86.7464,45.8159
93.3141,43.9837
93.3141,43.9837
93.3141,43.9837
86.4181,44.4609
86.4181,44.4609
86.4181,44.4609
77.9835,44.6764
77.9835,44.6764
77.9835,44.6764
93.2328,44.5053
93.2328,44.5053
93.2328,44.5053
103.3835,44.6828
103.3835,44.6828
103.3835,44.6828
92.7651,44.4809
92.7651,44.4809
92.7651,44.4809
99.8837,45.7641
99.8837,45.7641
99.8837,45.7641
87.4821,44.6993
87.4821,44.6993
87.4821,44.6993
90.6979,45.4199
90.6979,45.4199
90.6979,45.4199
85.9184,43.6524
85.9184,43.6524
85.9184,43.6524
84.8084,45.2019
84.8084,45.2019
84.8084,45.2019
93.4497,44.8324
93.4497,44.8324
93.4497,44.8324
94.5661,45.0843
94.5661,45.0843
94.5661,45.0843
97.6917,45.2934
97.6917,45.2934
97.6917,45.2934
90.8235,45.3822
90.8235,45.3822
90.8235,45.3822
90.4194,44.6964
90.4194,44.6964
90.4194,44.6964
89.445,45.4017
89.445,45.4017
89.445,45.4017
95.0786,45.9608
95.0786,45.9608
95.0786,45.9608
89.6357,44.6567
89.6357,44.6567
89.6357,44.6567
99.0705,45.6491
99.0705,45.6491
99.0705,45.6491
91.9007,44.0255
91.9007,44.0255
91.9007,44.0255
99.4457,44.2491
99.4457,44.2491
99.4457,44.2491
83.3679,44.5813
83.3679,44.5813
83.3679,44.5813
96.122,43.5319
96.122,43.5319
96.122,43.5319
88.1268,45.1394
88.1268,45.1394
88.1268,45.1394
95.3101,45.5909
95.3101,45.5909
95.3101,45.5909
90.3404,45.1117
90.3404,45.1117
90.3404,45.1117
86.5081,45.0098
86.5081,45.0098
86.5081,45.0098
90.79,44.155
90.79,44.155
90.79,44.155
89.0588,44.6546
89.0588,44.6546
89.0588,44.6546
100.8914,45.8146
100.8914,45.8146
100.8914,45.8146
97.6435,45.8099
97.6435,45.8099
97.6435,45.8099
90.9,45.1777
90.9,45.1777
90.9,45.1777
86.3628,45.5514
86.3628,45.5514
86.3628,45.5514
89.9544,45.0071
89.9544,45.0071
89.9544,45.0071
96.8061,45.0356
96.8061,45.0356
96.8061,45.0356
96.5171,45.9781
96.5171,45.9781
96.5171,45.9781
99.223,45.5696
99.223,45.5696
99.223,45.5696
80.1681,45.2615
80.1681,45.2615
80.1681,45.2615
85.9063,45.0661
85.9063,45.0661
85.9063,45.0661
91.4287,43.0522
91.4287,43.0522
91.4287,43.0522
94.6824,45.6417
94.6824,45.6417
94.6824,45.6417
86.0184,44.8983
86.0184,44.8983
86.0184,44.8983
85.4599,44.3243
85.4599,44.3243
85.4599,44.3243
95.9587,44.1816
95.9587,44.1816
95.9587,44.1816
94.8114,44.5822
94.8114,44.5822
94.8114,44.5822
83.6888,45.5916
83.6888,45.5916
83.6888,45.5916
89.5843,44.5759
89.5843,44.5759
89.5843,44.5759
84.6818,44.1939
84.6818,44.1939
84.6818,44.1939
91.5301,44.1006
91.5301,44.1006
91.5301,44.1006
84.3131,45.5121
84.3131,45.5121
84.3131,45.5121
80.6475,44.6386
80.6475,44.6386
80.6475,44.6386
103.259,44.5064
103.259,44.5064
103.259,44.5064
96.7703,45.437
96.7703,45.437
96.7703,45.437
88.3377,44.7499
88.3377,44.7499
88.3377,44.7499
92.837,44.2058
92.837,44.2058
92.837,44.2058
98.3246,45.8045
98.3246,45.8045
98.3246,45.8045
92.2962,45.4963
92.2962,45.4963
92.2962,45.4963
94.5004,44.223
94.5004,44.223
94.5004,44.223
100.6642,45.2083
100.6642,45.2083
100.6642,45.2083
90.9332,44.8611
90.9332,44.8611
90.9332,44.8611
88.7664,45.0769
88.7664,45.0769
88.7664,45.0769
83.5873,44.5782
83.5873,44.5782
83.5873,44.5782
95.9333,44.5774
95.9333,44.5774
95.9333,44.5774
92.2237,45.3271
92.2237,45.3271
92.2237,45.3271
89.5249,45.3899
89.5249,45.3899
89.5249,45.3899
97.2266,44.1561
97.2266,44.1561
97.2266,44.1561
85.0949,45.5638
85.0949,45.5638
85.0949,45.5638
105.4401,44.4267
105.4401,44.4267
105.4401,44.4267
88.4606,45.3574
88.4606,45.3574
88.4606,45.3574
90.8948,45.504
90.8948,45.504
90.8948,45.504
97.5158,45.1744
97.5158,45.1744
97.5158,45.1744
91.9825,44.3485
91.9825,44.3485
91.9825,44.3485
93.2181,46.0729
93.2181,46.0729
93.2181,46.0729
73.7805,44.5865
73.7805,44.5865
73.7805,44.5865
98.0031,43.6753
98.0031,43.6753
98.0031,43.6753
101.4553,45.5083
101.4553,45.5083
101.4553,45.5083
102.9865,43.6344
102.9865,43.6344
102.9865,43.6344
93.864,44.6321
93.864,44.6321
93.864,44.6321
87.7688,45.0762
87.7688,45.0762
87.7688,45.0762
92.5209,44.9644
92.5209,44.9644
92.5209,44.9644
92.1365,45.4543
92.1365,45.4543
92.1365,45.4543
75.6426,45.0336
75.6426,45.0336
75.6426,45.0336
97.176,46.2054
97.176,46.2054
97.176,46.2054
94.8453,44.6599
94.8453,44.6599
94.8453,44.6599
105.5553,43.6141
105.5553,43.6141
105.5553,43.6141
92.6612,44.3862
92.6612,44.3862
92.6612,44.3862
95.1519,45.1714
95.1519,45.1714
95.1519,45.1714
87.6628,44.6272
87.6628,44.6272
87.6628,44.6272
93.9301,45.3999
93.9301,45.3999
93.9301,45.3999
105.426,44.5498
105.426,44.5498
105.426,44.5498
88.6919,44.0347
88.6919,44.0347
88.6919,44.0347
91.7331,43.6197
91.7331,43.6197
91.7331,43.6197
84.9389,46.3557
84.9389,46.3557
84.9389,46.3557
95.6093,45.5444
95.6093,45.5444
95.6093,45.5444
87.6456,44.9787
87.6456,44.9787
87.6456,44.9787
86.6915,45.6389
86.6915,45.6389
86.6915,45.6389
91.3286,44.6396
91.3286,44.6396
91.3286,44.6396
86.5097,45.3592
86.5097,45.3592
86.5097,45.3592
97.7441,44.4268
97.7441,44.4268
97.7441,44.4268
89.6891,43.9944
89.6891,43.9944
89.6891,43.9944
88.3637,45.4488
88.3637,45.4488
88.3637,45.4488
85.9331,45.5085
85.9331,45.5085
85.9331,45.5085
94.5436,44.0801
94.5436,44.0801
94.5436,44.0801
93.2481,45.2038
93.2481,45.2038
93.2481,45.2038
96.1067,43.9259
96.1067,43.9259
96.1067,43.9259
91.8526,45.4349
91.8526,45.4349
91.8526,45.4349
86.8022,46.3816
86.8022,46.3816
86.8022,46.3816
91.5213,45.3598
91.5213,45.3598
91.5213,45.3598
83.7857,45.1176
83.7857,45.1176
83.7857,45.1176
88.5032,45.7223
88.5032,45.7223
88.5032,45.7223
91.5688,44.4809
91.5688,44.4809
91.5688,44.4809
87.2971,44.5801
87.2971,44.5801
87.2971,44.5801
94.8937,44.6898
94.8937,44.6898
94.8937,44.6898
98.692,45.1606
98.692,45.1606
98.692,45.1606
87.6657,45.1592
87.6657,45.1592
87.6657,45.1592
97.2181,45.1484
97.2181,45.1484
97.2181,45.1484
81.442,44.4359
81.442,44.4359
81.442,44.4359
81.2755,45.3979
81.2755,45.3979
81.2755,45.3979
96.736,44.7889
96.736,44.7889
96.736,44.7889
88.5373,44.3429
88.5373,44.3429
88.5373,44.3429
88.4812,44.6665
88.4812,44.6665
88.4812,44.6665
94.2533,44.7264
94.2533,44.7264
94.2533,44.7264
88.1733,44.2481
88.1733,44.2481
88.1733,44.2481
90.6919,44.6598
90.6919,44.6598
90.6919,44.6598
93.1392,45.6771
93.1392,45.6771
93.1392,45.6771
97.793,43.8802
97.793,43.8802
97.793,43.8802
88.5885,44.5448
88.5885,44.5448
88.5885,44.5448
82.364,45.4341
82.364,45.4341
82.364,45.4341
93.3541,44.8815
93.3541,44.8815
93.3541,44.8815
91.8246,45.1324
91.8246,45.1324
91.8246,45.1324
89.9932,45.5706
89.9932,45.5706
89.9932,45.5706
90.2768,45.5861
90.2768,45.5861
90.2768,45.5861
84.2266,44.9045
84.2266,44.9045
84.2266,44.9045
89.9948,45.1759
89.9948,45.1759
89.9948,45.1759
99.8078,43.87
99.8078,43.87
99.8078,43.87
88.2374,44.2154
88.2374,44.2154
88.2374,44.2154
83.3436,45.0766
83.3436,45.0766
83.3436,45.0766
92.3927,44.8029
92.3927,44.8029
92.3927,44.8029
92.1243,44.7886
92.1243,44.7886
92.1243,44.7886
95.6865,45.0747
95.6865,45.0747
95.6865,45.0747
87.7263,45.3832
87.7263,45.3832
87.7263,45.3832
95.158,44.1231
95.158,44.1231
95.158,44.1231
84.2952,45.534
84.2952,45.534
84.2952,45.534
87.1059,46.3809
87.1059,46.3809
87.1059,46.3809
83.3766,46.2593
83.3766,46.2593
83.3766,46.2593
89.0836,44.1777
89.0836,44.1777
89.0836,44.1777
91.8028,44.9618
91.8028,44.9618
91.8028,44.9618
84.7466,45.1422
84.7466,45.1422
84.7466,45.1422
90.3338,45.5745
90.3338,45.5745
90.3338,45.5745
92.7665,45.1948
92.7665,45.1948
92.7665,45.1948
101.1683,45.4083
101.1683,45.4083
101.1683,45.4083
94.6924,45.9694
94.6924,45.9694
94.6924,45.9694
99.837,45.5385
99.837,45.5385
99.837,45.5385
90.8091,44.6483
90.8091,44.6483
90.8091,44.6483
90.444,44.7356
90.444,44.7356
90.444,44.7356
89.9054,44.598
89.9054,44.598
89.9054,44.598
100.6784,45.4718
100.6784,45.4718
100.6784,45.4718
90.1659,44.9805
90.1659,44.9805
90.1659,44.9805
89.5676,45.5623
89.5676,45.5623
89.5676,45.5623
88.4365,45.4672
88.4365,45.4672
88.4365,45.4672
96.7653,45.2242
96.7653,45.2242
96.7653,45.2242
87.3959,46.0039
87.3959,46.0039
87.3959,46.0039
88.8253,45.4849
88.8253,45.4849
88.8253,45.4849
90.1084,45.1152
90.1084,45.1152
90.1084,45.1152
95.595,44.9001
95.595,44.9001
95.595,44.9001
92.0215,45.5774
92.0215,45.5774
92.0215,45.5774
101.6773,44.7678
101.6773,44.7678
101.6773,44.7678
98.8085,44.8186
98.8085,44.8186
98.8085,44.8186
89.4842,44.8422
89.4842,44.8422
89.4842,44.8422
89.7868,44.5813
89.7868,44.5813
89.7868,44.5813
95.0867,43.5066
95.0867,43.5066
95.0867,43.5066
99.1089,46.7012
99.1089,46.7012
99.1089,46.7012
92.2148,45.4406
92.2148,45.4406
92.2148,45.4406
87.6992,45.6322
87.6992,45.6322
87.6992,45.6322
91.5449,46.0212
91.5449,46.0212
91.5449,46.0212
90.7612,43.8801
90.7612,43.8801
90.7612,43.8801
92.9561,45.6053
92.9561,45.6053
92.9561,45.6053
89.04,44.8671
89.04,44.8671
89.04,44.8671
93.2754,44.9775
93.2754,44.9775
93.2754,44.9775
87.4904,45.1095
87.4904,45.1095
87.4904,45.1095
102.0167,46.0824
102.0167,46.0824
102.0167,46.0824
87.1561,44.7479
87.1561,44.7479
87.1561,44.7479
89.8434,45.0587
89.8434,45.0587
89.8434,45.0587
96.3341,44.6654
96.3341,44.6654
96.3341,44.6654
94.6633,44.8306
94.6633,44.8306
94.6633,44.8306
92.7892,45.4676
92.7892,45.4676
92.7892,45.4676
91.1558,45.131
91.1558,45.131
91.1558,45.131
94.8404,45.1874
94.8404,45.1874
94.8404,45.1874
90.0423,45.2659
90.0423,45.2659
90.0423,45.2659
88.216,44.9412
88.216,44.9412
88.216,44.9412
90.4725,44.5356
90.4725,44.5356
90.4725,44.5356
91.9472,45.4226
91.9472,45.4226
91.9472,45.4226
95.695,45.9002
95.695,45.9002
95.695,45.9002
97.59,44.8552
97.59,44.8552
97.59,44.8552
85.1239,44.6756
85.1239,44.6756
85.1239,44.6756
89.3393,44.3252
89.3393,44.3252
89.3393,44.3252
88.1454,45.6983
88.1454,45.6983
88.1454,45.6983
92.7729,45.4206
92.7729,45.4206
92.7729,45.4206
90.5314,45.8515
90.5314,45.8515
90.5314,45.8515
97.4016,44.6139
97.4016,44.6139
97.4016,44.6139
94.7883,44.3557
94.7883,44.3557
94.7883,44.3557
93.1685,44.5195
93.1685,44.5195
93.1685,44.5195
78.5688,44.0107
78.5688,44.0107
78.5688,44.0107
93.0897,45.2886
93.0897,45.2886
93.0897,45.2886
86.6397,45.5897
86.6397,45.5897
86.6397,45.5897
89.9771,45.1195
89.9771,45.1195
89.9771,45.1195
89.7108,44.0297
89.7108,44.0297
89.7108,44.0297
103.4977,45.6049
103.4977,45.6049
103.4977,45.6049
102.2427,45.2799
102.2427,45.2799
102.2427,45.2799
86.3335,45.2828
86.3335,45.2828
86.3335,45.2828
91.8462,45.6069
91.8462,45.6069
91.8462,45.6069
90.2257,45.3142
90.2257,45.3142
90.2257,45.3142
99.2769,44.9254
99.2769,44.9254
99.2769,44.9254
95.2545,44.7731
95.2545,44.7731
95.2545,44.7731
84.9484,45.4637
84.9484,45.4637
84.9484,45.4637
84.5286,45.6859
84.5286,45.6859
84.5286,45.6859
88.5863,45.293
88.5863,45.293
88.5863,45.293
99.2028,44.5441
99.2028,44.5441
99.2028,44.5441
94.7171,44.7494
94.7171,44.7494
94.7171,44.7494
86.0184,44.811
86.0184,44.811
86.0184,44.811
92.2377,44.6648
92.2377,44.6648
92.2377,44.6648
97.0605,45.0833
97.0605,45.0833
97.0605,45.0833
84.6693,44.9205
84.6693,44.9205
84.6693,44.9205
95.8929,45.0564
95.8929,45.0564
95.8929,45.0564
92.763,43.407
92.763,43.407
92.763,43.407
78.3549,46.0352
78.3549,46.0352
78.3549,46.0352
94.411,44.6436
94.411,44.6436
94.411,44.6436
90.6693,44.0724
90.6693,44.0724
90.6693,44.0724
98.6839,45.4954
98.6839,45.4954
98.6839,45.4954
84.8933,45.0838
84.8933,45.0838
84.8933,45.0838
93.8569,45.5357
93.8569,45.5357
93.8569,45.5357
91.6022,44.9881
91.6022,44.9881
91.6022,44.9881
97.8996,44.3033
97.8996,44.3033
97.8996,44.3033
94.3466,45.7848
94.3466,45.7848
94.3466,45.7848
96.1393,44.7963
96.1393,44.7963
96.1393,44.7963
93.0631,45.0918
93.0631,45.0918
93.0631,45.0918
97.763,45.5295
97.763,45.5295
97.763,45.5295
91.7539,45.5647
91.7539,45.5647
91.7539,45.5647
94.1972,44.7502
94.1972,44.7502
94.1972,44.7502
90.4261,44.2776
90.4261,44.2776
90.4261,44.2776
98.1781,45.9979
98.1781,45.9979
98.1781,45.9979
93.8834,45.5546
93.8834,45.5546
93.8834,45.5546
88.7497,45.479
88.7497,45.479
88.7497,45.479
88.9978,44.8552
88.9978,44.8552
88.9978,44.8552
89.273,45.1574
89.273,45.1574
89.273,45.1574
88.5146,44.1376
88.5146,44.1376
88.5146,44.1376
84.9433,45.1712
84.9433,45.1712
84.9433,45.1712
85.1576,45.0391
85.1576,45.0391
85.1576,45.0391
97.623,44.5691
97.623,44.5691
97.623,44.5691
88.1866,45.728
88.1866,45.728
88.1866,45.728
89.221,45.6157
89.221,45.6157
89.221,45.6157
89.9442,45.1072
89.9442,45.1072
89.9442,45.1072
90.7611,44.3136
90.7611,44.3136
90.7611,44.3136
95.4051,43.9654
95.4051,43.9654
95.4051,43.9654
96.3342,46.4232
96.3342,46.4232
96.3342,46.4232
85.219,45.5845
85.219,45.5845
85.219,45.5845
91.7808,44.6732
91.7808,44.6732
91.7808,44.6732
96.367,46.7862
96.367,46.7862
96.367,46.7862
96.1704,45.0993
96.1704,45.0993
96.1704,45.0993
88.174,46.2844
88.174,46.2844
88.174,46.2844
88.1662,45.1644
88.1662,45.1644
88.1662,45.1644
90.8234,44.8102
90.8234,44.8102
90.8234,44.8102
90.4142,45.3832
90.4142,45.3832
90.4142,45.3832
97.8472,45.4686
97.8472,45.4686
97.8472,45.4686
86.9298,46.465
86.9298,46.465
86.9298,46.465
93.5895,44.8143
93.5895,44.8143
93.5895,44.8143
92.8991,45.2996
92.8991,45.2996
92.8991,45.2996
93.3931,45.371
93.3931,45.371
93.3931,45.371
91.5892,44.3884
91.5892,44.3884
91.5892,44.3884
86.9411,45.7284
86.9411,45.7284
86.9411,45.7284
89.7945,45.1617
89.7945,45.1617
89.7945,45.1617
86.8572,44.8177
86.8572,44.8177
86.8572,44.8177
90.6395,45.0578
90.6395,45.0578
90.6395,45.0578
87.5823,45.2405
87.5823,45.2405
87.5823,45.2405
86.1152,45.9314
86.1152,45.9314
86.1152,45.9314
85.0576,44.8554
85.0576,44.8554
85.0576,44.8554
93.2244,44.4607
93.2244,44.4607
93.2244,44.4607
88.5626,44.0698
88.5626,44.0698
88.5626,44.0698
97.5203,44.4918
97.5203,44.4918
97.5203,44.4918
86.7279,46.7951
86.7279,46.7951
86.7279,46.7951
104.6736,44.3872
104.6736,44.3872
104.6736,44.3872
91.3257,46.1849
91.3257,46.1849
91.3257,46.1849
91.5764,45.391
91.5764,45.391
91.5764,45.391
85.0256,44.5074
85.0256,44.5074
85.0256,44.5074
96.7292,45.2812
96.7292,45.2812
96.7292,45.2812
87.1417,44.6575
87.1417,44.6575
87.1417,44.6575
87.3264,44.1366
87.3264,44.1366
87.3264,44.1366
90.5199,45.0952
90.5199,45.0952
90.5199,45.0952
91.5799,45.3088
91.5799,45.3088
91.5799,45.3088
100.9143,45.8034
100.9143,45.8034
100.9143,45.8034
104.4866,45.1912
104.4866,45.1912
104.4866,45.1912
93.4378,44.0013
93.4378,44.0013
93.4378,44.0013
81.8608,45.5645
81.8608,45.5645
81.8608,45.5645
93.0568,43.8172
93.0568,43.8172
93.0568,43.8172
107.7286,45.2295
107.7286,45.2295
107.7286,45.2295
93.4951,44.0855
93.4951,44.0855
93.4951,44.0855
86.2508,44.4423
86.2508,44.4423
86.2508,44.4423
94.668,45.0547
94.668,45.0547
94.668,45.0547
93.3573,45.4255
93.3573,45.4255
93.3573,45.4255
94.521,45.5404
94.521,45.5404
94.521,45.5404
91.1344,45.2971
91.1344,45.2971
91.1344,45.2971
90.709,45.3998
90.709,45.3998
90.709,45.3998
93.2738,44.3107
93.2738,44.3107
93.2738,44.3107
89.4823,45.6517
89.4823,45.6517
89.4823,45.6517
85.8868,45.4002
85.8868,45.4002
85.8868,45.4002
87.2745,45.2155
87.2745,45.2155
87.2745,45.2155
92.081,45.0425
92.081,45.0425
92.081,45.0425
84.0867,44.8375
84.0867,44.8375
84.0867,44.8375
90.3232,45.2535
90.3232,45.2535
90.3232,45.2535
89.6864,44.8281
89.6864,44.8281
89.6864,44.8281
97.8565,44.1506
97.8565,44.1506
97.8565,44.1506
92.9568,44.9401
92.9568,44.9401
92.9568,44.9401
87.6821,44.9168
87.6821,44.9168
87.6821,44.9168
84.2837,44.294
84.2837,44.294
84.2837,44.294
89.2801,44.1276
89.2801,44.1276
89.2801,44.1276
97.9844,44.167
97.9844,44.167
97.9844,44.167
90.5449,45.152
90.5449,45.152
90.5449,45.152
84.0072,44.1618
84.0072,44.1618
84.0072,44.1618
90.1658,43.029
90.1658,43.029
90.1658,43.029
91.418,45.3896
91.418,45.3896
91.418,45.3896
93.5466,44.825
93.5466,44.825
93.5466,44.825
90.8969,45.5416
90.8969,45.5416
90.8969,45.5416
91.9731,45.1884
91.9731,45.1884
91.9731,45.1884
94.5282,45.994
94.5282,45.994
94.5282,45.994
78.2342,44.855
78.2342,44.855
78.2342,44.855
86.0447,44.7279
86.0447,44.7279
86.0447,44.7279
94.6181,44.0998
94.6181,44.0998
94.6181,44.0998
87.932,44.7408
87.932,44.7408
87.932,44.7408
102.0997,43.8877
102.0997,43.8877
102.0997,43.8877
83.2009,45.5381
83.2009,45.5381
83.2009,45.5381
92.4388,45.1429
92.4388,45.1429
92.4388,45.1429
94.2941,44.4873
94.2941,44.4873
94.2941,44.4873
90.8,45.3915
90.8,45.3915
90.8,45.3915
87.5354,45.2251
87.5354,45.2251
87.5354,45.2251
93.6356,45.061
93.6356,45.061
93.6356,45.061
85.0197,45.2073
85.0197,45.2073
85.0197,45.2073
101.6206,45.9623
101.6206,45.9623
101.6206,45.9623
89.8486,45.7392
89.8486,45.7392
89.8486,45.7392
88.5829,45.0728
88.5829,45.0728
88.5829,45.0728
89.39,45.6559
89.39,45.6559
89.39,45.6559
91.2375,44.5301
91.2375,44.5301
91.2375,44.5301
90.9586,44.2985
90.9586,44.2985
90.9586,44.2985
90.0187,45.3527
90.0187,45.3527
90.0187,45.3527
85.461,44.9025
85.461,44.9025
85.461,44.9025
89.2297,45.0535
89.2297,45.0535
89.2297,45.0535
89.1319,44.9209
89.1319,44.9209
89.1319,44.9209
93.8477,44.633
93.8477,44.633
93.8477,44.633
86.7943,43.969
86.7943,43.969
86.7943,43.969
90.7743,44.0194
90.7743,44.0194
90.7743,44.0194
88.047,45.7562
88.047,45.7562
88.047,45.7562
88.8475,45.29
88.8475,45.29
88.8475,45.29
90.5626,44.6526
90.5626,44.6526
90.5626,44.6526
93.7651,44.726
93.7651,44.726
93.7651,44.726
88.6478,45.7601
88.6478,45.7601
88.6478,45.7601
92.4422,45.708
92.4422,45.708
92.4422,45.708
86.1331,45.0568
86.1331,45.0568
86.1331,45.0568
94.9866,45.2075
94.9866,45.2075
94.9866,45.2075
88.0569,46.3188
88.0569,46.3188
88.0569,46.3188
98.3193,45.6134
98.3193,45.6134
98.3193,45.6134
88.0823,45.3716
88.0823,45.3716
88.0823,45.3716
89.9364,45.6708
89.9364,45.6708
89.9364,45.6708
90.5445,45.0605
90.5445,45.0605
90.5445,45.0605
83.6411,45.2207
83.6411,45.2207
83.6411,45.2207
88.998,45.2814
88.998,45.2814
88.998,45.2814
94.1754,44.0056
94.1754,44.0056
94.1754,44.0056
101.8835,45.2605
101.8835,45.2605
101.8835,45.2605
94.8165,45.3932
94.8165,45.3932
94.8165,45.3932
92.1063,46.7068
92.1063,46.7068
92.1063,46.7068
91.8589,44.7831
91.8589,44.7831
91.8589,44.7831
89.1963,45.6407
89.1963,45.6407
89.1963,45.6407
92.3669,45.9005
92.3669,45.9005
92.3669,45.9005
97.6021,45.2334
97.6021,45.2334
97.6021,45.2334
89.3444,44.4231
89.3444,44.4231
89.3444,44.4231
92.3257,45.0895
92.3257,45.0895
92.3257,45.0895
89.8763,46.2332
89.8763,46.2332
89.8763,46.2332
85.6721,45.624
85.6721,45.624
85.6721,45.624
90.5427,44.6784
90.5427,44.6784
90.5427,44.6784
89.0174,45.4336
89.0174,45.4336
89.0174,45.4336
97.826,45.489
97.826,45.489
97.826,45.489
87.9343,45.6104
87.9343,45.6104
87.9343,45.6104
94.3584,45.3773
94.3584,45.3773
94.3584,45.3773
90.69,46.1098
90.69,46.1098
90.69,46.1098
89.6018,46.5322
89.6018,46.5322
89.6018,46.5322
80.6697,45.4592
80.6697,45.4592
80.6697,45.4592
96.1647,44.9217
96.1647,44.9217
96.1647,44.9217
93.5975,44.846
93.5975,44.846
93.5975,44.846
96.2497,44.8591
96.2497,44.8591
96.2497,44.8591
89.8949,45.0546
89.8949,45.0546
89.8949,45.0546
81.358,45.345
81.358,45.345
81.358,45.345
83.0882,45.0631
83.0882,45.0631
83.0882,45.0631
89.269,45.6996
89.269,45.6996
89.269,45.6996
90.8176,44.7823
90.8176,44.7823
90.8176,44.7823
88.6185,45.8549
88.6185,45.8549
88.6185,45.8549
89.3936,44.8247
89.3936,44.8247
89.3936,44.8247
98.3557,45.5092
98.3557,45.5092
98.3557,45.5092
98.4945,46.0586
98.4945,46.0586
98.4945,46.0586
85.0267,45.5917
85.0267,45.5917
85.0267,45.5917
91.3031,45.7551
91.3031,45.7551
91.3031,45.7551
88.4361,45.0328
88.4361,45.0328
88.4361,45.0328
98.316,45.4892
98.316,45.4892
98.316,45.4892
88.6678,45.1793
88.6678,45.1793
88.6678,45.1793
92.2026,45.9963
92.2026,45.9963
92.2026,45.9963
83.2088,45.5336
83.2088,45.5336
83.2088,45.5336
95.6588,45.3423
95.6588,45.3423
95.6588,45.3423
92.0413,44.9219
92.0413,44.9219
92.0413,44.9219
89.5316,44.7577
89.5316,44.7577
89.5316,44.7577
81.3226,45.3717
81.3226,45.3717
81.3226,45.3717
94.9606,45.5437
94.9606,45.5437
94.9606,45.5437
84.7798,45.2167
84.7798,45.2167
84.7798,45.2167
89.9361,45.306
89.9361,45.306
89.9361,45.306
81.5005,44.6399
81.5005,44.6399
81.5005,44.6399
87.6665,44.961
87.6665,44.961
87.6665,44.961
86.6674,44.6773
86.6674,44.6773
86.6674,44.6773
91.1507,45.4686
91.1507,45.4686
91.1507,45.4686
101.7044,45.2564
101.7044,45.2564
101.7044,45.2564
93.6705,44.7745
93.6705,44.7745
93.6705,44.7745
97.6096,45.4842
97.6096,45.4842
97.6096,45.4842
89.0497,45.6308
89.0497,45.6308
89.0497,45.6308
85.3047,44.5426
85.3047,44.5426
85.3047,44.5426
78.6884,45.8004
78.6884,45.8004
78.6884,45.8004
92.8493,45.8722
92.8493,45.8722
92.8493,45.8722
84.2676,45.0558
84.2676,45.0558
84.2676,45.0558
95.8339,44.8713
95.8339,44.8713
95.8339,44.8713
87.5797,44.5736
87.5797,44.5736
87.5797,44.5736
91.1476,45.2591
91.1476,45.2591
91.1476,45.2591
83.509,44.9669
83.509,44.9669
83.509,44.9669
80.9918,45.3174
80.9918,45.3174
80.9918,45.3174
81.8774,44.5196
81.8774,44.5196
81.8774,44.5196
97.4915,45.7114
97.4915,45.7114
97.4915,45.7114
82.1319,44.7678
82.1319,44.7678
82.1319,44.7678
90.8729,46.0131
90.8729,46.0131
90.8729,46.0131
87.7234,44.1824
87.7234,44.1824
87.7234,44.1824
95.5468,45.3141
95.5468,45.3141
95.5468,45.3141
93.0011,45.0426
93.0011,45.0426
93.0011,45.0426
90.1818,44.8631
90.1818,44.8631
90.1818,44.8631
88.38,46.175
88.38,46.175
88.38,46.175
95.231,45.3764
95.231,45.3764
95.231,45.3764
92.8725,43.9252
92.8725,43.9252
92.8725,43.9252
89.966,45.7818
89.966,45.7818
89.966,45.7818
91.8911,45.6543
91.8911,45.6543
91.8911,45.6543
91.8465,44.6629
91.8465,44.6629
91.8465,44.6629
79.5508,45.561
79.5508,45.561
79.5508,45.561
94.5918,45.0382
94.5918,45.0382
94.5918,45.0382
91.5932,44.3098
91.5932,44.3098
91.5932,44.3098
80.681,45.5087
80.681,45.5087
80.681,45.5087
95.9583,45.4193
95.9583,45.4193
95.9583,45.4193
84.0296,44.5019
84.0296,44.5019
84.0296,44.5019
100.6791,45.2348
100.6791,45.2348
100.6791,45.2348
88.9403,44.3166
88.9403,44.3166
88.9403,44.3166
94.8588,45.2749
94.8588,45.2749
94.8588,45.2749
101.5716,45.8094
101.5716,45.8094
101.5716,45.8094
102.1851,44.2502
102.1851,44.2502
102.1851,44.2502
92.3083,45.3496
92.3083,45.3496
92.3083,45.3496
90.4034,45.844
90.4034,45.844
90.4034,45.844
94.2265,43.9237
94.2265,43.9237
94.2265,43.9237
87.7458,44.9439
87.7458,44.9439
87.7458,44.9439
87.5872,44.9912
87.5872,44.9912
87.5872,44.9912
81.7164,44.8094
81.7164,44.8094
81.7164,44.8094
89.5898,45.899
89.5898,45.899
89.5898,45.899
85.1071,45.2344
85.1071,45.2344
85.1071,45.2344
95.622,45.618
95.622,45.618
95.622,45.618
94.8431,47.2848
94.8431,47.2848
94.8431,47.2848
93.6679,45.0688
93.6679,45.0688
93.6679,45.0688
91.8866,45.5386
91.8866,45.5386
91.8866,45.5386
87.4152,45.2395
87.4152,45.2395
87.4152,45.2395
90.5228,44.7026
90.5228,44.7026
90.5228,44.7026
96.2554,45.6457
96.2554,45.6457
96.2554,45.6457
91.5233,45.6081
91.5233,45.6081
91.5233,45.6081
94.222,45.106
94.222,45.106
94.222,45.106
92.3548,44.0096
92.3548,44.0096
92.3548,44.0096
87.803,44.5448
87.803,44.5448
87.803,44.5448
91.3946,45.2093
91.3946,45.2093
91.3946,45.2093
97.4018,44.8328
97.4018,44.8328
97.4018,44.8328
79.7687,44.8043
79.7687,44.8043
79.7687,44.8043
99.3142,44.3739
99.3142,44.3739
99.3142,44.3739
84.8355,45.2009
84.8355,45.2009
84.8355,45.2009
91.2048,44.9096
91.2048,44.9096
91.2048,44.9096
89.7963,44.2349
89.7963,44.2349
89.7963,44.2349
86.6323,44.4825
86.6323,44.4825
86.6323,44.4825
87.6053,44.7333
87.6053,44.7333
87.6053,44.7333
87.8232,45.5732
87.8232,45.5732
87.8232,45.5732
92.0716,45.6665
92.0716,45.6665
92.0716,45.6665
94.2832,44.9428
94.2832,44.9428
94.2832,44.9428
94.0466,44.5149
94.0466,44.5149
94.0466,44.5149
86.3622,45.0928
86.3622,45.0928
86.3622,45.0928
87.1331,46.2111
87.1331,46.2111
87.1331,46.2111
89.5793,43.8179
89.5793,43.8179
89.5793,43.8179
84.4836,45.0896
84.4836,45.0896
84.4836,45.0896
85.2147,45.7509
85.2147,45.7509
85.2147,45.7509
82.2101,44.98
82.2101,44.98
82.2101,44.98
94.2838,44.3744
94.2838,44.3744
94.2838,44.3744
82.6806,45.4355
82.6806,45.4355
82.6806,45.4355
85.0805,45.4051
85.0805,45.4051
85.0805,45.4051
97.3105,44.8266
97.3105,44.8266
97.3105,44.8266
90.2594,45.527
90.2594,45.527
90.2594,45.527
91.5347,45.4017
91.5347,45.4017
91.5347,45.4017
86.7721,44.5491
86.7721,44.5491
86.7721,44.5491
85.5867,45.4639
85.5867,45.4639
85.5867,45.4639
93.1371,45.045
93.1371,45.045
93.1371,45.045
85.7349,46.2981
85.7349,46.2981
85.7349,46.2981
94.2575,44.6952
94.2575,44.6952
94.2575,44.6952
93.4327,47.1667
93.4327,47.1667
93.4327,47.1667
87.4138,45.4295
87.4138,45.4295
87.4138,45.4295
81.0645,45.0608
81.0645,45.0608
81.0645,45.0608
91.739,44.4687
91.739,44.4687
91.739,44.4687
88.567,45.6541
88.567,45.6541
88.567,45.6541
89.4508,46.3155
89.4508,46.3155
89.4508,46.3155
90.55,45.4757
90.55,45.4757
90.55,45.4757
89.9686,45.4122
89.9686,45.4122
89.9686,45.4122
93.0581,45.5565
93.0581,45.5565
93.0581,45.5565
82.8183,44.3276
82.8183,44.3276
82.8183,44.3276
90.4695,43.9537
90.4695,43.9537
90.4695,43.9537
96.495,44.0411
96.495,44.0411
96.495,44.0411
92.2733,45.6298
92.2733,45.6298
92.2733,45.6298
83.4218,44.2269
83.4218,44.2269
83.4218,44.2269
97.857,45.4618
97.857,45.4618
97.857,45.4618
90.3931,45.3499
90.3931,45.3499
90.3931,45.3499
87.4687,45.3723
87.4687,45.3723
87.4687,45.3723
96.4991,46.1415
96.4991,46.1415
96.4991,46.1415
94.1712,45.0896
94.1712,45.0896
94.1712,45.0896
86.6928,45.2025
86.6928,45.2025
86.6928,45.2025
86.2788,45.2346
86.2788,45.2346
86.2788,45.2346
93.4933,45.605
93.4933,45.605
93.4933,45.605
83.697,45.2956
83.697,45.2956
83.697,45.2956
84.9625,45.1202
84.9625,45.1202
84.9625,45.1202
87.5028,45.6063
87.5028,45.6063
87.5028,45.6063
86.7882,45.4943
86.7882,45.4943
86.7882,45.4943
93.0617,45.4564
93.0617,45.4564
93.0617,45.4564
89.0946,44.4642
89.0946,44.4642
89.0946,44.4642
94.1878,46.3385
94.1878,46.3385
94.1878,46.3385
92.2896,44.7462
92.2896,44.7462
92.2896,44.7462
88.6401,44.2483
88.6401,44.2483
88.6401,44.2483
88.1688,45.6801
88.1688,45.6801
88.1688,45.6801
87.92,46.3445
87.92,46.3445
87.92,46.3445
91.8596,46.6951
91.8596,46.6951
91.8596,46.6951
99.5867,45.0375
99.5867,45.0375
99.5867,45.0375
84.9683,45.4442
84.9683,45.4442
84.9683,45.4442
98.6562,44.3421
98.6562,44.3421
98.6562,44.3421
81.1679,45.783
81.1679,45.783
81.1679,45.783
93.1753,45.6377
93.1753,45.6377
93.1753,45.6377
91.9399,45.6002
91.9399,45.6002
91.9399,45.6002
88.3537,45.3429
88.3537,45.3429
88.3537,45.3429
86.4377,44.1778
86.4377,44.1778
86.4377,44.1778
87.7162,45.5411
87.7162,45.5411
87.7162,45.5411
96.7583,45.0754
96.7583,45.0754
96.7583,45.0754
83.0713,44.8749
83.0713,44.8749
83.0713,44.8749
86.2511,45.3418
86.2511,45.3418
86.2511,45.3418
93.7595,45.7467
93.7595,45.7467
93.7595,45.7467
88.4734,45.347
88.4734,45.347
88.4734,45.347
94.3156,46.3528
94.3156,46.3528
94.3156,46.3528
77.809,47.1272
77.809,47.1272
77.809,47.1272
88.9396,45.399
88.9396,45.399
88.9396,45.399
89.9042,45.3562
89.9042,45.3562
89.9042,45.3562
86.405,45.6735
86.405,45.6735
86.405,45.6735
88.5152,44.8066
88.5152,44.8066
88.5152,44.8066
87.2923,46.3872
87.2923,46.3872
87.2923,46.3872
89.4749,44.8481
89.4749,44.8481
89.4749,44.8481
72.0242,45.4112
72.0242,45.4112
72.0242,45.4112
81.4993,44.8313
81.4993,44.8313
81.4993,44.8313
87.0358,46.0149
87.0358,46.0149
87.0358,46.0149
95.6822,44.6352
95.6822,44.6352
95.6822,44.6352
99.5156,44.4247
99.5156,44.4247
99.5156,44.4247
96.7857,44.9962
96.7857,44.9962
96.7857,44.9962
87.2482,44.6466
87.2482,44.6466
87.2482,44.6466
98.4089,45.3884
98.4089,45.3884
98.4089,45.3884
95.3442,44.9302
95.3442,44.9302
95.3442,44.9302
88.7464,46.4138
88.7464,46.4138
88.7464,46.4138
86.9397,45.499
86.9397,45.499
86.9397,45.499
87.9639,45.0296
87.9639,45.0296
87.9639,45.0296
87.8518,43.6978
87.8518,43.6978
87.8518,43.6978
90.3549,44.8254
90.3549,44.8254
90.3549,44.8254
85.562,45.8922
85.562,45.8922
85.562,45.8922
94.8828,46.2585
94.8828,46.2585
94.8828,46.2585
81.1297,46.0198
81.1297,46.0198
81.1297,46.0198
95.6693,44.4068
95.6693,44.4068
95.6693,44.4068
91.7479,45.4718
91.7479,45.4718
91.7479,45.4718
88.8593,46.2455
88.8593,46.2455
88.8593,46.2455
93.6133,44.557
93.6133,44.557
93.6133,44.557
89.6754,46.0436
89.6754,46.0436
89.6754,46.0436
81.9593,45.0457
81.9593,45.0457
81.9593,45.0457
87.591,45.4548
87.591,45.4548
87.591,45.4548
103.1974,45.3836
103.1974,45.3836
103.1974,45.3836
80.0821,44.8743
80.0821,44.8743
80.0821,44.8743
92.0474,45.6666
92.0474,45.6666
92.0474,45.6666
80.2456,44.6857
80.2456,44.6857
80.2456,44.6857
88.3232,44.0892
88.3232,44.0892
88.3232,44.0892
99.9484,45.6437
99.9484,45.6437
99.9484,45.6437
88.4591,44.7286
88.4591,44.7286
88.4591,44.7286
91.4335,45.1985
91.4335,45.1985
91.4335,45.1985
90.3051,45.536
90.3051,45.536
90.3051,45.536
82.9677,44.38
82.9677,44.38
82.9677,44.38
93.3483,44.5347
93.3483,44.5347
93.3483,44.5347
91.2243,44.9886
91.2243,44.9886
91.2243,44.9886
84.3864,45.404
84.3864,45.404
84.3864,45.404
95.9818,45.5028
95.9818,45.5028
95.9818,45.5028
85.8425,45.7304
85.8425,45.7304
85.8425,45.7304
91.6841,46.0739
91.6841,46.0739
91.6841,46.0739
95.6732,44.5895
95.6732,44.5895
95.6732,44.5895
88.8561,45.7842
88.8561,45.7842
88.8561,45.7842
85.4927,46.2345
85.4927,46.2345
85.4927,46.2345
90.1759,46.3633
90.1759,46.3633
90.1759,46.3633
84.6477,44.6834
84.6477,44.6834
84.6477,44.6834
86.9091,44.5846
86.9091,44.5846
86.9091,44.5846
90.7371,44.5579
90.7371,44.5579
90.7371,44.5579
87.3637,45.0644
87.3637,45.0644
87.3637,45.0644
81.9869,45.8977
81.9869,45.8977
81.9869,45.8977
93.665,44.9682
93.665,44.9682
93.665,44.9682
88.6685,45.0395
88.6685,45.0395
88.6685,45.0395
96.415,45.4568
96.415,45.4568
96.415,45.4568
87.3699,45.4109
87.3699,45.4109
87.3699,45.4109
86.8232,44.0443
86.8232,44.0443
86.8232,44.0443
94.2045,44.701
94.2045,44.701
94.2045,44.701
83.3929,44.8454
83.3929,44.8454
83.3929,44.8454
81.9601,45.539
81.9601,45.539
81.9601,45.539
81.6114,45.0276
81.6114,45.0276
81.6114,45.0276
95.6675,45.5356
95.6675,45.5356
95.6675,45.5356
95.5399,44.5794
95.5399,44.5794
95.5399,44.5794
87.4918,46.1075
87.4918,46.1075
87.4918,46.1075
82.17,45.8561
82.17,45.8561
82.17,45.8561
86.0008,44.587
86.0008,44.587
86.0008,44.587
95.9818,45.0485
95.9818,45.0485
95.9818,45.0485
81.9615,45.9112
81.9615,45.9112
81.9615,45.9112
88.1117,45.6379
88.1117,45.6379
88.1117,45.6379
81.5167,44.8964
81.5167,44.8964
81.5167,44.8964
91.0552,45.2581
91.0552,45.2581
91.0552,45.2581
89.7791,45.0415
89.7791,45.0415
89.7791,45.0415
92.2603,44.4341
92.2603,44.4341
92.2603,44.4341
93.0381,45.3767
93.0381,45.3767
93.0381,45.3767
83.383,46.593
83.383,46.593
83.383,46.593
94.0145,44.47
94.0145,44.47
94.0145,44.47
87.901,43.9482
87.901,43.9482
87.901,43.9482
89.8459,44.9726
89.8459,44.9726
89.8459,44.9726
87.3325,45.1185
87.3325,45.1185
87.3325,45.1185
103.1518,43.6209
103.1518,43.6209
103.1518,43.6209
85.9617,46.4826
85.9617,46.4826
85.9617,46.4826
81.1972,45.4718
81.1972,45.4718
81.1972,45.4718
93.9121,45.1199
93.9121,45.1199
93.9121,45.1199
91.7335,44.2303
91.7335,44.2303
91.7335,44.2303
85.1941,44.7563
85.1941,44.7563
85.1941,44.7563
97.3644,45.0622
97.3644,45.0622
97.3644,45.0622
94.8769,47.8201
94.8769,47.8201
94.8769,47.8201
86.2356,45.2806
86.2356,45.2806
86.2356,45.2806
87.8724,46.2754
87.8724,46.2754
87.8724,46.2754
88.4096,45.4572
88.4096,45.4572
88.4096,45.4572
88.272,45.0398
88.272,45.0398
88.272,45.0398
89.5116,44.6506
89.5116,44.6506
89.5116,44.6506
89.9721,45.9391
89.9721,45.9391
89.9721,45.9391
95.5286,45.7928
95.5286,45.7928
95.5286,45.7928
90.9399,44.8035
90.9399,44.8035
90.9399,44.8035
78.0679,45.3734
78.0679,45.3734
78.0679,45.3734
98.0782,44.3437
98.0782,44.3437
98.0782,44.3437
91.906,45.5787
91.906,45.5787
91.906,45.5787
89.1624,45.3067
89.1624,45.3067
89.1624,45.3067
91.2956,46.047
91.2956,46.047
91.2956,46.047
82.4657,45.4905
82.4657,45.4905
82.4657,45.4905
89.7872,44.0929
89.7872,44.0929
89.7872,44.0929
92.1371,44.8498
92.1371,44.8498
92.1371,44.8498
92.8537,45.1894
92.8537,45.1894
92.8537,45.1894
85.9722,45.4995
85.9722,45.4995
85.9722,45.4995
81.9581,45.2784
81.9581,45.2784
81.9581,45.2784
85.4807,45.442
85.4807,45.442
85.4807,45.442
86.1731,46.4733
86.1731,46.4733
86.1731,46.4733
88.5352,44.3376
88.5352,44.3376
88.5352,44.3376
86.6145,45.24
86.6145,45.24
86.6145,45.24
92.6396,45.517
92.6396,45.517
92.6396,45.517
86.1749,45.6219
86.1749,45.6219
86.1749,45.6219
94.5418,45.7656
94.5418,45.7656
94.5418,45.7656
82.2442,45.2525
82.2442,45.2525
82.2442,45.2525
92.1188,46.155
92.1188,46.155
92.1188,46.155
85.9876,45.2642
85.9876,45.2642
85.9876,45.2642
82.771,44.7346
82.771,44.7346
82.771,44.7346
97.4128,45.0789
97.4128,45.0789
97.4128,45.0789
80.6647,44.275
80.6647,44.275
80.6647,44.275
85.1265,44.1107
85.1265,44.1107
85.1265,44.1107
93.1646,45.2508
93.1646,45.2508
93.1646,45.2508
89.2282,45.3027
89.2282,45.3027
89.2282,45.3027
84.8583,44.6723
84.8583,44.6723
84.8583,44.6723
88.4842,45.6008
88.4842,45.6008
88.4842,45.6008
84.7696,44.176
84.7696,44.176
84.7696,44.176
84.8585,45.1284
84.8585,45.1284
84.8585,45.1284
91.4884,45.4253
91.4884,45.4253
91.4884,45.4253
98.3651,45.5962
98.3651,45.5962
98.3651,45.5962
98.3164,45.9404
98.3164,45.9404
98.3164,45.9404
97.1371,44.6261
97.1371,44.6261
97.1371,44.6261
89.0405,46.249
89.0405,46.249
89.0405,46.249
92.5272,46.3113
92.5272,46.3113
92.5272,46.3113
88.8012,45.0869
88.8012,45.0869
88.8012,45.0869
91.0029,45.556
91.0029,45.556
91.0029,45.556
88.3304,45.1767
88.3304,45.1767
88.3304,45.1767
85.9951,46.0553
85.9951,46.0553
85.9951,46.0553
90.6524,46.0479
90.6524,46.0479
90.6524,46.0479
93.8162,45.491
93.8162,45.491
93.8162,45.491
92.3444,45.8587
92.3444,45.8587
92.3444,45.8587
95.6379,45.2166
95.6379,45.2166
95.6379,45.2166
84.517,44.9115
84.517,44.9115
84.517,44.9115
83.4342,44.4095
83.4342,44.4095
83.4342,44.4095
92.5004,45.5276
92.5004,45.5276
92.5004,45.5276
87.5416,44.7384
87.5416,44.7384
87.5416,44.7384
88.3268,45.5476
88.3268,45.5476
88.3268,45.5476
93.7187,45.0731
93.7187,45.0731
93.7187,45.0731
83.6797,45.7836
83.6797,45.7836
83.6797,45.7836
88.415,44.6007
88.415,44.6007
88.415,44.6007
96.2981,44.2709
96.2981,44.2709
96.2981,44.2709
82.9077,44.3873
82.9077,44.3873
82.9077,44.3873
86.9678,45.1851
86.9678,45.1851
86.9678,45.1851
87.1748,45.2296
87.1748,45.2296
87.1748,45.2296
85.2804,45.0094
85.2804,45.0094
85.2804,45.0094
79.104,45.7532
79.104,45.7532
79.104,45.7532
94.326,45.8614
94.326,45.8614
94.326,45.8614
89.4124,45.7085
89.4124,45.7085
89.4124,45.7085
96.2337,46.3022
96.2337,46.3022
96.2337,46.3022
88.9221,46.3081
88.9221,46.3081
88.9221,46.3081
81.3071,45.3553
81.3071,45.3553
81.3071,45.3553
92.8097,46.1103
92.8097,46.1103
92.8097,46.1103
84.5532,45.1181
84.5532,45.1181
84.5532,45.1181
79.8596,45.5577
79.8596,45.5577
79.8596,45.5577
95.7843,45.1901
95.7843,45.1901
95.7843,45.1901
92.3818,45.8144
92.3818,45.8144
92.3818,45.8144
90.3199,45.7283
90.3199,45.7283
90.3199,45.7283
86.6268,45.2331
86.6268,45.2331
86.6268,45.2331
93.7472,45.0845
93.7472,45.0845
93.7472,45.0845
87.8336,45.4683
87.8336,45.4683
87.8336,45.4683
97.9246,45.8285
97.9246,45.8285
97.9246,45.8285
88.5423,44.3264
88.5423,44.3264
88.5423,44.3264
78.4897,44.707
78.4897,44.707
78.4897,44.707
99.6577,44.7335
99.6577,44.7335
99.6577,44.7335
96.7429,45.45
96.7429,45.45
96.7429,45.45
91.4421,44.9401
91.4421,44.9401
91.4421,44.9401
90.4056,44.74
90.4056,44.74
90.4056,44.74
81.8889,46.2966
81.8889,46.2966
81.8889,46.2966
85.5943,45.3439
85.5943,45.3439
85.5943,45.3439
86.1654,45.1304
86.1654,45.1304
86.1654,45.1304
87.5436,44.7329
87.5436,44.7329
87.5436,44.7329
84.9232,45.4512
84.9232,45.4512
84.9232,45.4512
89.9834,44.8893
89.9834,44.8893
89.9834,44.8893
96.7331,45.2396
96.7331,45.2396
96.7331,45.2396
81.8859,44.9184
81.8859,44.9184
81.8859,44.9184
79.999,46.1282
79.999,46.1282
79.999,46.1282
90.4808,44.8512
90.4808,44.8512
90.4808,44.8512
86.5037,45.1559
86.5037,45.1559
86.5037,45.1559
93.7946,45.8071
93.7946,45.8071
93.7946,45.8071
85.5663,45.6056
85.5663,45.6056
85.5663,45.6056
87.4363,44.6406
87.4363,44.6406
87.4363,44.6406
93.4719,44.9805
93.4719,44.9805
93.4719,44.9805
90.0667,46.2622
90.0667,46.2622
90.0667,46.2622
87.6046,44.9573
87.6046,44.9573
87.6046,44.9573
93.9206,46.5803
93.9206,46.5803
93.9206,46.5803
91.9181,45.65
91.9181,45.65
91.9181,45.65
94.5728,43.9226
94.5728,43.9226
94.5728,43.9226
81.4527,45.7968
81.4527,45.7968
81.4527,45.7968
85.2673,44.7339
85.2673,44.7339
85.2673,44.7339
89.4017,44.9323
89.4017,44.9323
89.4017,44.9323
84.3329,46.1811
84.3329,46.1811
84.3329,46.1811
91.1834,45.3915
91.1834,45.3915
91.1834,45.3915
88.8366,45.0596
88.8366,45.0596
88.8366,45.0596
82.4795,45.1669
82.4795,45.1669
82.4795,45.1669
88.155,45.2125
88.155,45.2125
88.155,45.2125
87.7252,45.8193
87.7252,45.8193
87.7252,45.8193
91.8257,45.2174
91.8257,45.2174
91.8257,45.2174
79.9381,44.9752
79.9381,44.9752
79.9381,44.9752
90.4249,46.0305
90.4249,46.0305
90.4249,46.0305
87.3268,45.1586
87.3268,45.1586
87.3268,45.1586
84.335,44.7076
84.335,44.7076
84.335,44.7076
91.8741,45.097
91.8741,45.097
91.8741,45.097
93.859,46.0792
93.859,46.0792
93.859,46.0792
100.933,45.9336
100.933,45.9336
100.933,45.9336
91.1388,45.5276
91.1388,45.5276
91.1388,45.5276
87.936,44.8826
87.936,44.8826
87.936,44.8826
91.8872,46.3215
91.8872,46.3215
91.8872,46.3215
84.4985,45.7267
84.4985,45.7267
84.4985,45.7267
91.7603,45.9905
91.7603,45.9905
91.7603,45.9905
94.7592,45.6685
94.7592,45.6685
94.7592,45.6685
90.1114,44.6661
90.1114,44.6661
90.1114,44.6661
94.7302,44.7613
94.7302,44.7613
94.7302,44.7613
94.6561,46.649
94.6561,46.649
94.6561,46.649
89.8727,45.6026
89.8727,45.6026
89.8727,45.6026
88.0942,44.4529
88.0942,44.4529
88.0942,44.4529
98.8973,46.9714
98.8973,46.9714
98.8973,46.9714
89.3797,45.364
89.3797,45.364
89.3797,45.364
93.9006,45.1066
93.9006,45.1066
93.9006,45.1066
91.617,44.3881
91.617,44.3881
91.617,44.3881
87.9675,44.5791
87.9675,44.5791
87.9675,44.5791
87.3937,45.0538
87.3937,45.0538
87.3937,45.0538
95.9666,45.0002
95.9666,45.0002
95.9666,45.0002
90.3081,44.739
90.3081,44.739
90.3081,44.739
92.6741,46.6218
92.6741,46.6218
92.6741,46.6218
94.6889,45.3583
94.6889,45.3583
94.6889,45.3583
86.2618,45.4871
86.2618,45.4871
86.2618,45.4871
89.3306,45.2226
89.3306,45.2226
89.3306,45.2226
91.3913,45.6467
91.3913,45.6467
91.3913,45.6467
94.0799,45.854
94.0799,45.854
94.0799,45.854
86.8872,44.8489
86.8872,44.8489
86.8872,44.8489
94.7698,45.8368
94.7698,45.8368
94.7698,45.8368
99.012,45.1724
99.012,45.1724
99.012,45.1724
87.2022,45.8448
87.2022,45.8448
87.2022,45.8448
81.214,44.2806
81.214,44.2806
81.214,44.2806
92.7103,45.8545
92.7103,45.8545
92.7103,45.8545
93.4202,44.7336
93.4202,44.7336
93.4202,44.7336
87.0421,46.159
87.0421,46.159
87.0421,46.159
90.0173,45.9783
90.0173,45.9783
90.0173,45.9783
79.7716,44.7709
79.7716,44.7709
79.7716,44.7709
94.15,45.2131
94.15,45.2131
94.15,45.2131
97.0081,46.368
97.0081,46.368
97.0081,46.368
85.5727,45.0745
85.5727,45.0745
85.5727,45.0745
84.3815,45.4449
84.3815,45.4449
84.3815,45.4449
89.526,45.8201
89.526,45.8201
89.526,45.8201
88.3396,44.8135
88.3396,44.8135
88.3396,44.8135
88.2188,44.8916
88.2188,44.8916
88.2188,44.8916
88.4042,45.4468
88.4042,45.4468
88.4042,45.4468
81.8425,45.21
81.8425,45.21
81.8425,45.21
89.4198,44.8111
89.4198,44.8111
89.4198,44.8111
94.1349,43.8333
94.1349,43.8333
94.1349,43.8333
86.5144,44.5213
86.5144,44.5213
86.5144,44.5213
81.574,45.7256
81.574,45.7256
81.574,45.7256
89.769,43.7867
89.769,43.7867
89.769,43.7867
85.7237,44.6139
85.7237,44.6139
85.7237,44.6139
91.9523,45.9068
91.9523,45.9068
91.9523,45.9068
86.6846,45.4868
86.6846,45.4868
86.6846,45.4868
85.7829,44.9492
85.7829,44.9492
85.7829,44.9492
84.3325,45.6941
84.3325,45.6941
84.3325,45.6941
88.274,46.0707
88.274,46.0707
88.274,46.0707
77.8687,45.3654
77.8687,45.3654
77.8687,45.3654
89.484,45.0887
89.484,45.0887
89.484,45.0887
90.414,45.0191
90.414,45.0191
90.414,45.0191
93.603,44.9594
93.603,44.9594
93.603,44.9594
100.3717,45.913
100.3717,45.913
100.3717,45.913
83.0449,45.5534
83.0449,45.5534
83.0449,45.5534
89.1582,45.2559
89.1582,45.2559
89.1582,45.2559
87.8472,45.7469
87.8472,45.7469
87.8472,45.7469
86.1676,45.0196
86.1676,45.0196
86.1676,45.0196
90.0892,45.0433
90.0892,45.0433
90.0892,45.0433
88.9388,45.1158
88.9388,45.1158
88.9388,45.1158
97.6198,46.8259
97.6198,46.8259
97.6198,46.8259
81.769,43.5421
81.769,43.5421
81.769,43.5421
83.0983,45.246
83.0983,45.246
83.0983,45.246
80.7308,45.5106
80.7308,45.5106
80.7308,45.5106
86.6078,44.7593
86.6078,44.7593
86.6078,44.7593
85.6543,45.8148
85.6543,45.8148
85.6543,45.8148
88.2477,46.0576
88.2477,46.0576
88.2477,46.0576
96.7604,45.7004
96.7604,45.7004
96.7604,45.7004
81.6561,44.3173
81.6561,44.3173
81.6561,44.3173
86.6324,45.1237
86.6324,45.1237
86.6324,45.1237
90.6338,45.9606
90.6338,45.9606
90.6338,45.9606
89.5431,44.7079
89.5431,44.7079
89.5431,44.7079
92.5138,45.768
92.5138,45.768
92.5138,45.768
91.9001,45.6247
91.9001,45.6247
91.9001,45.6247
93.5773,45.777
93.5773,45.777
93.5773,45.777
91.7452,45.2185
91.7452,45.2185
91.7452,45.2185
84.5742,45.8283
84.5742,45.8283
84.5742,45.8283
94.2273,44.7642
94.2273,44.7642
94.2273,44.7642
89.9456,45.9558
89.9456,45.9558
89.9456,45.9558
80.421,45.6808
80.421,45.6808
80.421,45.6808
85.2179,46.0336
85.2179,46.0336
85.2179,46.0336
81.0969,45.3749
81.0969,45.3749
81.0969,45.3749
89.6195,45.2867
89.6195,45.2867
89.6195,45.2867
87.1048,44.7192
87.1048,44.7192
87.1048,44.7192
83.1715,45.5772
83.1715,45.5772
83.1715,45.5772
90.4383,46.4809
90.4383,46.4809
90.4383,46.4809
90.8823,46.4681
90.8823,46.4681
90.8823,46.4681
90.0829,45.6945
90.0829,45.6945
90.0829,45.6945
87.5514,44.4644
87.5514,44.4644
87.5514,44.4644
90.5761,44.5254
90.5761,44.5254
90.5761,44.5254
79.6102,45.4709
79.6102,45.4709
79.6102,45.4709
83.9019,44.7182
83.9019,44.7182
83.9019,44.7182
85.2379,43.8988
85.2379,43.8988
85.2379,43.8988
85.5921,45.4459
85.5921,45.4459
85.5921,45.4459
94.0486,46.1195
94.0486,46.1195
94.0486,46.1195
82.5175,46.37
82.5175,46.37
82.5175,46.37
86.6073,45.0386
86.6073,45.0386
86.6073,45.0386
86.8978,45.5341
86.8978,45.5341
86.8978,45.5341
93.229,44.9873
93.229,44.9873
93.229,44.9873
93.844,45.936
93.844,45.936
93.844,45.936
91.912,45.7689
91.912,45.7689
91.912,45.7689
93.0155,46.3567
93.0155,46.3567
93.0155,46.3567
83.0915,45.776
83.0915,45.776
83.0915,45.776
84.1292,45.558
84.1292,45.558
84.1292,45.558
76.0065,45.98
76.0065,45.98
76.0065,45.98
82.0054,45.9621
82.0054,45.9621
82.0054,45.9621
89.8,45.1781
89.8,45.1781
89.8,45.1781
95.0864,45.5925
95.0864,45.5925
95.0864,45.5925
79.6553,45.438
79.6553,45.438
79.6553,45.438
101.59,45.7854
101.59,45.7854
101.59,45.7854
103.1033,44.8154
103.1033,44.8154
103.1033,44.8154
85.4636,45.7604
85.4636,45.7604
85.4636,45.7604
91.369,44.7419
91.369,44.7419
91.369,44.7419
81.8997,45.8143
81.8997,45.8143
81.8997,45.8143
91.7435,45.5387
91.7435,45.5387
91.7435,45.5387
85.2182,44.67
85.2182,44.67
85.2182,44.67
89.4379,45.1076
89.4379,45.1076
89.4379,45.1076
82.0917,45.6568
82.0917,45.6568
82.0917,45.6568
89.5389,45.844
89.5389,45.844
89.5389,45.844
91.5659,44.7405
91.5659,44.7405
91.5659,44.7405
91.8628,45.2207
91.8628,45.2207
91.8628,45.2207
87.0556,44.692
87.0556,44.692
87.0556,44.692
96.6561,46.1459
96.6561,46.1459
96.6561,46.1459
83.0373,45.1448
83.0373,45.1448
83.0373,45.1448
78.8472,45.5743
78.8472,45.5743
78.8472,45.5743
86.3504,45.0429
86.3504,45.0429
86.3504,45.0429
90.446,45.5321
90.446,45.5321
90.446,45.5321
91.2225,45.2439
91.2225,45.2439
91.2225,45.2439
97.3415,45.3718
97.3415,45.3718
97.3415,45.3718
82.5429,45.6303
82.5429,45.6303
82.5429,45.6303
86.3404,44.881
86.3404,44.881
86.3404,44.881
90.133,44.5792
90.133,44.5792
90.133,44.5792
90.969,45.4412
90.969,45.4412
90.969,45.4412
91.9503,45.7084
91.9503,45.7084
91.9503,45.7084
86.8587,45.8422
86.8587,45.8422
86.8587,45.8422
91.6689,44.3167
91.6689,44.3167
91.6689,44.3167
84.3038,44.4183
84.3038,44.4183
84.3038,44.4183
89.235,45.1471
89.235,45.1471
89.235,45.1471
79.2145,45.4739
79.2145,45.4739
79.2145,45.4739
93.4832,44.4473
93.4832,44.4473
93.4832,44.4473
90.1312,45.6207
90.1312,45.6207
90.1312,45.6207
83.2476,45.134
83.2476,45.134
83.2476,45.134
83.005,46.0891
83.005,46.0891
83.005,46.0891
85.919,44.994
85.919,44.994
85.919,44.994
91.8481,44.8918
91.8481,44.8918
91.8481,44.8918
87.6404,44.7848
87.6404,44.7848
87.6404,44.7848
82.9026,46.4839
82.9026,46.4839
82.9026,46.4839
84.5043,45.9577
84.5043,45.9577
84.5043,45.9577
87.1743,44.0005
87.1743,44.0005
87.1743,44.0005
90.9844,46.2629
90.9844,46.2629
90.9844,46.2629
96.4409,46.0358
96.4409,46.0358
96.4409,46.0358
86.2557,46.057
86.2557,46.057
86.2557,46.057
92.5682,45.4737
92.5682,45.4737
92.5682,45.4737
88.4185,45.7424
88.4185,45.7424
88.4185,45.7424
90.0335,44.8848
90.0335,44.8848
90.0335,44.8848
88.6972,45.0299
88.6972,45.0299
88.6972,45.0299
91.3862,46.1748
91.3862,46.1748
91.3862,46.1748
80.0354,45.3328
80.0354,45.3328
80.0354,45.3328
88.3011,45.5999
88.3011,45.5999
88.3011,45.5999
85.8448,44.4068
85.8448,44.4068
85.8448,44.4068
81.2197,45.6578
81.2197,45.6578
81.2197,45.6578
83.258,45.9316
83.258,45.9316
83.258,45.9316
79.3757,45.0477
79.3757,45.0477
79.3757,45.0477
80.0598,45.3819
80.0598,45.3819
80.0598,45.3819
83.4723,45.0927
83.4723,45.0927
83.4723,45.0927
88.783,44.9732
88.783,44.9732
88.783,44.9732
85.7238,45.1033
85.7238,45.1033
85.7238,45.1033
86.6856,45.4536
86.6856,45.4536
86.6856,45.4536
93.0929,45.5914
93.0929,45.5914
93.0929,45.5914
89.1748,46.425
89.1748,46.425
89.1748,46.425
95.4961,43.906
95.4961,43.906
95.4961,43.906
93.271,45.8917
93.271,45.8917
93.271,45.8917
78.6751,45.2967
78.6751,45.2967
78.6751,45.2967
79.6461,45.1178
79.6461,45.1178
79.6461,45.1178
93.7201,44.7053
93.7201,44.7053
93.7201,44.7053
97.8018,44.7989
97.8018,44.7989
97.8018,44.7989
83.8097,44.4266
83.8097,44.4266
83.8097,44.4266
98.4326,45.4091
98.4326,45.4091
98.4326,45.4091
90.633,45.802
90.633,45.802
90.633,45.802
93.836,46.2133
93.836,46.2133
93.836,46.2133
86.9071,46.0042
86.9071,46.0042
86.9071,46.0042
89.7823,46.9317
89.7823,46.9317
89.7823,46.9317
88.6699,45.5948
88.6699,45.5948
88.6699,45.5948
93.5864,44.5764
93.5864,44.5764
93.5864,44.5764
90.4589,45.0215
90.4589,45.0215
90.4589,45.0215
89.4006,45.345
89.4006,45.345
89.4006,45.345
82.3378,45.0322
82.3378,45.0322
82.3378,45.0322
82.2837,46.8823
82.2837,46.8823
82.2837,46.8823
97.9932,45.3023
97.9932,45.3023
97.9932,45.3023
97.6482,44.9709
97.6482,44.9709
97.6482,44.9709
89.8623,44.9042
89.8623,44.9042
89.8623,44.9042
87.3659,45.6251
87.3659,45.6251
87.3659,45.6251
89.7502,45.688
89.7502,45.688
89.7502,45.688
85.298,44.394
85.298,44.394
85.298,44.394
97.6437,44.0399
97.6437,44.0399
97.6437,44.0399
83.5898,44.8677
83.5898,44.8677
83.5898,44.8677
86.8567,46.7914
86.8567,46.7914
86.8567,46.7914
84.9951,44.9156
84.9951,44.9156
84.9951,44.9156
81.3225,45.5423
81.3225,45.5423
81.3225,45.5423
88.4059,46.084
88.4059,46.084
88.4059,46.084
91.5453,44.8685
91.5453,44.8685
91.5453,44.8685
81.5851,45.8285
81.5851,45.8285
81.5851,45.8285
87.8793,45.7525
87.8793,45.7525
87.8793,45.7525
92.3735,45.1437
92.3735,45.1437
92.3735,45.1437
85.6016,45.8553
85.6016,45.8553
85.6016,45.8553
90.3727,44.5863
90.3727,44.5863
90.3727,44.5863
86.7618,45.7541
86.7618,45.7541
86.7618,45.7541
83.8599,45.3162
83.8599,45.3162
83.8599,45.3162
85.5203,44.9988
85.5203,44.9988
85.5203,44.9988
85.4519,45.7005
85.4519,45.7005
85.4519,45.7005
91.8293,46.417
91.8293,46.417
91.8293,46.417
87.0599,45.5604
87.0599,45.5604
87.0599,45.5604
75.7416,45.8558
75.7416,45.8558
75.7416,45.8558
88.8255,45.324
88.8255,45.324
88.8255,45.324
87.9136,46.5136
87.9136,46.5136
87.9136,46.5136
89.8454,44.5964
89.8454,44.5964
89.8454,44.5964
101.4949,45.2424
101.4949,45.2424
101.4949,45.2424
82.1098,45.3089
82.1098,45.3089
82.1098,45.3089
88.8653,46.3369
88.8653,46.3369
88.8653,46.3369
94.6406,45.4288
94.6406,45.4288
94.6406,45.4288
95.3169,45.027
95.3169,45.027
95.3169,45.027
84.4726,45.566
84.4726,45.566
84.4726,45.566
88.1996,46.3353
88.1996,46.3353
88.1996,46.3353
83.8146,45.6601
83.8146,45.6601
83.8146,45.6601
93.7733,45.7127
93.7733,45.7127
93.7733,45.7127
81.3478,46.3911
81.3478,46.3911
81.3478,46.3911
91.3822,44.893
91.3822,44.893
91.3822,44.893
83.5294,44.4598
83.5294,44.4598
83.5294,44.4598
89.0906,45.6558
89.0906,45.6558
89.0906,45.6558
90.4822,45.6416
90.4822,45.6416
90.4822,45.6416
84.8208,44.4766
84.8208,44.4766
84.8208,44.4766
87.0416,45.023
87.0416,45.023
87.0416,45.023
87.6117,45.1152
87.6117,45.1152
87.6117,45.1152
96.9526,46.079
96.9526,46.079
96.9526,46.079
85.735,45.1055
85.735,45.1055
85.735,45.1055
88.6748,46.3367
88.6748,46.3367
88.6748,46.3367
84.7084,44.8881
84.7084,44.8881
84.7084,44.8881
92.1989,45.8576
92.1989,45.8576
92.1989,45.8576
98.853,45.1624
98.853,45.1624
98.853,45.1624
89.0977,44.9681
89.0977,44.9681
89.0977,44.9681
86.6526,46.1841
86.6526,46.1841
86.6526,46.1841
98.847,46.0262
98.847,46.0262
98.847,46.0262
88.7794,45.2105
88.7794,45.2105
88.7794,45.2105
74.8748,45.6997
74.8748,45.6997
74.8748,45.6997
91.9925,44.0714
91.9925,44.0714
91.9925,44.0714
93.0312,46.022
93.0312,46.022
93.0312,46.022
89.7826,45.9347
89.7826,45.9347
89.7826,45.9347
91.3393,45.759
91.3393,45.759
91.3393,45.759
90.7054,45.028
90.7054,45.028
90.7054,45.028
93.3464,45.7755
93.3464,45.7755
93.3464,45.7755
82.866,45.408
82.866,45.408
82.866,45.408
84.3126,45.4764
84.3126,45.4764
84.3126,45.4764
94.0144,45.4065
94.0144,45.4065
94.0144,45.4065
80.5806,46.2628
80.5806,46.2628
80.5806,46.2628
86.9477,45.9145
86.9477,45.9145
86.9477,45.9145
81.0093,44.9237
81.0093,44.9237
81.0093,44.9237
89.5114,46.3712
89.5114,46.3712
89.5114,46.3712
85.3529,45.8521
85.3529,45.8521
85.3529,45.8521
95.0706,45.1015
95.0706,45.1015
95.0706,45.1015
86.592,44.6211
86.592,44.6211
86.592,44.6211
95.4804,45.3451
95.4804,45.3451
95.4804,45.3451
83.0928,45.7595
83.0928,45.7595
83.0928,45.7595
87.1709,46.2669
87.1709,46.2669
87.1709,46.2669
84.9418,46.312
84.9418,46.312
84.9418,46.312
83.8768,45.4255
83.8768,45.4255
83.8768,45.4255
88.3309,45.3207
88.3309,45.3207
88.3309,45.3207
93.4457,45.0355
93.4457,45.0355
93.4457,45.0355
89.5332,45.3062
89.5332,45.3062
89.5332,45.3062
80.7836,46.3032
80.7836,46.3032
80.7836,46.3032
88.0425,44.3551
88.0425,44.3551
88.0425,44.3551
82.2212,46.2266
82.2212,46.2266
82.2212,46.2266
75.9251,45.913
75.9251,45.913
75.9251,45.913
92.6982,45.5414
92.6982,45.5414
92.6982,45.5414
89.0014,46.4674
89.0014,46.4674
89.0014,46.4674
92.6476,45.6016
92.6476,45.6016
92.6476,45.6016
86.3661,45.5822
86.3661,45.5822
86.3661,45.5822
92.9004,45.5172
92.9004,45.5172
92.9004,45.5172
88.482,46.0241
88.482,46.0241
88.482,46.0241
83.1902,44.5102
83.1902,44.5102
83.1902,44.5102
86.0269,45.6209
86.0269,45.6209
86.0269,45.6209
86.6331,46.4049
86.6331,46.4049
86.6331,46.4049
96.423,45.9617
96.423,45.9617
96.423,45.9617
95.6179,45.9276
95.6179,45.9276
95.6179,45.9276
85.4121,46.5372
85.4121,46.5372
85.4121,46.5372
83.3289,45.4447
83.3289,45.4447
83.3289,45.4447
93.6835,46.0088
93.6835,46.0088
93.6835,46.0088
84.2177,45.258
84.2177,45.258
84.2177,45.258
89.3292,45.9921
89.3292,45.9921
89.3292,45.9921
84.2766,44.6009
84.2766,44.6009
84.2766,44.6009
81.8591,45.6019
81.8591,45.6019
81.8591,45.6019
74.4801,46.4112
74.4801,46.4112
74.4801,46.4112
93.2547,44.3629
93.2547,44.3629
93.2547,44.3629
90.2767,45.1515
90.2767,45.1515
90.2767,45.1515
78.1836,44.446
78.1836,44.446
78.1836,44.446
84.6234,44.9542
84.6234,44.9542
84.6234,44.9542
96.7699,45.6122
96.7699,45.6122
96.7699,45.6122
84.2294,46.6074
84.2294,46.6074
84.2294,46.6074
88.7435,45.2132
88.7435,45.2132
88.7435,45.2132
90.7029,45.7896
90.7029,45.7896
90.7029,45.7896
85.9791,45.0915
85.9791,45.0915
85.9791,45.0915
91.6401,45.4616
91.6401,45.4616
91.6401,45.4616
86.7774,45.252
86.7774,45.252
86.7774,45.252
86.4227,46.0488
86.4227,46.0488
86.4227,46.0488
91.4104,45.4629
91.4104,45.4629
91.4104,45.4629
77.342,45.1361
77.342,45.1361
77.342,45.1361
92.1295,44.9425
92.1295,44.9425
92.1295,44.9425
84.9058,44.1408
84.9058,44.1408
84.9058,44.1408
92.2575,45.5234
92.2575,45.5234
92.2575,45.5234
82.3462,45.7708
82.3462,45.7708
82.3462,45.7708
88.9124,47.1044
88.9124,47.1044
88.9124,47.1044
85.2322,45.8689
85.2322,45.8689
85.2322,45.8689
90.9467,45.3081
90.9467,45.3081
90.9467,45.3081
97.1959,46.4944
97.1959,46.4944
97.1959,46.4944
91.6685,46.1365
91.6685,46.1365
91.6685,46.1365
90.6754,44.4928
90.6754,44.4928
90.6754,44.4928
84.2396,45.4232
84.2396,45.4232
84.2396,45.4232
82.9683,45.8289
82.9683,45.8289
82.9683,45.8289
87.5639,45.7678
87.5639,45.7678
87.5639,45.7678
91.2418,45.4137
91.2418,45.4137
91.2418,45.4137
91.8567,44.4672
91.8567,44.4672
91.8567,44.4672
87.2114,44.864
87.2114,44.864
87.2114,44.864
90.4079,44.7017
90.4079,44.7017
90.4079,44.7017
95.7968,45.7748
95.7968,45.7748
95.7968,45.7748
92.1199,45.1256
92.1199,45.1256
92.1199,45.1256
94.0375,46.0026
94.0375,46.0026
94.0375,46.0026
80.296,45.64
80.296,45.64
80.296,45.64
88.7887,45.4195
88.7887,45.4195
88.7887,45.4195
84.3812,45.838
84.3812,45.838
84.3812,45.838
85.313,45.7972
85.313,45.7972
85.313,45.7972
93.3117,45.0926
93.3117,45.0926
93.3117,45.0926
85.9671,45.7538
85.9671,45.7538
85.9671,45.7538
84.476,45.8904
84.476,45.8904
84.476,45.8904
84.7893,45.7355
84.7893,45.7355
84.7893,45.7355
83.8681,45.9257
83.8681,45.9257
83.8681,45.9257
85.8466,45.0924
85.8466,45.0924
85.8466,45.0924
97.4782,46.3226
97.4782,46.3226
97.4782,46.3226
91.8225,45.6004
91.8225,45.6004
91.8225,45.6004
85.6549,45.3477
85.6549,45.3477
85.6549,45.3477
89.652,45.4226
89.652,45.4226
89.652,45.4226
83.3604,45.2953
83.3604,45.2953
83.3604,45.2953
91.8434,45.7273
91.8434,45.7273
91.8434,45.7273
87.7506,44.454
87.7506,44.454
87.7506,44.454
87.6618,45.1891
87.6618,45.1891
87.6618,45.1891
82.779,44.9909
82.779,44.9909
82.779,44.9909
81.007,46.0328
81.007,46.0328
81.007,46.0328
82.9624,46.0489
82.9624,46.0489
82.9624,46.0489
86.8672,45.8684
86.8672,45.8684
86.8672,45.8684
87.551,44.647
87.551,44.647
87.551,44.647
86.2829,45.2021
86.2829,45.2021
86.2829,45.2021
94.4459,45.1597
94.4459,45.1597
94.4459,45.1597
84.0715,45.2883
84.0715,45.2883
84.0715,45.2883
92.0023,45.3886
92.0023,45.3886
92.0023,45.3886
91.982,45.0222
91.982,45.0222
91.982,45.0222
79.6965,45.7854
79.6965,45.7854
79.6965,45.7854
88.4385,45.691
88.4385,45.691
88.4385,45.691
80.6452,44.9558
80.6452,44.9558
80.6452,44.9558
94.5158,46.4861
94.5158,46.4861
94.5158,46.4861
87.7222,46.1049
87.7222,46.1049
87.7222,46.1049
92.6782,45.6454
92.6782,45.6454
92.6782,45.6454
89.0011,45.7101
89.0011,45.7101
89.0011,45.7101
81.6821,46.046
81.6821,46.046
81.6821,46.046
87.7654,45.7592
87.7654,45.7592
87.7654,45.7592
92.2284,44.8924
92.2284,44.8924
92.2284,44.8924
83.7788,45.1145
83.7788,45.1145
83.7788,45.1145
86.2082,45.7906
86.2082,45.7906
86.2082,45.7906
84.6538,46.4619
84.6538,46.4619
84.6538,46.4619
87.3381,45.5802
87.3381,45.5802
87.3381,45.5802
96.9651,46.2675
96.9651,46.2675
96.9651,46.2675
77.9614,44.8333
77.9614,44.8333
77.9614,44.8333
90.8212,45.9696
90.8212,45.9696
90.8212,45.9696
81.7899,46.6777
81.7899,46.6777
81.7899,46.6777
81.4151,45.2233
81.4151,45.2233
81.4151,45.2233
82.3302,46.378
82.3302,46.378
82.3302,46.378
91.4796,46.5639
91.4796,46.5639
91.4796,46.5639
80.0326,44.8423
80.0326,44.8423
80.0326,44.8423
94.5415,45.4399
94.5415,45.4399
94.5415,45.4399
91.5862,44.6646
91.5862,44.6646
91.5862,44.6646
91.1364,44.4019
91.1364,44.4019
91.1364,44.4019
89.0518,46.1476
89.0518,46.1476
89.0518,46.1476
86.445,44.8825
86.445,44.8825
86.445,44.8825
79.4102,44.7371
79.4102,44.7371
79.4102,44.7371
93.3842,43.3027
93.3842,43.3027
93.3842,43.3027
88.2863,46.1035
88.2863,46.1035
88.2863,46.1035
91.1939,46.1962
91.1939,46.1962
91.1939,46.1962
82.2307,44.8561
82.2307,44.8561
82.2307,44.8561
92.5981,46.3132
92.5981,46.3132
92.5981,46.3132
94.7997,45.4981
94.7997,45.4981
94.7997,45.4981
89.6614,44.9098
89.6614,44.9098
89.6614,44.9098
84.5467,45.8533
84.5467,45.8533
84.5467,45.8533
84.5226,46.2309
84.5226,46.2309
84.5226,46.2309
90.7147,44.9155
90.7147,44.9155
90.7147,44.9155
84.0258,46.1348
84.0258,46.1348
84.0258,46.1348
90.064,45.6604
90.064,45.6604
90.064,45.6604
92.2868,45.3661
92.2868,45.3661
92.2868,45.3661
95.686,44.5344
95.686,44.5344
95.686,44.5344
87.4679,46.9273
87.4679,46.9273
87.4679,46.9273
80.8931,45.6906
80.8931,45.6906
80.8931,45.6906
79.5507,45.1642
79.5507,45.1642
79.5507,45.1642
92.2362,46.461
92.2362,46.461
92.2362,46.461
84.5405,46.3923
84.5405,46.3923
84.5405,46.3923
94.5591,44.478
94.5591,44.478
94.5591,44.478
88.8952,45.2753
88.8952,45.2753
88.8952,45.2753
88.9009,44.9926
88.9009,44.9926
88.9009,44.9926
86.6617,45.6609
86.6617,45.6609
86.6617,45.6609
89.091,44.9307
89.091,44.9307
89.091,44.9307
86.0803,45.3647
86.0803,45.3647
86.0803,45.3647
87.6201,44.123
87.6201,44.123
87.6201,44.123
92.1475,45.0044
92.1475,45.0044
92.1475,45.0044
84.3606,45.1607
84.3606,45.1607
84.3606,45.1607
95.1909,45.5969
95.1909,45.5969
95.1909,45.5969
88.9831,44.4882
88.9831,44.4882
88.9831,44.4882
92.1767,44.6754
92.1767,44.6754
92.1767,44.6754
89.248,45.7155
89.248,45.7155
89.248,45.7155
88.5852,44.0451
88.5852,44.0451
88.5852,44.0451
87.8566,45.0713
87.8566,45.0713
87.8566,45.0713
84.8907,45.56
84.8907,45.56
84.8907,45.56
85.7563,44.8647
85.7563,44.8647
85.7563,44.8647
85.0219,45.4314
85.0219,45.4314
85.0219,45.4314
85.1466,44.3377
85.1466,44.3377
85.1466,44.3377
88.5084,45.1766
88.5084,45.1766
88.5084,45.1766
85.7313,46.0208
85.7313,46.0208
85.7313,46.0208
88.1656,45.3724
88.1656,45.3724
88.1656,45.3724
88.9705,45.08
88.9705,45.08
88.9705,45.08
87.5418,45.3225
87.5418,45.3225
87.5418,45.3225
91.7655,46.0012
91.7655,46.0012
91.7655,46.0012
86.7212,45.7324
86.7212,45.7324
86.7212,45.7324
92.622,45.9952
92.622,45.9952
92.622,45.9952
77.5005,46.0492
77.5005,46.0492
77.5005,46.0492
85.4549,44.6897
85.4549,44.6897
85.4549,44.6897
82.5713,45.6828
82.5713,45.6828
82.5713,45.6828
93.9758,44.6622
93.9758,44.6622
93.9758,44.6622
80.4248,45.8068
80.4248,45.8068
80.4248,45.8068
79.2831,46.3661
79.2831,46.3661
79.2831,46.3661
82.9257,45.3018
82.9257,45.3018
82.9257,45.3018
91.9792,45.5977
91.9792,45.5977
91.9792,45.5977
95.0851,45.9659
95.0851,45.9659
95.0851,45.9659
84.9489,45.703
84.9489,45.703
84.9489,45.703
82.8689,45.3514
82.8689,45.3514
82.8689,45.3514
86.4151,46.1336
86.4151,46.1336
86.4151,46.1336
92.7086,45.7175
92.7086,45.7175
92.7086,45.7175
86.8005,45.435
86.8005,45.435
86.8005,45.435
79.8192,44.9817
79.8192,44.9817
79.8192,44.9817
90.0287,44.5961
90.0287,44.5961
90.0287,44.5961
83.4693,44.2873
83.4693,44.2873
83.4693,44.2873
86.1686,44.7129
86.1686,44.7129
86.1686,44.7129
89.2635,46.7288
89.2635,46.7288
89.2635,46.7288
91.0381,45.603
91.0381,45.603
91.0381,45.603
84.5794,45.6498
84.5794,45.6498
84.5794,45.6498
84.7482,47.2091
84.7482,47.2091
84.7482,47.2091
90.2927,45.6354
90.2927,45.6354
90.2927,45.6354
92.0271,45.1373
92.0271,45.1373
92.0271,45.1373
80.0969,45.3897
80.0969,45.3897
80.0969,45.3897
94.0253,45.8133
94.0253,45.8133
94.0253,45.8133
91.2493,44.8171
91.2493,44.8171
91.2493,44.8171
88.7538,45.6287
88.7538,45.6287
88.7538,45.6287
97.3533,44.3566
97.3533,44.3566
97.3533,44.3566
89.2429,44.9633
89.2429,44.9633
89.2429,44.9633
91.9862,44.5397
91.9862,44.5397
91.9862,44.5397
93.2977,44.8529
93.2977,44.8529
93.2977,44.8529
78.7986,46.2316
78.7986,46.2316
78.7986,46.2316
81.4749,45.9954
81.4749,45.9954
81.4749,45.9954
79.7494,46.852
79.7494,46.852
79.7494,46.852
89.6769,46.2395
89.6769,46.2395
89.6769,46.2395
92.787,46.1931
92.787,46.1931
92.787,46.1931
95.2315,46.0717
95.2315,46.0717
95.2315,46.0717
88.0311,45.9767
88.0311,45.9767
88.0311,45.9767
83.9853,46.3527
83.9853,46.3527
83.9853,46.3527
94.9832,44.9285
94.9832,44.9285
94.9832,44.9285
89.2356,44.9776
89.2356,44.9776
89.2356,44.9776
76.6829,44.5005
76.6829,44.5005
76.6829,44.5005
86.893,46.4774
86.893,46.4774
86.893,46.4774
90.7434,44.056
90.7434,44.056
90.7434,44.056
91.6302,44.7584
91.6302,44.7584
91.6302,44.7584
88.0207,44.9167
88.0207,44.9167
88.0207,44.9167
91.7026,46.5715
91.7026,46.5715
91.7026,46.5715
90.4335,46.431
90.4335,46.431
90.4335,46.431
79.475,45.0759
79.475,45.0759
79.475,45.0759
82.5619,45.2216
82.5619,45.2216
82.5619,45.2216
98.4962,45.3608
98.4962,45.3608
98.4962,45.3608
83.532,45.4193
83.532,45.4193
83.532,45.4193
88.8618,45.5513
88.8618,45.5513
88.8618,45.5513
87.7246,45.7787
87.7246,45.7787
87.7246,45.7787
85.0421,46.0199
85.0421,46.0199
85.0421,46.0199
93.3872,44.4747
93.3872,44.4747
93.3872,44.4747
77.5686,45.5693
77.5686,45.5693
77.5686,45.5693
88.724,46.1067
88.724,46.1067
88.724,46.1067
89.1685,44.6189
89.1685,44.6189
89.1685,44.6189
87.4914,45.9415
87.4914,45.9415
87.4914,45.9415
94.6838,45.7741
94.6838,45.7741
94.6838,45.7741
98.1643,45.8661
98.1643,45.8661
98.1643,45.8661
86.4049,44.7447
86.4049,44.7447
86.4049,44.7447
84.7778,46.0663
84.7778,46.0663
84.7778,46.0663
80.3779,45.9115
80.3779,45.9115
80.3779,45.9115
101.5789,44.5876
101.5789,44.5876
101.5789,44.5876
90.5512,45.6778
90.5512,45.6778
90.5512,45.6778
84.6783,45.0197
84.6783,45.0197
84.6783,45.0197
86.1427,45.0226
86.1427,45.0226
86.1427,45.0226
78.4418,45.6761
78.4418,45.6761
78.4418,45.6761
88.4327,45.6168
88.4327,45.6168
88.4327,45.6168
83.0628,45.6711
83.0628,45.6711
83.0628,45.6711
91.9267,45.3564
91.9267,45.3564
91.9267,45.3564
79.997,45.4705
79.997,45.4705
79.997,45.4705
78.1124,44.8752
78.1124,44.8752
78.1124,44.8752
97.7625,45.0954
97.7625,45.0954
97.7625,45.0954
85.5064,44.8056
85.5064,44.8056
85.5064,44.8056
87.4538,44.7967
87.4538,44.7967
87.4538,44.7967
82.4788,46.0221
82.4788,46.0221
82.4788,46.0221
92.4416,46.1749
92.4416,46.1749
92.4416,46.1749
88.5852,44.993
88.5852,44.993
88.5852,44.993
85.41,45.073
85.41,45.073
85.41,45.073
80.1921,44.9912
80.1921,44.9912
80.1921,44.9912
87.9869,46.6826
87.9869,46.6826
87.9869,46.6826
87.6594,45.663
87.6594,45.663
87.6594,45.663
82.014,46.0661
82.014,46.0661
82.014,46.0661
85.9704,45.4315
85.9704,45.4315
85.9704,45.4315
97.7289,45.1441
97.7289,45.1441
97.7289,45.1441
80.3194,44.849
80.3194,44.849
80.3194,44.849
83.1782,44.0806
83.1782,44.0806
83.1782,44.0806
83.0557,45.2511
83.0557,45.2511
83.0557,45.2511
87.6756,46.9909
87.6756,46.9909
87.6756,46.9909
81.4047,46.1664
81.4047,46.1664
81.4047,46.1664
85.9127,45.9626
85.9127,45.9626
85.9127,45.9626
89.6124,45.6931
89.6124,45.6931
89.6124,45.6931
91.7178,45.7963
91.7178,45.7963
91.7178,45.7963
87.6821,45.1521
87.6821,45.1521
87.6821,45.1521
89.6909,45.1869
89.6909,45.1869
89.6909,45.1869
89.5358,44.4845
89.5358,44.4845
89.5358,44.4845
92.2022,44.9527
92.2022,44.9527
92.2022,44.9527
93.0707,46.1496
93.0707,46.1496
93.0707,46.1496
86.066,46.1396
86.066,46.1396
86.066,46.1396
85.8758,46.2199
85.8758,46.2199
85.8758,46.2199
87.1032,46.3833
87.1032,46.3833
87.1032,46.3833
94.6746,45.7648
94.6746,45.7648
94.6746,45.7648
87.1082,44.4697
87.1082,44.4697
87.1082,44.4697
81.8178,45.557
81.8178,45.557
81.8178,45.557
89.7503,44.7709
89.7503,44.7709
89.7503,44.7709
80.8251,46.1521
80.8251,46.1521
80.8251,46.1521
88.2478,45.086
88.2478,45.086
88.2478,45.086
88.2564,46.0219
88.2564,46.0219
88.2564,46.0219
87.8419,45.1541
87.8419,45.1541
87.8419,45.1541
87.6928,46.4841
87.6928,46.4841
87.6928,46.4841
94.6345,45.1568
94.6345,45.1568
94.6345,45.1568
88.0043,46.8843
88.0043,46.8843
88.0043,46.8843
89.1891,45.5275
89.1891,45.5275
89.1891,45.5275
92.1361,44.7356
92.1361,44.7356
92.1361,44.7356
91.0335,46.3284
91.0335,46.3284
91.0335,46.3284
82.8473,45.9814
82.8473,45.9814
82.8473,45.9814
82.2942,45.4744
82.2942,45.4744
82.2942,45.4744
94.503,46.33
94.503,46.33
94.503,46.33
94.4625,45.4296
94.4625,45.4296
94.4625,45.4296
85.9064,45.1976
85.9064,45.1976
85.9064,45.1976
88.3915,45.0689
88.3915,45.0689
88.3915,45.0689
88.187,44.7342
88.187,44.7342
88.187,44.7342
86.4221,45.7509
86.4221,45.7509
86.4221,45.7509
92.244,44.7977
92.244,44.7977
92.244,44.7977
85.135,45.4585
85.135,45.4585
85.135,45.4585
89.4543,45.1752
89.4543,45.1752
89.4543,45.1752
91.9789,46.4242
91.9789,46.4242
91.9789,46.4242
85.937,45.7464
85.937,45.7464
85.937,45.7464
80.2003,45.1053
80.2003,45.1053
80.2003,45.1053
93.3453,46.8889
93.3453,46.8889
93.3453,46.8889
87.7935,47.0649
87.7935,47.0649
87.7935,47.0649
88.8389,45.0451
88.8389,45.0451
88.8389,45.0451
83.3924,44.5098
83.3924,44.5098
83.3924,44.5098
89.0041,46.3044
89.0041,46.3044
89.0041,46.3044
91.275,45.9566
91.275,45.9566
91.275,45.9566
92.0193,44.8289
92.0193,44.8289
92.0193,44.8289
91.1888,45.5934
91.1888,45.5934
91.1888,45.5934
99.4088,45.2392
99.4088,45.2392
99.4088,45.2392
91.2682,46.1437
91.2682,46.1437
91.2682,46.1437
87.4756,46.3342
87.4756,46.3342
87.4756,46.3342
82.4142,44.712
82.4142,44.712
82.4142,44.712
95.3612,45.3621
95.3612,45.3621
95.3612,45.3621
92.8042,44.3839
92.8042,44.3839
92.8042,44.3839
86.3928,44.9782
86.3928,44.9782
86.3928,44.9782
94.6712,45.9818
94.6712,45.9818
94.6712,45.9818
88.7757,46.0124
88.7757,46.0124
88.7757,46.0124
88.4184,44.4769
88.4184,44.4769
88.4184,44.4769
87.1811,45.1864
87.1811,45.1864
87.1811,45.1864
91.6284,46.5595
91.6284,46.5595
91.6284,46.5595
88.181,45.5537
88.181,45.5537
88.181,45.5537
91.4067,44.9414
91.4067,44.9414
91.4067,44.9414
94.3501,45.0756
94.3501,45.0756
94.3501,45.0756
84.6526,45.3306
84.6526,45.3306
84.6526,45.3306
85.1539,46.332
85.1539,46.332
85.1539,46.332
95.3449,45.9296
95.3449,45.9296
95.3449,45.9296
81.4518,45.0525
81.4518,45.0525
81.4518,45.0525
85.4178,45.1778
85.4178,45.1778
85.4178,45.1778
82.313,45.0803
82.313,45.0803
82.313,45.0803
89.5114,45.9492
89.5114,45.9492
89.5114,45.9492
84.3906,44.8572
84.3906,44.8572
84.3906,44.8572
81.641,45.6721
81.641,45.6721
81.641,45.6721
91.5736,45.6394
91.5736,45.6394
91.5736,45.6394
96.4631,45.7927
96.4631,45.7927
96.4631,45.7927
98.8038,44.8483
98.8038,44.8483
98.8038,44.8483
88.1595,45.7669
88.1595,45.7669
88.1595,45.7669
88.231,45.6101
88.231,45.6101
88.231,45.6101
88.965,45.367
88.965,45.367
88.965,45.367
87.9266,44.8635
87.9266,44.8635
87.9266,44.8635
84.958,45.8504
84.958,45.8504
84.958,45.8504
78.8822,45.3128
78.8822,45.3128
78.8822,45.3128
89.0063,45.5708
89.0063,45.5708
89.0063,45.5708
96.4821,45.1813
96.4821,45.1813
96.4821,45.1813
83.4696,44.765
83.4696,44.765
83.4696,44.765
83.396,45.9104
83.396,45.9104
83.396,45.9104
77.0147,44.7855
77.0147,44.7855
77.0147,44.7855
93.2493,44.7273
93.2493,44.7273
93.2493,44.7273
88.609,46.5687
88.609,46.5687
88.609,46.5687
90.7121,45.5725
90.7121,45.5725
90.7121,45.5725
89.1967,45.3527
89.1967,45.3527
89.1967,45.3527
91.4417,45.6675
91.4417,45.6675
91.4417,45.6675
88.5433,45.6442
88.5433,45.6442
88.5433,45.6442
82.9477,44.9373
82.9477,44.9373
82.9477,44.9373
90.1073,45.5446
90.1073,45.5446
90.1073,45.5446
77.6242,45.4515
77.6242,45.4515
77.6242,45.4515
86.4924,44.4099
86.4924,44.4099
86.4924,44.4099
91.1691,45.3817
91.1691,45.3817
91.1691,45.3817
87.0107,44.4302
87.0107,44.4302
87.0107,44.4302
84.4009,45.0165
84.4009,45.0165
84.4009,45.0165
98.332,45.5048
98.332,45.5048
98.332,45.5048
82.347,44.8017
82.347,44.8017
82.347,44.8017
90.3355,46.4259
90.3355,46.4259
90.3355,46.4259
89.3259,45.0786
89.3259,45.0786
89.3259,45.0786
83.0858,46.4948
83.0858,46.4948
83.0858,46.4948
85.5636,47.3194
85.5636,47.3194
85.5636,47.3194
90.4977,45.2843
90.4977,45.2843
90.4977,45.2843
90.198,45.3443
90.198,45.3443
90.198,45.3443
86.4744,46.4187
86.4744,46.4187
86.4744,46.4187
78.0542,45.5546
78.0542,45.5546
78.0542,45.5546
83.5951,46.055
83.5951,46.055
83.5951,46.055
82.8978,45.9628
82.8978,45.9628
82.8978,45.9628
83.4014,45.8901
83.4014,45.8901
83.4014,45.8901
93.247,44.8161
93.247,44.8161
93.247,44.8161
90.7531,45.3273
90.7531,45.3273
90.7531,45.3273
90.4568,45.2178
90.4568,45.2178
90.4568,45.2178
91.4466,44.4713
91.4466,44.4713
91.4466,44.4713
90.7371,45.7719
90.7371,45.7719
90.7371,45.7719
93.3833,45.511
93.3833,45.511
93.3833,45.511
89.0234,45.8076
89.0234,45.8076
89.0234,45.8076
92.8326,46.8721
92.8326,46.8721
92.8326,46.8721
98.0615,45.0626
98.0615,45.0626
98.0615,45.0626
85.7113,44.9923
85.7113,44.9923
85.7113,44.9923
92.4369,46.2431
92.4369,46.2431
92.4369,46.2431
86.6232,46.2049
86.6232,46.2049
86.6232,46.2049
90.1745,44.913
90.1745,44.913
90.1745,44.913
93.4597,45.6585
93.4597,45.6585
93.4597,45.6585
92.8879,45.9468
92.8879,45.9468
92.8879,45.9468
91.7508,45.2114
91.7508,45.2114
91.7508,45.2114
85.2707,45.0498
85.2707,45.0498
85.2707,45.0498
86.7814,45.4014
86.7814,45.4014
86.7814,45.4014
92.0822,45.3927
92.0822,45.3927
92.0822,45.3927
95.841,45.5916
95.841,45.5916
95.841,45.5916
82.0036,45.2698
82.0036,45.2698
82.0036,45.2698
84.8162,45.5682
84.8162,45.5682
84.8162,45.5682
83.6525,46.114
83.6525,46.114
83.6525,46.114
99.0322,46.8104
99.0322,46.8104
99.0322,46.8104
83.9127,44.6731
83.9127,44.6731
83.9127,44.6731
83.8425,45.558
83.8425,45.558
83.8425,45.558
93.2051,45.2232
93.2051,45.2232
93.2051,45.2232
93.266,45.8245
93.266,45.8245
93.266,45.8245
88.5358,45.6267
88.5358,45.6267
88.5358,45.6267
83.7108,46.1075
83.7108,46.1075
83.7108,46.1075
96.0813,44.3861
96.0813,44.3861
96.0813,44.3861
88.1143,44.2732
88.1143,44.2732
88.1143,44.2732
82.2329,45.3086
82.2329,45.3086
82.2329,45.3086
90.2446,45.3944
90.2446,45.3944
90.2446,45.3944
85.9423,45.5924
85.9423,45.5924
85.9423,45.5924
79.6934,45.4914
79.6934,45.4914
79.6934,45.4914
79.5776,45.7024
79.5776,45.7024
79.5776,45.7024
84.1668,45.6466
84.1668,45.6466
84.1668,45.6466
85.8079,45.0656
85.8079,45.0656
85.8079,45.0656
78.0823,45.2645
78.0823,45.2645
78.0823,45.2645
87.9975,45.3495
87.9975,45.3495
87.9975,45.3495
85.4913,45.7368
85.4913,45.7368
85.4913,45.7368
88.5687,46.8064
88.5687,46.8064
88.5687,46.8064
81.2229,45.144
81.2229,45.144
81.2229,45.144
91.9496,44.6862
91.9496,44.6862
91.9496,44.6862
82.0101,45.5103
82.0101,45.5103
82.0101,45.5103
95.9683,45.3806
95.9683,45.3806
95.9683,45.3806
87.4197,45.321
87.4197,45.321
87.4197,45.321
94.0541,46.1012
94.0541,46.1012
94.0541,46.1012
93.9321,45.5178
93.9321,45.5178
93.9321,45.5178
90.357,45.6261
90.357,45.6261
90.357,45.6261
85.5279,45.3132
85.5279,45.3132
85.5279,45.3132
92.6277,45.5338
92.6277,45.5338
92.6277,45.5338
83.8871,45.7258
83.8871,45.7258
83.8871,45.7258
90.73,45.5744
90.73,45.5744
90.73,45.5744
86.62,44.9436
86.62,44.9436
86.62,44.9436
85.9748,44.7773
85.9748,44.7773
85.9748,44.7773
87.3214,45.2526
87.3214,45.2526
87.3214,45.2526
88.6372,45.434
88.6372,45.434
88.6372,45.434
89.2434,45.2508
89.2434,45.2508
89.2434,45.2508
86.9969,46.056
86.9969,46.056
86.9969,46.056
81.4826,46.2859
81.4826,46.2859
81.4826,46.2859
77.2106,45.5423
77.2106,45.5423
77.2106,45.5423
82.3357,45.6292
82.3357,45.6292
82.3357,45.6292
86.4576,45.6102
86.4576,45.6102
86.4576,45.6102
91.8349,45.385
91.8349,45.385
91.8349,45.385
86.6715,45.5188
86.6715,45.5188
86.6715,45.5188
84.5983,45.2308
84.5983,45.2308
84.5983,45.2308
89.1809,44.896
89.1809,44.896
89.1809,44.896
85.7794,44.8729
85.7794,44.8729
85.7794,44.8729
84.3205,46.293
84.3205,46.293
84.3205,46.293
84.0881,45.8736
84.0881,45.8736
84.0881,45.8736
87.8586,45.0985
87.8586,45.0985
87.8586,45.0985
97.2202,45.9381
97.2202,45.9381
97.2202,45.9381
94.3323,45.7521
94.3323,45.7521
94.3323,45.7521
85.9493,45.5556
85.9493,45.5556
85.9493,45.5556
87.1334,46.1837
87.1334,46.1837
87.1334,46.1837
83.2595,45.7616
83.2595,45.7616
83.2595,45.7616
95.9637,46.1692
95.9637,46.1692
95.9637,46.1692
92.9392,45.9492
92.9392,45.9492
92.9392,45.9492
99.0264,45.0616
99.0264,45.0616
99.0264,45.0616
86.536,43.7085
86.536,43.7085
86.536,43.7085
91.7068,45.9596
91.7068,45.9596
91.7068,45.9596
80.803,45.4971
80.803,45.4971
80.803,45.4971
81.6558,45.6083
81.6558,45.6083
81.6558,45.6083
92.6622,45.3211
92.6622,45.3211
92.6622,45.3211
90.1979,44.945
90.1979,44.945
90.1979,44.945
84.0438,44.9326
84.0438,44.9326
84.0438,44.9326
94.1782,45.1472
94.1782,45.1472
94.1782,45.1472
87.0124,44.9147
87.0124,44.9147
87.0124,44.9147
84.6006,45.058
84.6006,45.058
84.6006,45.058
87.0987,45.4652
87.0987,45.4652
87.0987,45.4652
90.9597,45.3542
90.9597,45.3542
90.9597,45.3542
88.378,46.607
88.378,46.607
88.378,46.607
87.1351,45.0522
87.1351,45.0522
87.1351,45.0522
91.3108,45.2033
91.3108,45.2033
91.3108,45.2033
99.777,45.4898
99.777,45.4898
99.777,45.4898
89.5452,44.8021
89.5452,44.8021
89.5452,44.8021
83.6966,45.6579
83.6966,45.6579
83.6966,45.6579
88.9601,45.8536
88.9601,45.8536
88.9601,45.8536
94.9256,45.4309
94.9256,45.4309
94.9256,45.4309
92.2311,44.714
92.2311,44.714
92.2311,44.714
86.3607,45.8827
86.3607,45.8827
86.3607,45.8827
93.2824,44.9908
93.2824,44.9908
93.2824,44.9908
80.2256,46.1372
80.2256,46.1372
80.2256,46.1372
94.5226,45.3343
94.5226,45.3343
94.5226,45.3343
95.0134,45.8247
95.0134,45.8247
95.0134,45.8247
91.6472,45.6043
91.6472,45.6043
91.6472,45.6043
82.4087,45.8595
82.4087,45.8595
82.4087,45.8595
88.5902,45.4264
88.5902,45.4264
88.5902,45.4264
84.4528,46.7599
84.4528,46.7599
84.4528,46.7599
91.702,45.2847
91.702,45.2847
91.702,45.2847
84.0234,45.2212
84.0234,45.2212
84.0234,45.2212
80.9608,45.6091
80.9608,45.6091
80.9608,45.6091
90.8159,45.2406
90.8159,45.2406
90.8159,45.2406
82.5304,45.894
82.5304,45.894
82.5304,45.894
88.9781,46.2435
88.9781,46.2435
88.9781,46.2435
80.1057,45.5854
80.1057,45.5854
80.1057,45.5854
91.7692,44.687
91.7692,44.687
91.7692,44.687
82.8,44.9609
82.8,44.9609
82.8,44.9609
92.9059,45.9462
92.9059,45.9462
92.9059,45.9462
80.2727,46.3619
80.2727,46.3619
80.2727,46.3619
88.4875,45.7952
88.4875,45.7952
88.4875,45.7952
92.6707,45.1799
92.6707,45.1799
92.6707,45.1799
85.0569,45.9657
85.0569,45.9657
85.0569,45.9657
91.2404,45.4997
91.2404,45.4997
91.2404,45.4997
85.9158,45.2456
85.9158,45.2456
85.9158,45.2456
88.0448,45.9541
88.0448,45.9541
88.0448,45.9541
79.9258,46.1534
79.9258,46.1534
79.9258,46.1534
80.545,44.9259
80.545,44.9259
80.545,44.9259
84.8292,44.9083
84.8292,44.9083
84.8292,44.9083
79.2092,45.5734
79.2092,45.5734
79.2092,45.5734
94.347,46.5792
94.347,46.5792
94.347,46.5792
88.9549,46.6152
88.9549,46.6152
88.9549,46.6152
84.2116,46.5339
84.2116,46.5339
84.2116,46.5339
89.2616,46.4969
89.2616,46.4969
89.2616,46.4969
99.8279,45.3655
99.8279,45.3655
99.8279,45.3655
87.9173,44.3978
87.9173,44.3978
87.9173,44.3978
78.4784,45.4395
78.4784,45.4395
78.4784,45.4395
84.5411,44.5467
84.5411,44.5467
84.5411,44.5467
84.2813,44.806
84.2813,44.806
84.2813,44.806
91.4143,46.4986
91.4143,46.4986
91.4143,46.4986
90.36,46.0824
90.36,46.0824
90.36,46.0824
92.387,45.617
92.387,45.617
92.387,45.617
97.3509,45.3477
97.3509,45.3477
97.3509,45.3477
86.0709,46.2308
86.0709,46.2308
86.0709,46.2308
87.8475,45.3658
87.8475,45.3658
87.8475,45.3658
93.2116,45.9564
93.2116,45.9564
93.2116,45.9564
83.1957,44.9793
83.1957,44.9793
83.1957,44.9793
91.9633,45.9468
91.9633,45.9468
91.9633,45.9468
81.4765,45.7678
81.4765,45.7678
81.4765,45.7678
84.0486,46.7062
84.0486,46.7062
84.0486,46.7062
91.1034,45.1863
91.1034,45.1863
91.1034,45.1863
92.2464,44.2208
92.2464,44.2208
92.2464,44.2208
92.8562,45.0509
92.8562,45.0509
92.8562,45.0509
87.5273,44.735
87.5273,44.735
87.5273,44.735
91.019,44.47
91.019,44.47
91.019,44.47
89.5882,45.6922
89.5882,45.6922
89.5882,45.6922
83.4677,44.8432
83.4677,44.8432
83.4677,44.8432
86.1287,45.2595
86.1287,45.2595
86.1287,45.2595
99.5371,44.6852
99.5371,44.6852
99.5371,44.6852
92.4547,45.27
92.4547,45.27
92.4547,45.27
87.9136,47.0971
87.9136,47.0971
87.9136,47.0971
85.6807,45.3052
85.6807,45.3052
85.6807,45.3052
81.353,45.7965
81.353,45.7965
81.353,45.7965
92.8546,45.4109
92.8546,45.4109
92.8546,45.4109
92.9685,45.9098
92.9685,45.9098
92.9685,45.9098
82.1852,45.4928
82.1852,45.4928
82.1852,45.4928
83.9693,45.2198
83.9693,45.2198
83.9693,45.2198
89.5477,46.7833
89.5477,46.7833
89.5477,46.7833
87.0198,46.7734
87.0198,46.7734
87.0198,46.7734
85.1557,45.1575
85.1557,45.1575
85.1557,45.1575
88.6775,45.3982
88.6775,45.3982
88.6775,45.3982
82.5673,45.6648
82.5673,45.6648
82.5673,45.6648
88.5858,45.2428
88.5858,45.2428
88.5858,45.2428
96.2816,44.74
96.2816,44.74
96.2816,44.74
88.0553,45.5538
88.0553,45.5538
88.0553,45.5538
83.7105,45.3789
83.7105,45.3789
83.7105,45.3789
89.4371,45.6582
89.4371,45.6582
89.4371,45.6582
90.4333,46.4642
90.4333,46.4642
90.4333,46.4642
81.7365,45.0708
81.7365,45.0708
81.7365,45.0708
87.0121,46.7761
87.0121,46.7761
87.0121,46.7761
91.6862,45.1513
91.6862,45.1513
91.6862,45.1513
86.6827,44.8093
86.6827,44.8093
86.6827,44.8093
76.9399,44.8357
76.9399,44.8357
76.9399,44.8357
91.0537,45.677
91.0537,45.677
91.0537,45.677
89.1094,44.8135
89.1094,44.8135
89.1094,44.8135
84.2106,45.6291
84.2106,45.6291
84.2106,45.6291
80.9735,45.0433
80.9735,45.0433
80.9735,45.0433
89.0179,46.3825
89.0179,46.3825
89.0179,46.3825
92.6851,46.4714
92.6851,46.4714
92.6851,46.4714
84.54,46.0485
84.54,46.0485
84.54,46.0485
93.3519,44.5574
93.3519,44.5574
93.3519,44.5574
84.7694,45.9346
84.7694,45.9346
84.7694,45.9346
81.9201,45.325
81.9201,45.325
81.9201,45.325
94.1287,45.2047
94.1287,45.2047
94.1287,45.2047
75.7651,45.271
75.7651,45.271
75.7651,45.271
86.0472,45.8354
86.0472,45.8354
86.0472,45.8354
88.5232,45.3318
88.5232,45.3318
88.5232,45.3318
91.9314,46.3481
91.9314,46.3481
91.9314,46.3481
91.4906,46.2072
91.4906,46.2072
91.4906,46.2072
83.4215,45.3534
83.4215,45.3534
83.4215,45.3534
80.8412,44.9978
80.8412,44.9978
80.8412,44.9978
90.5868,45.4213
90.5868,45.4213
90.5868,45.4213
87.5723,47.0883
87.5723,47.0883
87.5723,47.0883
87.5109,44.5266
87.5109,44.5266
87.5109,44.5266
89.8662,45.3204
89.8662,45.3204
89.8662,45.3204
84.2201,46.7465
84.2201,46.7465
84.2201,46.7465
93.8972,45.9102
93.8972,45.9102
93.8972,45.9102
84.3694,46.4308
84.3694,46.4308
84.3694,46.4308
91.4071,45.6703
91.4071,45.6703
91.4071,45.6703
85.4791,45.2702
85.4791,45.2702
85.4791,45.2702
99.8688,45.9111
99.8688,45.9111
99.8688,45.9111
90.4302,46.4954
90.4302,46.4954
90.4302,46.4954
92.7598,45.5903
92.7598,45.5903
92.7598,45.5903
89.2041,45.872
89.2041,45.872
89.2041,45.872
89.9063,46.1193
89.9063,46.1193
89.9063,46.1193
93.2982,45.7299
93.2982,45.7299
93.2982,45.7299
98.2261,45.3737
98.2261,45.3737
98.2261,45.3737
87.8148,46.3122
87.8148,46.3122
87.8148,46.3122
88.0777,46.0795
88.0777,46.0795
88.0777,46.0795
89.035,45.5609
89.035,45.5609
89.035,45.5609
92.8348,45.6862
92.8348,45.6862
92.8348,45.6862
98.1142,46.4506
98.1142,46.4506
98.1142,46.4506
89.5694,44.689
89.5694,44.689
89.5694,44.689
89.7314,44.4756
89.7314,44.4756
89.7314,44.4756
90.8702,46.2131
90.8702,46.2131
90.8702,46.2131
90.2599,45.4106
90.2599,45.4106
90.2599,45.4106
88.458,45.1499
88.458,45.1499
88.458,45.1499
90.6208,45.3627
90.6208,45.3627
90.6208,45.3627
85.8653,45.6928
85.8653,45.6928
85.8653,45.6928
92.673,45.5469
92.673,45.5469
92.673,45.5469
92.0795,44.4803
92.0795,44.4803
92.0795,44.4803
78.1922,45.7803
78.1922,45.7803
78.1922,45.7803
79.6598,46.1693
79.6598,46.1693
79.6598,46.1693
93.1039,45.4057
93.1039,45.4057
93.1039,45.4057
78.4177,45.9721
78.4177,45.9721
78.4177,45.9721
83.3329,44.7653
83.3329,44.7653
83.3329,44.7653
80.3477,45.2025
80.3477,45.2025
80.3477,45.2025
90.5715,46.618
90.5715,46.618
90.5715,46.618
88.5002,45.364
88.5002,45.364
88.5002,45.364
88.6289,45.4502
88.6289,45.4502
88.6289,45.4502
79.5942,46.2628
79.5942,46.2628
79.5942,46.2628
85.4092,45.7864
85.4092,45.7864
85.4092,45.7864
89.222,45.5498
89.222,45.5498
89.222,45.5498
86.2827,44.4546
86.2827,44.4546
86.2827,44.4546
93.4641,45.9541
93.4641,45.9541
93.4641,45.9541
95.2615,44.6497
95.2615,44.6497
95.2615,44.6497
86.3563,45.8645
86.3563,45.8645
86.3563,45.8645
90.6951,45.4495
90.6951,45.4495
90.6951,45.4495
80.2219,45.5837
80.2219,45.5837
80.2219,45.5837
85.5201,45.8985
85.5201,45.8985
85.5201,45.8985
94.4944,45.9078
94.4944,45.9078
94.4944,45.9078
83.9145,45.9106
83.9145,45.9106
83.9145,45.9106
81.7258,45.0637
81.7258,45.0637
81.7258,45.0637
85.4332,45.9422
85.4332,45.9422
85.4332,45.9422
81.2323,45.5165
81.2323,45.5165
81.2323,45.5165
92.8776,46.3546
92.8776,46.3546
92.8776,46.3546
86.1795,45.0314
86.1795,45.0314
86.1795,45.0314
85.7128,46.1015
85.7128,46.1015
85.7128,46.1015
90.3211,45.9958
90.3211,45.9958
90.3211,45.9958
94.4382,46.2723
94.4382,46.2723
94.4382,46.2723
93.6169,45.9483
93.6169,45.9483
93.6169,45.9483
83.1565,45.7842
83.1565,45.7842
83.1565,45.7842
83.8296,45.5672
83.8296,45.5672
83.8296,45.5672
99.2098,44.5148
99.2098,44.5148
99.2098,44.5148
87.0272,45.3977
87.0272,45.3977
87.0272,45.3977
95.3056,44.7226
95.3056,44.7226
95.3056,44.7226
86.9456,46.2478
86.9456,46.2478
86.9456,46.2478
89.1094,45.3895
89.1094,45.3895
89.1094,45.3895
91.1245,45.0778
91.1245,45.0778
91.1245,45.0778
86.2954,45.4815
86.2954,45.4815
86.2954,45.4815
89.4317,44.6811
89.4317,44.6811
89.4317,44.6811
90.3381,45.8123
90.3381,45.8123
90.3381,45.8123
88.9924,46.5473
88.9924,46.5473
88.9924,46.5473
79.607,45.4084
79.607,45.4084
79.607,45.4084
84.6409,45.1945
84.6409,45.1945
84.6409,45.1945
77.5172,44.8162
77.5172,44.8162
77.5172,44.8162
88.0664,45.5382
88.0664,45.5382
88.0664,45.5382
91.3981,45.934
91.3981,45.934
91.3981,45.934
86.6007,45.3734
86.6007,45.3734
86.6007,45.3734
87.2733,45.8674
87.2733,45.8674
87.2733,45.8674
97.2018,44.4473
97.2018,44.4473
97.2018,44.4473
90.2214,45.8391
90.2214,45.8391
90.2214,45.8391
85.8593,46.2179
85.8593,46.2179
85.8593,46.2179
83.46,45.4105
83.46,45.4105
83.46,45.4105
84.9197,45.746
84.9197,45.746
84.9197,45.746
81.7611,44.8757
81.7611,44.8757
81.7611,44.8757
89.2045,47.6126
89.2045,47.6126
89.2045,47.6126
85.238,46.3482
85.238,46.3482
85.238,46.3482
86.459,45.8131
86.459,45.8131
86.459,45.8131
95.749,46.2804
95.749,46.2804
95.749,46.2804
84.2773,45.2934
84.2773,45.2934
84.2773,45.2934
82.39,45.6436
82.39,45.6436
82.39,45.6436
90.2296,46.4031
90.2296,46.4031
90.2296,46.4031
84.4293,45.3254
84.4293,45.3254
84.4293,45.3254
80.229,46.0823
80.229,46.0823
80.229,46.0823
94.3927,46.158
94.3927,46.158
94.3927,46.158
81.6514,45.9905
81.6514,45.9905
81.6514,45.9905
86.6778,46.3737
86.6778,46.3737
86.6778,46.3737
95.7299,45.343
95.7299,45.343
95.7299,45.343
90.3715,45.7784
90.3715,45.7784
90.3715,45.7784
93.0496,46.3852
93.0496,46.3852
93.0496,46.3852
86.6856,45.0216
86.6856,45.0216
86.6856,45.0216
95.1833,45.6862
95.1833,45.6862
95.1833,45.6862
88.064,44.9894
88.064,44.9894
88.064,44.9894
89.3559,45.6083
89.3559,45.6083
89.3559,45.6083
81.7976,45.2331
81.7976,45.2331
81.7976,45.2331
86.3996,45.0356
86.3996,45.0356
86.3996,45.0356
84.0923,44.9729
84.0923,44.9729
84.0923,44.9729
84.0251,46.0342
84.0251,46.0342
84.0251,46.0342
94.604,45.3203
94.604,45.3203
94.604,45.3203
94.6646,44.7871
94.6646,44.7871
94.6646,44.7871
88.9162,44.8873
88.9162,44.8873
88.9162,44.8873
78.2493,45.1327
78.2493,45.1327
78.2493,45.1327
95.277,45.6437
95.277,45.6437
95.277,45.6437
87.134,45.9024
87.134,45.9024
87.134,45.9024
83.7992,45.6495
83.7992,45.6495
83.7992,45.6495
88.9187,45.7891
88.9187,45.7891
88.9187,45.7891
82.6638,45.4912
82.6638,45.4912
82.6638,45.4912
85.7487,45.044
85.7487,45.044
85.7487,45.044
86.4341,45.5852
86.4341,45.5852
86.4341,45.5852
84.9792,43.9314
84.9792,43.9314
84.9792,43.9314
93.5433,45.7956
93.5433,45.7956
93.5433,45.7956
84.1682,46.221
84.1682,46.221
84.1682,46.221
94.7888,45.1365
94.7888,45.1365
94.7888,45.1365
84.2993,44.7409
84.2993,44.7409
84.2993,44.7409
83.224,44.7985
83.224,44.7985
83.224,44.7985
85.653,45.4976
85.653,45.4976
85.653,45.4976
86.6523,46.0372
86.6523,46.0372
86.6523,46.0372
93.2046,44.9372
93.2046,44.9372
93.2046,44.9372
92.3754,45.3627
92.3754,45.3627
92.3754,45.3627
93.1605,45.7193
93.1605,45.7193
93.1605,45.7193
83.2077,45.6412
83.2077,45.6412
83.2077,45.6412
92.1166,45.749
92.1166,45.749
92.1166,45.749
89.401,45.312
89.401,45.312
89.401,45.312
85.8065,44.9687
85.8065,44.9687
85.8065,44.9687
79.665,44.702
79.665,44.702
79.665,44.702
85.5356,45.793
85.5356,45.793
85.5356,45.793
83.4137,45.6815
83.4137,45.6815
83.4137,45.6815
90.8318,45.2166
90.8318,45.2166
90.8318,45.2166
86.62,44.4
86.62,44.4
86.62,44.4
96.3924,45.8705
96.3924,45.8705
96.3924,45.8705
89.2954,46.2495
89.2954,46.2495
89.2954,46.2495
66.7685,45.4611
66.7685,45.4611
66.7685,45.4611
81.5198,46.0977
81.5198,46.0977
81.5198,46.0977
89.4314,46.2919
89.4314,46.2919
89.4314,46.2919
88.9105,46.4756
88.9105,46.4756
88.9105,46.4756
81.5722,45.0084
81.5722,45.0084
81.5722,45.0084
83.4634,45.3765
83.4634,45.3765
83.4634,45.3765
86.8115,45.3972
86.8115,45.3972
86.8115,45.3972
93.5805,44.9413
93.5805,44.9413
93.5805,44.9413
96.6835,44.8968
96.6835,44.8968
96.6835,44.8968
90.8897,45.6967
90.8897,45.6967
90.8897,45.6967
88.5282,45.8094
88.5282,45.8094
88.5282,45.8094
89.8604,45.6497
89.8604,45.6497
89.8604,45.6497
82.6533,45.0424
82.6533,45.0424
82.6533,45.0424
74.0313,45.9941
74.0313,45.9941
74.0313,45.9941
78.042,45.4816
78.042,45.4816
78.042,45.4816
87.0304,45.5292
87.0304,45.5292
87.0304,45.5292
89.5707,44.8677
89.5707,44.8677
89.5707,44.8677
92.1519,45.8971
92.1519,45.8971
92.1519,45.8971
85.1847,44.9669
85.1847,44.9669
85.1847,44.9669
81.7426,46.0431
81.7426,46.0431
81.7426,46.0431
84.061,46.0061
84.061,46.0061
84.061,46.0061
89.0127,45.2874
89.0127,45.2874
89.0127,45.2874
92.7042,45.9849
92.7042,45.9849
92.7042,45.9849
91.5917,47.2328
91.5917,47.2328
91.5917,47.2328
90.5532,45.3021
90.5532,45.3021
90.5532,45.3021
92.5421,44.8013
92.5421,44.8013
92.5421,44.8013
83.744,45.3942
83.744,45.3942
83.744,45.3942
81.0936,46.7166
81.0936,46.7166
81.0936,46.7166
97.4204,45.1759
97.4204,45.1759
97.4204,45.1759
82.1472,45.2978
82.1472,45.2978
82.1472,45.2978
91.342,44.2884
91.342,44.2884
91.342,44.2884
90.8817,46.0865
90.8817,46.0865
90.8817,46.0865
83.8728,45.7016
83.8728,45.7016
83.8728,45.7016
91.6412,46.7888
91.6412,46.7888
91.6412,46.7888
73.0091,45.9519
73.0091,45.9519
73.0091,45.9519
84.7631,46.6447
84.7631,46.6447
84.7631,46.6447
87.6088,44.8653
87.6088,44.8653
87.6088,44.8653
83.6727,46.0041
83.6727,46.0041
83.6727,46.0041
83.945,44.0698
83.945,44.0698
83.945,44.0698
92.4828,45.2657
92.4828,45.2657
92.4828,45.2657
87.3882,45.6613
87.3882,45.6613
87.3882,45.6613
84.7002,45.3011
84.7002,45.3011
84.7002,45.3011
86.9289,46.1844
86.9289,46.1844
86.9289,46.1844
88.4427,46.8094
88.4427,46.8094
88.4427,46.8094
91.7318,45.4629
91.7318,45.4629
91.7318,45.4629
91.899,45.6663
91.899,45.6663
91.899,45.6663
84.8752,46.7443
84.8752,46.7443
84.8752,46.7443
87.5638,45.4004
87.5638,45.4004
87.5638,45.4004
89.539,44.7269
89.539,44.7269
89.539,44.7269
88.0755,45.5152
88.0755,45.5152
88.0755,45.5152
85.5035,44.8341
85.5035,44.8341
85.5035,44.8341
85.9684,45.6849
85.9684,45.6849
85.9684,45.6849
84.2113,46.0986
84.2113,46.0986
84.2113,46.0986
89.2679,45.8155
89.2679,45.8155
89.2679,45.8155
84.1612,45.2219
84.1612,45.2219
84.1612,45.2219
86.4921,45.4637
86.4921,45.4637
86.4921,45.4637
77.1542,46.16
77.1542,46.16
77.1542,46.16
75.1565,46.8207
75.1565,46.8207
75.1565,46.8207
83.2292,45.6122
83.2292,45.6122
83.2292,45.6122
80.5196,46.6495
80.5196,46.6495
80.5196,46.6495
88.8186,46.0648
88.8186,46.0648
88.8186,46.0648
88.3138,45.7525
88.3138,45.7525
88.3138,45.7525
86.9644,45.1126
86.9644,45.1126
86.9644,45.1126
84.0042,45.6727
84.0042,45.6727
84.0042,45.6727
83.8693,45.9101
83.8693,45.9101
83.8693,45.9101
93.3437,45.2239
93.3437,45.2239
93.3437,45.2239
81.9777,44.7585
81.9777,44.7585
81.9777,44.7585
87.0268,44.9206
87.0268,44.9206
87.0268,44.9206
88.2449,46.6954
88.2449,46.6954
88.2449,46.6954
89.4765,45.3001
89.4765,45.3001
89.4765,45.3001
86.2592,44.851
86.2592,44.851
86.2592,44.851
88.5228,45.1659
88.5228,45.1659
88.5228,45.1659
88.8116,45.4967
88.8116,45.4967
88.8116,45.4967
81.8869,45.465
81.8869,45.465
81.8869,45.465
85.2252,45.6098
85.2252,45.6098
85.2252,45.6098
86.7301,45.0766
86.7301,45.0766
86.7301,45.0766
90.8749,46.1047
90.8749,46.1047
90.8749,46.1047
84.4428,46.1453
84.4428,46.1453
84.4428,46.1453
74.9775,45.4506
74.9775,45.4506
74.9775,45.4506
89.9208,44.6194
89.9208,44.6194
89.9208,44.6194
88.7866,45.4793
88.7866,45.4793
88.7866,45.4793
86.5798,45.0074
86.5798,45.0074
86.5798,45.0074
91.0908,44.4336
91.0908,44.4336
91.0908,44.4336
96.0902,45.5437
96.0902,45.5437
96.0902,45.5437
84.5985,45.3212
84.5985,45.3212
84.5985,45.3212
84.6512,45.6684
84.6512,45.6684
84.6512,45.6684
84.3329,45.0841
84.3329,45.0841
84.3329,45.0841
84.1271,45.9814
84.1271,45.9814
84.1271,45.9814
82.5041,46.5173
82.5041,46.5173
82.5041,46.5173
93.9316,45.9778
93.9316,45.9778
93.9316,45.9778
88.5891,46.2847
88.5891,46.2847
88.5891,46.2847
88.3743,45.4568
88.3743,45.4568
88.3743,45.4568
86.7578,45.8334
86.7578,45.8334
86.7578,45.8334
87.9008,44.7744
87.9008,44.7744
87.9008,44.7744
87.058,44.4251
87.058,44.4251
87.058,44.4251
91.8554,45.3196
91.8554,45.3196
91.8554,45.3196
85.4966,45.3021
85.4966,45.3021
85.4966,45.3021
86.7776,46.355
86.7776,46.355
86.7776,46.355
80.1909,45.8808
80.1909,45.8808
80.1909,45.8808
88.7356,45.719
88.7356,45.719
88.7356,45.719
95.4201,45.5626
95.4201,45.5626
95.4201,45.5626
95.2348,45.9098
95.2348,45.9098
95.2348,45.9098
89.4255,44.2821
89.4255,44.2821
89.4255,44.2821
91.0999,46.18
91.0999,46.18
91.0999,46.18
100.7229,45.2514
100.7229,45.2514
100.7229,45.2514
82.7489,46.0952
82.7489,46.0952
82.7489,46.0952
86.0687,46.3547
86.0687,46.3547
86.0687,46.3547
89.0133,45.6581
89.0133,45.6581
89.0133,45.6581
84.6579,45.394
84.6579,45.394
84.6579,45.394
80.7762,45.2774
80.7762,45.2774
80.7762,45.2774
92.2759,45.624
92.2759,45.624
92.2759,45.624
94.1893,45.9252
94.1893,45.9252
94.1893,45.9252
93.9798,44.4287
93.9798,44.4287
93.9798,44.4287
86.649,43.9713
86.649,43.9713
86.649,43.9713
92.209,45.0566
92.209,45.0566
92.209,45.0566
88.4933,45.3547
88.4933,45.3547
88.4933,45.3547
86.964,46.7217
86.964,46.7217
86.964,46.7217
84.8873,45.2802
84.8873,45.2802
84.8873,45.2802
83.2097,45.1771
83.2097,45.1771
83.2097,45.1771
78.9376,45.2627
78.9376,45.2627
78.9376,45.2627
94.058,45.8819
94.058,45.8819
94.058,45.8819
89.3726,45.5724
89.3726,45.5724
89.3726,45.5724
87.0369,44.5746
87.0369,44.5746
87.0369,44.5746
95.6136,46.2998
95.6136,46.2998
95.6136,46.2998
91.7794,45.6204
91.7794,45.6204
91.7794,45.6204
84.4529,45.7162
84.4529,45.7162
84.4529,45.7162
85.4672,45.8568
85.4672,45.8568
85.4672,45.8568
88.5689,45.2922
88.5689,45.2922
88.5689,45.2922
86.9597,46.6108
86.9597,46.6108
86.9597,46.6108
91.901,45.6385
91.901,45.6385
91.901,45.6385
81.0887,46.0818
81.0887,46.0818
81.0887,46.0818
97.1758,45.1664
97.1758,45.1664
97.1758,45.1664
91.3364,45.2394
91.3364,45.2394
91.3364,45.2394
93.0675,46.4183
93.0675,46.4183
93.0675,46.4183
85.8034,44.0847
85.8034,44.0847
85.8034,44.0847
90.2445,45.4157
90.2445,45.4157
90.2445,45.4157
84.3752,44.7842
84.3752,44.7842
84.3752,44.7842
84.7529,45.5159
84.7529,45.5159
84.7529,45.5159
82.3639,43.9886
82.3639,43.9886
82.3639,43.9886
98.1555,45.6467
98.1555,45.6467
98.1555,45.6467
82.91,44.4844
82.91,44.4844
82.91,44.4844
84.1032,44.6312
84.1032,44.6312
84.1032,44.6312
92.2944,45.7897
92.2944,45.7897
92.2944,45.7897
84.6754,45.9592
84.6754,45.9592
84.6754,45.9592
82.9472,45.21
82.9472,45.21
82.9472,45.21
81.4803,45.6996
81.4803,45.6996
81.4803,45.6996
82.8746,45.1752
82.8746,45.1752
82.8746,45.1752
78.4783,44.8463
78.4783,44.8463
78.4783,44.8463
83.9297,45.0824
83.9297,45.0824
83.9297,45.0824
87.0351,46.26
87.0351,46.26
87.0351,46.26
91.6382,45.7883
91.6382,45.7883
91.6382,45.7883
82.8051,45.6156
82.8051,45.6156
82.8051,45.6156
85.7057,45.6019
85.7057,45.6019
85.7057,45.6019
90.0583,46.4689
90.0583,46.4689
90.0583,46.4689
82.1104,44.8233
82.1104,44.8233
82.1104,44.8233
83.9322,45.5602
83.9322,45.5602
83.9322,45.5602
92.7697,45.0624
92.7697,45.0624
92.7697,45.0624
91.5749,44.4331
91.5749,44.4331
91.5749,44.4331
92.0966,44.9136
92.0966,44.9136
92.0966,44.9136
94.1757,45.5157
94.1757,45.5157
94.1757,45.5157
95.0162,44.4452
95.0162,44.4452
95.0162,44.4452
84.0707,45.3308
84.0707,45.3308
84.0707,45.3308
92.1049,44.9142
92.1049,44.9142
92.1049,44.9142
95.2987,46.504
95.2987,46.504
95.2987,46.504
88.1698,45.0829
88.1698,45.0829
88.1698,45.0829
85.3642,46.4891
85.3642,46.4891
85.3642,46.4891
88.5153,45.3936
88.5153,45.3936
88.5153,45.3936
78.7393,44.8983
78.7393,44.8983
78.7393,44.8983
95.264,45.8237
95.264,45.8237
95.264,45.8237
84.3135,44.6468
84.3135,44.6468
84.3135,44.6468
87.8103,45.4183
87.8103,45.4183
87.8103,45.4183
90.0132,45.9049
90.0132,45.9049
90.0132,45.9049
95.7707,46.817
95.7707,46.817
95.7707,46.817
78.241,44.6615
78.241,44.6615
78.241,44.6615
83.892,46.0647
83.892,46.0647
83.892,46.0647
86.8329,46.2282
86.8329,46.2282
86.8329,46.2282
86.0374,44.6755
86.0374,44.6755
86.0374,44.6755
83.5395,45.7372
83.5395,45.7372
83.5395,45.7372
89.6467,45.9812
89.6467,45.9812
89.6467,45.9812
80.0224,46.0849
80.0224,46.0849
80.0224,46.0849
79.0082,45.7387
79.0082,45.7387
79.0082,45.7387
86.246,45.9068
86.246,45.9068
86.246,45.9068
87.3905,46.6966
87.3905,46.6966
87.3905,46.6966
80.8163,46.5866
80.8163,46.5866
80.8163,46.5866
85.8182,46.7951
85.8182,46.7951
85.8182,46.7951
86.0909,44.7863
86.0909,44.7863
86.0909,44.7863
81.9636,44.4048
81.9636,44.4048
81.9636,44.4048
87.3961,45.7376
87.3961,45.7376
87.3961,45.7376
86.5453,46.1771
86.5453,46.1771
86.5453,46.1771
84.076,44.2873
84.076,44.2873
84.076,44.2873
86.2257,45.758
86.2257,45.758
86.2257,45.758
85.3258,45.636
85.3258,45.636
85.3258,45.636
80.2307,44.9125
80.2307,44.9125
80.2307,44.9125
89.9288,45.3481
89.9288,45.3481
89.9288,45.3481
82.086,46.2824
82.086,46.2824
82.086,46.2824
91.495,44.9196
91.495,44.9196
91.495,44.9196
89.1199,45.7611
89.1199,45.7611
89.1199,45.7611
80.4725,45.8977
80.4725,45.8977
80.4725,45.8977
86.4314,46.2607
86.4314,46.2607
86.4314,46.2607
96.3038,45.0475
96.3038,45.0475
96.3038,45.0475
84.1403,46.1123
84.1403,46.1123
84.1403,46.1123
83.6177,46.9282
83.6177,46.9282
83.6177,46.9282
77.7274,46.5404
77.7274,46.5404
77.7274,46.5404
93.2535,46.2968
93.2535,46.2968
93.2535,46.2968
88.6517,45.7803
88.6517,45.7803
88.6517,45.7803
97.1055,45.7318
97.1055,45.7318
97.1055,45.7318
87.1652,46.0649
87.1652,46.0649
87.1652,46.0649
87.1975,45.1105
87.1975,45.1105
87.1975,45.1105
87.7733,45.0037
87.7733,45.0037
87.7733,45.0037
82.01,45.0521
82.01,45.0521
82.01,45.0521
86.4876,45.6575
86.4876,45.6575
86.4876,45.6575
85.7854,45.4576
85.7854,45.4576
85.7854,45.4576
85.3789,46.4446
85.3789,46.4446
85.3789,46.4446
95.3145,44.9109
95.3145,44.9109
95.3145,44.9109
84.1179,44.2263
84.1179,44.2263
84.1179,44.2263
88.7825,44.3517
88.7825,44.3517
88.7825,44.3517
93.0162,45.1817
93.0162,45.1817
93.0162,45.1817
86.6692,45.5042
86.6692,45.5042
86.6692,45.5042
86.1948,44.7138
86.1948,44.7138
86.1948,44.7138
91.0304,46.7136
91.0304,46.7136
91.0304,46.7136
87.7203,45.9875
87.7203,45.9875
87.7203,45.9875
92.3667,45.6982
92.3667,45.6982
92.3667,45.6982
83.4852,46.1952
83.4852,46.1952
83.4852,46.1952
94.0191,45.477
94.0191,45.477
94.0191,45.477
85.3734,45.8759
85.3734,45.8759
85.3734,45.8759
95.6579,46.5578
95.6579,46.5578
95.6579,46.5578
87.6955,45.8127
87.6955,45.8127
87.6955,45.8127
90.0793,45.0834
90.0793,45.0834
90.0793,45.0834
86.3369,45.063
86.3369,45.063
86.3369,45.063
85.5872,46.2688
85.5872,46.2688
85.5872,46.2688
88.8697,45.3548
88.8697,45.3548
88.8697,45.3548
93.7643,45.2324
93.7643,45.2324
93.7643,45.2324
89.9654,47.2135
89.9654,47.2135
89.9654,47.2135
94.0727,45.2026
94.0727,45.2026
94.0727,45.2026
82.687,44.5403
82.687,44.5403
82.687,44.5403
83.7051,45.8094
83.7051,45.8094
83.7051,45.8094
92.5234,46.0204
92.5234,46.0204
92.5234,46.0204
94.8596,45.0337
94.8596,45.0337
94.8596,45.0337
96.8949,45.9
96.8949,45.9
96.8949,45.9
92.9277,45.9731
92.9277,45.9731
92.9277,45.9731
96.8559,46.0578
96.8559,46.0578
96.8559,46.0578
92.2901,44.4151
92.2901,44.4151
92.2901,44.4151
80.929,45.6612
80.929,45.6612
80.929,45.6612
83.0587,45.1605
83.0587,45.1605
83.0587,45.1605
89.2213,45.1518
89.2213,45.1518
89.2213,45.1518
82.7207,45.8276
82.7207,45.8276
82.7207,45.8276
81.5107,44.1559
81.5107,44.1559
81.5107,44.1559
89.6319,44.6822
89.6319,44.6822
89.6319,44.6822
88.8342,45.3699
88.8342,45.3699
88.8342,45.3699
83.4789,45.4018
83.4789,45.4018
83.4789,45.4018
81.2003,45.8602
81.2003,45.8602
81.2003,45.8602
84.8409,45.339
84.8409,45.339
84.8409,45.339
89.2962,45.2782
89.2962,45.2782
89.2962,45.2782
85.7707,46.913
85.7707,46.913
85.7707,46.913
84.3632,45.3334
84.3632,45.3334
84.3632,45.3334
89.1209,45.5559
89.1209,45.5559
89.1209,45.5559
90.5372,45.7532
90.5372,45.7532
90.5372,45.7532
94.336,44.8733
94.336,44.8733
94.336,44.8733
88.6903,45.25
88.6903,45.25
88.6903,45.25
83.4364,46.1638
83.4364,46.1638
83.4364,46.1638
92.4033,45.4132
92.4033,45.4132
92.4033,45.4132
95.1992,45.2805
95.1992,45.2805
95.1992,45.2805
86.1215,46.2373
86.1215,46.2373
86.1215,46.2373
95.7298,45.9941
95.7298,45.9941
95.7298,45.9941
93.9288,44.9254
93.9288,44.9254
93.9288,44.9254
86.8267,46.0141
86.8267,46.0141
86.8267,46.0141
93.3716,44.8577
93.3716,44.8577
93.3716,44.8577
82.1017,45.7293
82.1017,45.7293
82.1017,45.7293
87.0181,45.1073
87.0181,45.1073
87.0181,45.1073
85.7158,44.4134
85.7158,44.4134
85.7158,44.4134
84.3317,45.676
84.3317,45.676
84.3317,45.676
86.8495,45.7501
86.8495,45.7501
86.8495,45.7501
83.2663,45.333
83.2663,45.333
83.2663,45.333
93.4415,46.3396
93.4415,46.3396
93.4415,46.3396
82.5126,45.2765
82.5126,45.2765
82.5126,45.2765
89.3434,45.5053
89.3434,45.5053
89.3434,45.5053
91.2276,45.4488
91.2276,45.4488
91.2276,45.4488
78.8535,45.102
78.8535,45.102
78.8535,45.102
85.8466,45.7656
85.8466,45.7656
85.8466,45.7656
94.6159,44.8545
94.6159,44.8545
94.6159,44.8545
85.9432,46.0726
85.9432,46.0726
85.9432,46.0726
88.886,45.8793
88.886,45.8793
88.886,45.8793
89.9666,45.7043
89.9666,45.7043
89.9666,45.7043
81.6043,45.0775
81.6043,45.0775
81.6043,45.0775
83.1323,46.4484
83.1323,46.4484
83.1323,46.4484
86.6941,44.6442
86.6941,44.6442
86.6941,44.6442
91.0433,46.3059
91.0433,46.3059
91.0433,46.3059
81.2528,44.9041
81.2528,44.9041
81.2528,44.9041
90.6384,45.2465
90.6384,45.2465
90.6384,45.2465
88.6569,46.8344
88.6569,46.8344
88.6569,46.8344
77.1975,45.0884
77.1975,45.0884
77.1975,45.0884
77.6241,44.134
77.6241,44.134
77.6241,44.134
87.9455,46.1207
87.9455,46.1207
87.9455,46.1207
82.603,45.7824
82.603,45.7824
82.603,45.7824
94.5881,44.659
94.5881,44.659
94.5881,44.659
83.5614,47.1505
83.5614,47.1505
83.5614,47.1505
95.3602,45.8315
95.3602,45.8315
95.3602,45.8315
83.3992,44.4834
83.3992,44.4834
83.3992,44.4834
93.5156,45.3303
93.5156,45.3303
93.5156,45.3303
85.7768,45.4792
85.7768,45.4792
85.7768,45.4792
88.7238,45.1194
88.7238,45.1194
88.7238,45.1194
90.7395,45.8619
90.7395,45.8619
90.7395,45.8619
86.5349,45.4874
86.5349,45.4874
86.5349,45.4874
81.0754,45.1669
81.0754,45.1669
81.0754,45.1669
85.2461,44.8151
85.2461,44.8151
85.2461,44.8151
88.743,44.8077
88.743,44.8077
88.743,44.8077
96.7465,45.7443
96.7465,45.7443
96.7465,45.7443
81.4541,45.0728
81.4541,45.0728
81.4541,45.0728
81.2986,46.3953
81.2986,46.3953
81.2986,46.3953
87.9978,45.3785
87.9978,45.3785
87.9978,45.3785
87.4182,45.6335
87.4182,45.6335
87.4182,45.6335
91.6327,45.8419
91.6327,45.8419
91.6327,45.8419
88.0571,46.8291
88.0571,46.8291
88.0571,46.8291
80.1673,46.3396
80.1673,46.3396
80.1673,46.3396
82.4895,46.513
82.4895,46.513
82.4895,46.513
91.4452,45.8873
91.4452,45.8873
91.4452,45.8873
76.0089,45.7225
76.0089,45.7225
76.0089,45.7225
89.9894,45.1905
89.9894,45.1905
89.9894,45.1905
96.1174,45.1657
96.1174,45.1657
96.1174,45.1657
84.582,45.4658
84.582,45.4658
84.582,45.4658
84.2658,44.8629
84.2658,44.8629
84.2658,44.8629
91.5374,45.9569
91.5374,45.9569
91.5374,45.9569
88.8888,45.2472
88.8888,45.2472
88.8888,45.2472
86.2429,45.7617
86.2429,45.7617
86.2429,45.7617
84.3199,45.9998
84.3199,45.9998
84.3199,45.9998
88.3742,45.7781
88.3742,45.7781
88.3742,45.7781
80.1079,46.33
80.1079,46.33
80.1079,46.33
82.5772,45.3936
82.5772,45.3936
82.5772,45.3936
84.9566,45.2455
84.9566,45.2455
84.9566,45.2455
87.4738,45.7032
87.4738,45.7032
87.4738,45.7032
83.8281,45.1141
83.8281,45.1141
83.8281,45.1141
80.2646,46.0423
80.2646,46.0423
80.2646,46.0423
88.1941,44.7935
88.1941,44.7935
88.1941,44.7935
85.9213,45.3265
85.9213,45.3265
85.9213,45.3265
96.0912,45.6841
96.0912,45.6841
96.0912,45.6841
89.4636,45.0471
89.4636,45.0471
89.4636,45.0471
84.2347,45.4423
84.2347,45.4423
84.2347,45.4423
91.2797,45.8319
91.2797,45.8319
91.2797,45.8319
85.8841,45.0313
85.8841,45.0313
85.8841,45.0313
85.6684,44.6795
85.6684,44.6795
85.6684,44.6795
91.7551,45.0174
91.7551,45.0174
91.7551,45.0174
81.8802,45.1584
81.8802,45.1584
81.8802,45.1584
82.4831,44.7853
82.4831,44.7853
82.4831,44.7853
83.5158,45.8302
83.5158,45.8302
83.5158,45.8302
83.9095,45.1206
83.9095,45.1206
83.9095,45.1206
86.8093,45.5437
86.8093,45.5437
86.8093,45.5437
90.3117,46.7543
90.3117,46.7543
90.3117,46.7543
84.6047,44.995
84.6047,44.995
84.6047,44.995
85.2548,45.4789
85.2548,45.4789
85.2548,45.4789
86.6253,46.1884
86.6253,46.1884
86.6253,46.1884
85.4231,46.6833
85.4231,46.6833
85.4231,46.6833
88.6545,45.1432
88.6545,45.1432
88.6545,45.1432
92.7751,44.8369
92.7751,44.8369
92.7751,44.8369
86.1378,45.2262
86.1378,45.2262
86.1378,45.2262
93.6988,45.4802
93.6988,45.4802
93.6988,45.4802
89.9881,46.9192
89.9881,46.9192
89.9881,46.9192
88.4533,45.9789
88.4533,45.9789
88.4533,45.9789
87.0938,46.1665
87.0938,46.1665
87.0938,46.1665
83.3001,45.3346
83.3001,45.3346
83.3001,45.3346
85.5324,45.5755
85.5324,45.5755
85.5324,45.5755
89.7411,45.7665
89.7411,45.7665
89.7411,45.7665
88.4473,45.0616
88.4473,45.0616
88.4473,45.0616
82.3437,45.0128
82.3437,45.0128
82.3437,45.0128
82.9092,45.9089
82.9092,45.9089
82.9092,45.9089
86.1856,46.4012
86.1856,46.4012
86.1856,46.4012
96.3764,45.6108
96.3764,45.6108
96.3764,45.6108
94.2631,45.0862
94.2631,45.0862
94.2631,45.0862
84.6054,45.2164
84.6054,45.2164
84.6054,45.2164
94.1239,46.6598
94.1239,46.6598
94.1239,46.6598
82.5373,45.6443
82.5373,45.6443
82.5373,45.6443
88.2445,45.4282
88.2445,45.4282
88.2445,45.4282
82.6775,45.6856
82.6775,45.6856
82.6775,45.6856
91.8179,45.5281
91.8179,45.5281
91.8179,45.5281
92.1745,45.6518
92.1745,45.6518
92.1745,45.6518
86.2268,46.147
86.2268,46.147
86.2268,46.147
85.6413,45.7569
85.6413,45.7569
85.6413,45.7569
86.8884,46.1731
86.8884,46.1731
86.8884,46.1731
91.0609,46.1751
91.0609,46.1751
91.0609,46.1751
82.1748,45.1747
82.1748,45.1747
82.1748,45.1747
87.5665,45.8784
87.5665,45.8784
87.5665,45.8784
82.2568,44.399
82.2568,44.399
82.2568,44.399
91.8772,46.6857
91.8772,46.6857
91.8772,46.6857
83.6813,47.3811
83.6813,47.3811
83.6813,47.3811
82.9438,45.2316
82.9438,45.2316
82.9438,45.2316
84.8898,45.2627
84.8898,45.2627
84.8898,45.2627
92.5914,44.7036
92.5914,44.7036
92.5914,44.7036
79.9376,45.4188
79.9376,45.4188
79.9376,45.4188
92.5766,46.3143
92.5766,46.3143
92.5766,46.3143
90.5501,45.8081
90.5501,45.8081
90.5501,45.8081
83.371,46.1517
83.371,46.1517
83.371,46.1517
84.9749,46.0294
84.9749,46.0294
84.9749,46.0294
83.2039,45.1562
83.2039,45.1562
83.2039,45.1562
91.9723,45.3496
91.9723,45.3496
91.9723,45.3496
93.6768,45.1881
93.6768,45.1881
93.6768,45.1881
76.2878,45.3529
76.2878,45.3529
76.2878,45.3529
93.9435,45.5184
93.9435,45.5184
93.9435,45.5184
80.9708,46.145
80.9708,46.145
80.9708,46.145
76.4293,45.8598
76.4293,45.8598
76.4293,45.8598
85.6668,44.782
85.6668,44.782
85.6668,44.782
89.514,45.5336
89.514,45.5336
89.514,45.5336
85.4967,44.0626
85.4967,44.0626
85.4967,44.0626
90.4652,45.1782
90.4652,45.1782
90.4652,45.1782
91.7863,45.0103
91.7863,45.0103
91.7863,45.0103
90.6034,46.2791
90.6034,46.2791
90.6034,46.2791
92.9427,45.5456
92.9427,45.5456
92.9427,45.5456
87.7963,45.5574
87.7963,45.5574
87.7963,45.5574
86.1427,44.7676
86.1427,44.7676
86.1427,44.7676
90.8077,46.4186
90.8077,46.4186
90.8077,46.4186
81.362,45.4091
81.362,45.4091
81.362,45.4091
86.9767,45.6855
86.9767,45.6855
86.9767,45.6855
81.8271,46.0391
81.8271,46.0391
81.8271,46.0391
83.1333,44.8862
83.1333,44.8862
83.1333,44.8862
86.2864,44.0847
86.2864,44.0847
86.2864,44.0847
85.0957,45.5556
85.0957,45.5556
85.0957,45.5556
93.5907,45.1726
93.5907,45.1726
93.5907,45.1726
88.2992,45.8406
88.2992,45.8406
88.2992,45.8406
86.7081,45.2848
86.7081,45.2848
86.7081,45.2848
94.3029,45.3942
94.3029,45.3942
94.3029,45.3942
94.3784,44.9593
94.3784,44.9593
94.3784,44.9593
89.0845,45.6203
89.0845,45.6203
89.0845,45.6203
77.4756,44.158
77.4756,44.158
77.4756,44.158
92.1761,45.7714
92.1761,45.7714
92.1761,45.7714
81.2788,45.7059
81.2788,45.7059
81.2788,45.7059
101.0246,45.6239
101.0246,45.6239
101.0246,45.6239
86.4512,45.3525
86.4512,45.3525
86.4512,45.3525
87.4236,46.4466
87.4236,46.4466
87.4236,46.4466
89.1951,45.2943
89.1951,45.2943
89.1951,45.2943
85.8644,46.2535
85.8644,46.2535
85.8644,46.2535
84.8575,45.6623
84.8575,45.6623
84.8575,45.6623
87.8258,45.5981
87.8258,45.5981
87.8258,45.5981
87.7415,45.1783
87.7415,45.1783
87.7415,45.1783
92.7163,45.044
92.7163,45.044
92.7163,45.044
87.2969,45.2267
87.2969,45.2267
87.2969,45.2267
83.8103,45.5252
83.8103,45.5252
83.8103,45.5252
93.7194,45.3758
93.7194,45.3758
93.7194,45.3758
84.8328,44.9271
84.8328,44.9271
84.8328,44.9271
85.1918,45.8291
85.1918,45.8291
85.1918,45.8291
89.0454,45.3573
89.0454,45.3573
89.0454,45.3573
80.4857,45.732
80.4857,45.732
80.4857,45.732
82.5946,45.7672
82.5946,45.7672
82.5946,45.7672
84.6544,44.8257
84.6544,44.8257
84.6544,44.8257
80.6468,46.2434
80.6468,46.2434
80.6468,46.2434
86.3061,45.5965
86.3061,45.5965
86.3061,45.5965
88.5615,45.3606
88.5615,45.3606
88.5615,45.3606
92.3507,45.3645
92.3507,45.3645
92.3507,45.3645
86.6244,45.3372
86.6244,45.3372
86.6244,45.3372
90.4236,46.0652
90.4236,46.0652
90.4236,46.0652
84.0497,45.4754
84.0497,45.4754
84.0497,45.4754
92.3988,46.2226
92.3988,46.2226
92.3988,46.2226
84.4041,45.4464
84.4041,45.4464
84.4041,45.4464
82.4216,45.7569
82.4216,45.7569
82.4216,45.7569
88.7813,45.6774
88.7813,45.6774
88.7813,45.6774
84.0475,45.5815
84.0475,45.5815
84.0475,45.5815
80.5912,44.9564
80.5912,44.9564
80.5912,44.9564
91.8928,45.3331
91.8928,45.3331
91.8928,45.3331
93.0537,44.6747
93.0537,44.6747
93.0537,44.6747
94.1727,44.9038
94.1727,44.9038
94.1727,44.9038
90.3024,45.7323
90.3024,45.7323
90.3024,45.7323
82.7283,44.4872
82.7283,44.4872
82.7283,44.4872
90.4944,45.497
90.4944,45.497
90.4944,45.497
85.5142,45.9325
85.5142,45.9325
85.5142,45.9325
90.4826,45.4611
90.4826,45.4611
90.4826,45.4611
87.2401,44.9472
87.2401,44.9472
87.2401,44.9472
91.7549,45.6209
91.7549,45.6209
91.7549,45.6209
86.6184,45.5805
86.6184,45.5805
86.6184,45.5805
85.9966,45.8633
85.9966,45.8633
85.9966,45.8633
82.1925,45.6843
82.1925,45.6843
82.1925,45.6843
90.1553,45.9661
90.1553,45.9661
90.1553,45.9661
86.7963,44.7767
86.7963,44.7767
86.7963,44.7767
92.1975,45.6454
92.1975,45.6454
92.1975,45.6454
76.8091,45.6798
76.8091,45.6798
76.8091,45.6798
88.8914,46.276
88.8914,46.276
88.8914,46.276
86.9949,45.3511
86.9949,45.3511
86.9949,45.3511
85.7442,45.7042
85.7442,45.7042
85.7442,45.7042
79.3528,45.3285
79.3528,45.3285
79.3528,45.3285
93.3502,45.3292
93.3502,45.3292
93.3502,45.3292
86.0825,46.0233
86.0825,46.0233
86.0825,46.0233
87.635,46.7702
87.635,46.7702
87.635,46.7702
85.7862,45.0037
85.7862,45.0037
85.7862,45.0037
83.7788,45.6649
83.7788,45.6649
83.7788,45.6649
87.095,45.9496
87.095,45.9496
87.095,45.9496
83.106,45.3385
83.106,45.3385
83.106,45.3385
81.7693,46.4175
81.7693,46.4175
81.7693,46.4175
86.1378,47.091
86.1378,47.091
86.1378,47.091
94.3858,45.3909
94.3858,45.3909
94.3858,45.3909
88.1413,46.4325
88.1413,46.4325
88.1413,46.4325
91.9757,44.9282
91.9757,44.9282
91.9757,44.9282
85.6566,45.0985
85.6566,45.0985
85.6566,45.0985
88.3538,47.1362
88.3538,47.1362
88.3538,47.1362
89.611,45.5545
89.611,45.5545
89.611,45.5545
86.5617,46.4921
86.5617,46.4921
86.5617,46.4921
77.9136,45.325
77.9136,45.325
77.9136,45.325
86.9961,45.1473
86.9961,45.1473
86.9961,45.1473
86.0481,45.9341
86.0481,45.9341
86.0481,45.9341
86.8594,46.5091
86.8594,46.5091
86.8594,46.5091
91.5343,45.1251
91.5343,45.1251
91.5343,45.1251
87.8282,45.5122
87.8282,45.5122
87.8282,45.5122
88.0863,45.9672
88.0863,45.9672
88.0863,45.9672
87.499,45.1946
87.499,45.1946
87.499,45.1946
87.9801,46.0783
87.9801,46.0783
87.9801,46.0783
89.6594,44.7558
89.6594,44.7558
89.6594,44.7558
92.5268,45.5409
92.5268,45.5409
92.5268,45.5409
86.8793,45.5554
86.8793,45.5554
86.8793,45.5554
97.3457,45.2167
97.3457,45.2167
97.3457,45.2167
93.1519,43.8077
93.1519,43.8077
93.1519,43.8077
92.9625,45.1195
92.9625,45.1195
92.9625,45.1195
86.3447,46.3426
86.3447,46.3426
86.3447,46.3426
93.8538,45.3737
93.8538,45.3737
93.8538,45.3737
85.5783,45.6735
85.5783,45.6735
85.5783,45.6735
88.1675,44.9487
88.1675,44.9487
88.1675,44.9487
86.7966,46.3123
86.7966,46.3123
86.7966,46.3123
84.1707,45.6404
84.1707,45.6404
84.1707,45.6404
89.6454,46.6243
89.6454,46.6243
89.6454,46.6243
85.2513,45.1924
85.2513,45.1924
85.2513,45.1924
89.0317,45.5035
89.0317,45.5035
89.0317,45.5035
85.7087,45.3087
85.7087,45.3087
85.7087,45.3087
80.4865,45.6569
80.4865,45.6569
80.4865,45.6569
94.6877,46.0904
94.6877,46.0904
94.6877,46.0904
90.3481,45.7562
90.3481,45.7562
90.3481,45.7562
94.2623,45.0664
94.2623,45.0664
94.2623,45.0664
83.4877,45.1965
83.4877,45.1965
83.4877,45.1965
82.7456,44.1937
82.7456,44.1937
82.7456,44.1937
92.8976,46.2947
92.8976,46.2947
92.8976,46.2947
94.2379,45.0918
94.2379,45.0918
94.2379,45.0918
87.239,46.316
87.239,46.316
87.239,46.316
78.0703,46.3474
78.0703,46.3474
78.0703,46.3474
83.4496,47.2732
83.4496,47.2732
83.4496,47.2732
90.0911,45.1574
90.0911,45.1574
90.0911,45.1574
82.2574,46.0069
82.2574,46.0069
82.2574,46.0069
87.8607,46.0681
87.8607,46.0681
87.8607,46.0681
88.767,45.9378
88.767,45.9378
88.767,45.9378
84.6125,44.1264
84.6125,44.1264
84.6125,44.1264
88.6776,45.8606
88.6776,45.8606
88.6776,45.8606
87.9655,45.415
87.9655,45.415
87.9655,45.415
91.9638,46.2954
91.9638,46.2954
91.9638,46.2954
88.6398,45.4532
88.6398,45.4532
88.6398,45.4532
84.5825,46.4943
84.5825,46.4943
84.5825,46.4943
94.7894,45.0333
94.7894,45.0333
94.7894,45.0333
80.1602,45.2809
80.1602,45.2809
80.1602,45.2809
83.5978,45.7448
83.5978,45.7448
83.5978,45.7448
89.7092,46.2045
89.7092,46.2045
89.7092,46.2045
96.2142,44.899
96.2142,44.899
96.2142,44.899
83.5204,45.3921
83.5204,45.3921
83.5204,45.3921
94.6691,46.5014
94.6691,46.5014
94.6691,46.5014
89.4926,46.0293
89.4926,46.0293
89.4926,46.0293
94.8272,45.3673
94.8272,45.3673
94.8272,45.3673
84.882,44.96
84.882,44.96
84.882,44.96
84.2103,45.1842
84.2103,45.1842
84.2103,45.1842
84.333,44.0043
84.333,44.0043
84.333,44.0043
85.0797,44.5311
85.0797,44.5311
85.0797,44.5311
87.5532,46.0287
87.5532,46.0287
87.5532,46.0287
83.147,45.5061
83.147,45.5061
83.147,45.5061
85.8319,44.7168
85.8319,44.7168
85.8319,44.7168
89.1851,44.4848
89.1851,44.4848
89.1851,44.4848
85.0242,45.6486
85.0242,45.6486
85.0242,45.6486
89.0107,45.7798
89.0107,45.7798
89.0107,45.7798
92.1523,45.8207
92.1523,45.8207
92.1523,45.8207
81.3447,44.6877
81.3447,44.6877
81.3447,44.6877
89.8673,46.1475
89.8673,46.1475
89.8673,46.1475
85.5413,46.7052
85.5413,46.7052
85.5413,46.7052
76.254,46.39
76.254,46.39
76.254,46.39
89.9997,45.9314
89.9997,45.9314
89.9997,45.9314
78.2032,46.0615
78.2032,46.0615
78.2032,46.0615
81.7298,44.8257
81.7298,44.8257
81.7298,44.8257
94.7118,44.7682
94.7118,44.7682
94.7118,44.7682
83.7171,46.421
83.7171,46.421
83.7171,46.421
85.7513,45.4494
85.7513,45.4494
85.7513,45.4494
82.3714,45.2806
82.3714,45.2806
82.3714,45.2806
84.1952,46.1094
84.1952,46.1094
84.1952,46.1094
96.5814,45.199
96.5814,45.199
96.5814,45.199
83.2447,46.3002
83.2447,46.3002
83.2447,46.3002
82.1494,45.0901
82.1494,45.0901
82.1494,45.0901
93.2538,45.487
93.2538,45.487
93.2538,45.487
90.291,46.2037
90.291,46.2037
90.291,46.2037
81.2363,45.5522
81.2363,45.5522
81.2363,45.5522
82.4202,46.1643
82.4202,46.1643
82.4202,46.1643
86.5951,44.8714
86.5951,44.8714
86.5951,44.8714
92.4581,45.983
92.4581,45.983
92.4581,45.983
85.947,46.8189
85.947,46.8189
85.947,46.8189
86.2074,45.9649
86.2074,45.9649
86.2074,45.9649
81.2665,45.1429
81.2665,45.1429
81.2665,45.1429
89.1874,45.0862
89.1874,45.0862
89.1874,45.0862
84.1954,44.6443
84.1954,44.6443
84.1954,44.6443
89.1862,45.4627
89.1862,45.4627
89.1862,45.4627
83.423,44.41
83.423,44.41
83.423,44.41
90.0866,45.6364
90.0866,45.6364
90.0866,45.6364
83.6776,46.1753
83.6776,46.1753
83.6776,46.1753
81.5999,46.5975
81.5999,46.5975
81.5999,46.5975
91.4592,46.2362
91.4592,46.2362
91.4592,46.2362
90.7233,44.9259
90.7233,44.9259
90.7233,44.9259
85.1219,46.1417
85.1219,46.1417
85.1219,46.1417
94.1442,46.3226
94.1442,46.3226
94.1442,46.3226
93.4479,44.5391
93.4479,44.5391
93.4479,44.5391
88.0397,45.4611
88.0397,45.4611
88.0397,45.4611
86.2369,45.6829
86.2369,45.6829
86.2369,45.6829
84.6929,45.3971
84.6929,45.3971
84.6929,45.3971
92.039,45.9122
92.039,45.9122
92.039,45.9122
78.8932,46.1848
78.8932,46.1848
78.8932,46.1848
92.4807,45.1209
92.4807,45.1209
92.4807,45.1209
87.4857,44.2731
87.4857,44.2731
87.4857,44.2731
81.0257,44.9358
81.0257,44.9358
81.0257,44.9358
86.8882,46.1514
86.8882,46.1514
86.8882,46.1514
85.3164,45.4667
85.3164,45.4667
85.3164,45.4667
90.0372,45.8744
90.0372,45.8744
90.0372,45.8744
92.9939,45.7026
92.9939,45.7026
92.9939,45.7026
94.7357,45.4429
94.7357,45.4429
94.7357,45.4429
88.3823,44.9707
88.3823,44.9707
88.3823,44.9707
82.379,44.876
82.379,44.876
82.379,44.876
94.0351,44.9402
94.0351,44.9402
94.0351,44.9402
90.7459,45.7224
90.7459,45.7224
90.7459,45.7224
93.9908,45.2725
93.9908,45.2725
93.9908,45.2725
95.0646,45.7146
95.0646,45.7146
95.0646,45.7146
88.9413,45.0499
88.9413,45.0499
88.9413,45.0499
94.5395,46.0835
94.5395,46.0835
94.5395,46.0835
85.1608,45.5334
85.1608,45.5334
85.1608,45.5334
80.56,45.5121
80.56,45.5121
80.56,45.5121
78.7965,45.325
78.7965,45.325
78.7965,45.325
83.4041,45.5122
83.4041,45.5122
83.4041,45.5122
92.358,45.2167
92.358,45.2167
92.358,45.2167
92.0215,46.4522
92.0215,46.4522
92.0215,46.4522
90.5699,45.9846
90.5699,45.9846
90.5699,45.9846
87.9013,45.5376
87.9013,45.5376
87.9013,45.5376
87.5477,45.5086
87.5477,45.5086
87.5477,45.5086
82.0005,46.8589
82.0005,46.8589
82.0005,46.8589
80.1892,45.1999
80.1892,45.1999
80.1892,45.1999
88.5186,44.8999
88.5186,44.8999
88.5186,44.8999
84.7452,45.1418
84.7452,45.1418
84.7452,45.1418
92.7999,45.7394
92.7999,45.7394
92.7999,45.7394
85.7168,44.6166
85.7168,44.6166
85.7168,44.6166
87.8515,44.8814
87.8515,44.8814
87.8515,44.8814
89.3677,46.9234
89.3677,46.9234
89.3677,46.9234
90.0336,45.263
90.0336,45.263
90.0336,45.263
73.5389,46.599
73.5389,46.599
73.5389,46.599
85.3449,46.2591
85.3449,46.2591
85.3449,46.2591
95.2109,45.0773
95.2109,45.0773
95.2109,45.0773
83.4833,45.4394
83.4833,45.4394
83.4833,45.4394
90.9036,45.3555
90.9036,45.3555
90.9036,45.3555
89.232,45.1933
89.232,45.1933
89.232,45.1933
91.8315,44.76
91.8315,44.76
91.8315,44.76
78.8451,44.2797
78.8451,44.2797
78.8451,44.2797
93.7584,45.6201
93.7584,45.6201
93.7584,45.6201
85.1331,45.0549
85.1331,45.0549
85.1331,45.0549
81.4886,45.4171
81.4886,45.4171
81.4886,45.4171
95.7146,45.1222
95.7146,45.1222
95.7146,45.1222
89.2153,44.2976
89.2153,44.2976
89.2153,44.2976
93.6663,45.4966
93.6663,45.4966
93.6663,45.4966
83.059,46.947
83.059,46.947
83.059,46.947
84.7392,45.9303
84.7392,45.9303
84.7392,45.9303
92.3655,45.0431
92.3655,45.0431
92.3655,45.0431
87.1461,45.6964
87.1461,45.6964
87.1461,45.6964
88.3332,44.7858
88.3332,44.7858
88.3332,44.7858
73.513,45.4048
73.513,45.4048
73.513,45.4048
87.8474,44.9189
87.8474,44.9189
87.8474,44.9189
91.7029,46.3749
91.7029,46.3749
91.7029,46.3749
88.2852,45.3072
88.2852,45.3072
88.2852,45.3072
86.8449,45.4594
86.8449,45.4594
86.8449,45.4594
83.0928,45.6962
83.0928,45.6962
83.0928,45.6962
88.2522,47.0498
88.2522,47.0498
88.2522,47.0498
87.0998,45.1637
87.0998,45.1637
87.0998,45.1637
85.5376,45.5213
85.5376,45.5213
85.5376,45.5213
94.8389,45.3235
94.8389,45.3235
94.8389,45.3235
82.6433,44.4062
82.6433,44.4062
82.6433,44.4062
87.625,45.1686
87.625,45.1686
87.625,45.1686
86.1746,45.8119
86.1746,45.8119
86.1746,45.8119
89.8075,44.7469
89.8075,44.7469
89.8075,44.7469
92.3894,45.8912
92.3894,45.8912
92.3894,45.8912
89.1765,45.5063
89.1765,45.5063
89.1765,45.5063
89.2827,46.3294
89.2827,46.3294
89.2827,46.3294
93.5075,45.4849
93.5075,45.4849
93.5075,45.4849
85.2604,45.0133
85.2604,45.0133
85.2604,45.0133
79.8082,45.7012
79.8082,45.7012
79.8082,45.7012
85.1964,45.5825
85.1964,45.5825
85.1964,45.5825
87.1955,45.5156
87.1955,45.5156
87.1955,45.5156
85.9845,46.6036
85.9845,46.6036
85.9845,46.6036
84.6612,45.4025
84.6612,45.4025
84.6612,45.4025
91.3138,45.3238
91.3138,45.3238
91.3138,45.3238
93.8165,45.7769
93.8165,45.7769
93.8165,45.7769
93.7191,45.3019
93.7191,45.3019
93.7191,45.3019
75.0397,46.0258
75.0397,46.0258
75.0397,46.0258
89.2728,45.0668
89.2728,45.0668
89.2728,45.0668
87.3179,46.0445
87.3179,46.0445
87.3179,46.0445
82.3403,46.0546
82.3403,46.0546
82.3403,46.0546
85.8045,45.3084
85.8045,45.3084
85.8045,45.3084
88.8512,45.1165
88.8512,45.1165
88.8512,45.1165
85.1638,45.188
85.1638,45.188
85.1638,45.188
88.6464,45.6401
88.6464,45.6401
88.6464,45.6401
83.9882,46.2621
83.9882,46.2621
83.9882,46.2621
83.3394,46.0388
83.3394,46.0388
83.3394,46.0388
79.2021,45.6964
79.2021,45.6964
79.2021,45.6964
91.1034,45.01
91.1034,45.01
91.1034,45.01
88.3324,46.5006
88.3324,46.5006
88.3324,46.5006
82.0426,45.7105
82.0426,45.7105
82.0426,45.7105
87.2697,45.2444
87.2697,45.2444
87.2697,45.2444
86.2637,45.846
86.2637,45.846
86.2637,45.846
80.0169,46.7362
80.0169,46.7362
80.0169,46.7362
86.1927,45.8829
86.1927,45.8829
86.1927,45.8829
95.1299,46.4943
95.1299,46.4943
95.1299,46.4943
84.4717,45.4928
84.4717,45.4928
84.4717,45.4928
89.094,46.1099
89.094,46.1099
89.094,46.1099
82.533,45.3221
82.533,45.3221
82.533,45.3221
84.4372,44.9736
84.4372,44.9736
84.4372,44.9736
80.161,45.5619
80.161,45.5619
80.161,45.5619
86.2869,47.1277
86.2869,47.1277
86.2869,47.1277
89.4183,44.8974
89.4183,44.8974
89.4183,44.8974
82.2664,46.0828
82.2664,46.0828
82.2664,46.0828
90.167,45.098
90.167,45.098
90.167,45.098
73.0071,45.8862
73.0071,45.8862
73.0071,45.8862
81.9771,45.3042
81.9771,45.3042
81.9771,45.3042
81.0252,45.851
81.0252,45.851
81.0252,45.851
88.551,45.2864
88.551,45.2864
88.551,45.2864
84.7644,46.8496
84.7644,46.8496
84.7644,46.8496
85.615,46.4568
85.615,46.4568
85.615,46.4568
91.6248,46.0604
91.6248,46.0604
91.6248,46.0604
89.564,45.3145
89.564,45.3145
89.564,45.3145
89.4525,45.9388
89.4525,45.9388
89.4525,45.9388
81.5184,44.8843
81.5184,44.8843
81.5184,44.8843
82.3026,44.0687
82.3026,44.0687
82.3026,44.0687
85.0778,45.4756
85.0778,45.4756
85.0778,45.4756
83.5986,45.5167
83.5986,45.5167
83.5986,45.5167
87.227,46.5988
87.227,46.5988
87.227,46.5988
87.066,44.9618
87.066,44.9618
87.066,44.9618
78.4152,44.416
78.4152,44.416
78.4152,44.416
83.3464,45.8272
83.3464,45.8272
83.3464,45.8272
93.8224,44.5009
93.8224,44.5009
93.8224,44.5009
83.1185,46.0929
83.1185,46.0929
83.1185,46.0929
85.8537,44.6606
85.8537,44.6606
85.8537,44.6606
89.3987,44.5839
89.3987,44.5839
89.3987,44.5839
82.4522,45.0369
82.4522,45.0369
82.4522,45.0369
83.4145,45.7048
83.4145,45.7048
83.4145,45.7048
98.795,46.5883
98.795,46.5883
98.795,46.5883
84.2125,44.9708
84.2125,44.9708
84.2125,44.9708
90.6265,44.6391
90.6265,44.6391
90.6265,44.6391
84.2463,45.8933
84.2463,45.8933
84.2463,45.8933
91.4097,44.7192
91.4097,44.7192
91.4097,44.7192
81.881,45.3418
81.881,45.3418
81.881,45.3418
91.7723,44.8076
91.7723,44.8076
91.7723,44.8076
89.5092,44.3761
89.5092,44.3761
89.5092,44.3761
81.5562,46.2326
81.5562,46.2326
81.5562,46.2326
96.3282,45.4088
96.3282,45.4088
96.3282,45.4088
84.677,46.2019
84.677,46.2019
84.677,46.2019
81.6315,45.6988
81.6315,45.6988
81.6315,45.6988
90.7599,45.8404
90.7599,45.8404
90.7599,45.8404
86.5029,45.7252
86.5029,45.7252
86.5029,45.7252
82.3293,46.2327
82.3293,46.2327
82.3293,46.2327
89.582,46.7687
89.582,46.7687
89.582,46.7687
86.2095,45.3781
86.2095,45.3781
86.2095,45.3781
89.0335,45.9539
89.0335,45.9539
89.0335,45.9539
79.8125,45.4718
79.8125,45.4718
79.8125,45.4718
84.8777,45.5475
84.8777,45.5475
84.8777,45.5475
87.65,46.4448
87.65,46.4448
87.65,46.4448
92.3207,45.0172
92.3207,45.0172
92.3207,45.0172
87.5745,45.7859
87.5745,45.7859
87.5745,45.7859
87.4575,46.3479
87.4575,46.3479
87.4575,46.3479
91.2306,45.4651
91.2306,45.4651
91.2306,45.4651
92.7836,45.8085
92.7836,45.8085
92.7836,45.8085
87.9369,45.8379
87.9369,45.8379
87.9369,45.8379
93.3015,46.096
93.3015,46.096
93.3015,46.096
90.2341,46.2116
90.2341,46.2116
90.2341,46.2116
92.6784,45.3586
92.6784,45.3586
92.6784,45.3586
88.5647,45.1585
88.5647,45.1585
88.5647,45.1585
86.8819,45.0525
86.8819,45.0525
86.8819,45.0525
81.2718,45.164
81.2718,45.164
81.2718,45.164
97.5269,44.9905
97.5269,44.9905
97.5269,44.9905
87.4469,45.7155
87.4469,45.7155
87.4469,45.7155
88.6215,45.9456
88.6215,45.9456
88.6215,45.9456
90.3438,46.8819
90.3438,46.8819
90.3438,46.8819
83.5356,46.0027
83.5356,46.0027
83.5356,46.0027
82.7175,45.3751
82.7175,45.3751
82.7175,45.3751
87.6136,45.4243
87.6136,45.4243
87.6136,45.4243
84.6136,45.3205
84.6136,45.3205
84.6136,45.3205
87.2844,46.8916
87.2844,46.8916
87.2844,46.8916
80.3501,45.9518
80.3501,45.9518
80.3501,45.9518
81.7836,46.2575
81.7836,46.2575
81.7836,46.2575
93.9409,46.3271
93.9409,46.3271
93.9409,46.3271
93.9055,45.5148
93.9055,45.5148
93.9055,45.5148
85.8448,45.1041
85.8448,45.1041
85.8448,45.1041
94.1337,46.2175
94.1337,46.2175
94.1337,46.2175
79.2161,43.9588
79.2161,43.9588
79.2161,43.9588
94.9118,45.1639
94.9118,45.1639
94.9118,45.1639
92.5865,46.5671
92.5865,46.5671
92.5865,46.5671
86.5423,44.6972
86.5423,44.6972
86.5423,44.6972
89.7887,45.8068
89.7887,45.8068
89.7887,45.8068
85.5666,45.2963
85.5666,45.2963
85.5666,45.2963
88.392,44.902
88.392,44.902
88.392,44.902
78.1233,45.0007
78.1233,45.0007
78.1233,45.0007
92.8219,45.2984
92.8219,45.2984
92.8219,45.2984
84.0959,45.91
84.0959,45.91
84.0959,45.91
88.981,46.3182
88.981,46.3182
88.981,46.3182
87.6976,46.347
87.6976,46.347
87.6976,46.347
90.8917,45.4951
90.8917,45.4951
90.8917,45.4951
86.6243,44.7557
86.6243,44.7557
86.6243,44.7557
87.2976,45.4445
87.2976,45.4445
87.2976,45.4445
86.0207,44.707
86.0207,44.707
86.0207,44.707
87.4658,45.8253
87.4658,45.8253
87.4658,45.8253
84.1525,45.9444
84.1525,45.9444
84.1525,45.9444
87.9178,45.031
87.9178,45.031
87.9178,45.031
86.7442,45.3991
86.7442,45.3991
86.7442,45.3991
91.703,45.0756
91.703,45.0756
91.703,45.0756
92.0387,45.0222
92.0387,45.0222
92.0387,45.0222
84.9197,45.8847
84.9197,45.8847
84.9197,45.8847
83.0764,45.1902
83.0764,45.1902
83.0764,45.1902
92.7961,45.2747
92.7961,45.2747
92.7961,45.2747
83.9902,45.6198
83.9902,45.6198
83.9902,45.6198
81.7381,46.4406
81.7381,46.4406
81.7381,46.4406
90.9333,45.332
90.9333,45.332
90.9333,45.332
84.5757,44.7799
84.5757,44.7799
84.5757,44.7799
91.5297,45.6535
91.5297,45.6535
91.5297,45.6535
82.2905,45.119
82.2905,45.119
82.2905,45.119
89.5419,46.469
89.5419,46.469
89.5419,46.469
87.3173,45.1105
87.3173,45.1105
87.3173,45.1105
79.6152,44.5294
79.6152,44.5294
79.6152,44.5294
80.3035,45.7665
80.3035,45.7665
80.3035,45.7665
97.6589,45.1374
97.6589,45.1374
97.6589,45.1374
86.3252,45.5587
86.3252,45.5587
86.3252,45.5587
75.6746,46.2056
75.6746,46.2056
75.6746,46.2056
87.3669,44.4016
87.3669,44.4016
87.3669,44.4016
87.5754,45.3608
87.5754,45.3608
87.5754,45.3608
83.0093,45.245
83.0093,45.245
83.0093,45.245
87.8882,45.2775
87.8882,45.2775
87.8882,45.2775
84.228,44.5086
84.228,44.5086
84.228,44.5086
89.1371,45.9606
89.1371,45.9606
89.1371,45.9606
80.4237,45.1152
80.4237,45.1152
80.4237,45.1152
84.0875,46.0137
84.0875,46.0137
84.0875,46.0137
91.7283,44.4547
91.7283,44.4547
91.7283,44.4547
91.4611,45.016
91.4611,45.016
91.4611,45.016
93.0062,45.463
93.0062,45.463
93.0062,45.463
90.3462,45.8573
90.3462,45.8573
90.3462,45.8573
82.4474,45.5431
82.4474,45.5431
82.4474,45.5431
83.7178,45.5394
83.7178,45.5394
83.7178,45.5394
82.9116,46.6948
82.9116,46.6948
82.9116,46.6948
79.9224,45.4994
79.9224,45.4994
79.9224,45.4994
90.7586,46.6502
90.7586,46.6502
90.7586,46.6502
91.0734,44.7883
91.0734,44.7883
91.0734,44.7883
83.4096,45.9813
83.4096,45.9813
83.4096,45.9813
92.1898,45.8246
92.1898,45.8246
92.1898,45.8246
85.6079,45.8963
85.6079,45.8963
85.6079,45.8963
81.9998,45.7647
81.9998,45.7647
81.9998,45.7647
81.6264,45.5828
81.6264,45.5828
81.6264,45.5828
85.3881,46.4437
85.3881,46.4437
85.3881,46.4437
84.5477,46.4557
84.5477,46.4557
84.5477,46.4557
88.8,45.3434
88.8,45.3434
88.8,45.3434
85.0162,46.1713
85.0162,46.1713
85.0162,46.1713
85.0339,45.2349
85.0339,45.2349
85.0339,45.2349
88.7587,46.4531
88.7587,46.4531
88.7587,46.4531
76.1167,45.5078
76.1167,45.5078
76.1167,45.5078
84.1888,45.1338
84.1888,45.1338
84.1888,45.1338
82.0271,46.265
82.0271,46.265
82.0271,46.265
94.7525,45.7404
94.7525,45.7404
94.7525,45.7404
80.0679,46.0605
80.0679,46.0605
80.0679,46.0605
90.1468,45.4442
90.1468,45.4442
90.1468,45.4442
87.6437,45.0903
87.6437,45.0903
87.6437,45.0903
92.3563,45.3853
92.3563,45.3853
92.3563,45.3853
83.6856,44.2145
83.6856,44.2145
83.6856,44.2145
86.8508,45.4114
86.8508,45.4114
86.8508,45.4114
95.706,45.8499
95.706,45.8499
95.706,45.8499
89.3241,45.7343
89.3241,45.7343
89.3241,45.7343
89.2225,44.6973
89.2225,44.6973
89.2225,44.6973
89.2655,45.06
89.2655,45.06
89.2655,45.06
88.3372,45.0716
88.3372,45.0716
88.3372,45.0716
91.6194,44.8592
91.6194,44.8592
91.6194,44.8592
96.9488,45.9543
96.9488,45.9543
96.9488,45.9543
80.1928,46.6683
80.1928,46.6683
80.1928,46.6683
84.0232,45.1366
84.0232,45.1366
84.0232,45.1366
82.466,46.9328
82.466,46.9328
82.466,46.9328
88.2426,44.8769
88.2426,44.8769
88.2426,44.8769
94.0061,45.2814
94.0061,45.2814
94.0061,45.2814
85.674,45.3841
85.674,45.3841
85.674,45.3841
85.4511,45.5953
85.4511,45.5953
85.4511,45.5953
89.1823,46.6428
89.1823,46.6428
89.1823,46.6428
82.7293,44.4763
82.7293,44.4763
82.7293,44.4763
81.5286,45.8517
81.5286,45.8517
81.5286,45.8517
87.45,46.0337
87.45,46.0337
87.45,46.0337
86.1303,45.871
86.1303,45.871
86.1303,45.871
83.591,44.6688
83.591,44.6688
83.591,44.6688
80.2526,44.8478
80.2526,44.8478
80.2526,44.8478
82.8132,44.7915
82.8132,44.7915
82.8132,44.7915
82.374,45.6966
82.374,45.6966
82.374,45.6966
85.4662,45.8526
85.4662,45.8526
85.4662,45.8526
90.2594,44.2762
90.2594,44.2762
90.2594,44.2762
87.4678,45.7507
87.4678,45.7507
87.4678,45.7507
95.1521,44.8208
95.1521,44.8208
95.1521,44.8208
88.1843,45.7735
88.1843,45.7735
88.1843,45.7735
84.3178,45.7921
84.3178,45.7921
84.3178,45.7921
82.8006,45.6586
82.8006,45.6586
82.8006,45.6586
81.2921,45.9349
81.2921,45.9349
81.2921,45.9349
87.1932,45.4219
87.1932,45.4219
87.1932,45.4219
83.969,45.1072
83.969,45.1072
83.969,45.1072
89.31,44.8981
89.31,44.8981
89.31,44.8981
81.3021,45.7877
81.3021,45.7877
81.3021,45.7877
87.6503,45.1936
87.6503,45.1936
87.6503,45.1936
88.8842,46.1437
88.8842,46.1437
88.8842,46.1437
92.1131,45.6666
92.1131,45.6666
92.1131,45.6666
86.507,45.3085
86.507,45.3085
86.507,45.3085
83.5101,45.3036
83.5101,45.3036
83.5101,45.3036
84.4518,46.1313
84.4518,46.1313
84.4518,46.1313
89.4972,45.6559
89.4972,45.6559
89.4972,45.6559
96.2625,44.9489
96.2625,44.9489
96.2625,44.9489
84.3849,45.4488
84.3849,45.4488
84.3849,45.4488
89.488,44.6037
89.488,44.6037
89.488,44.6037
88.132,45.5563
88.132,45.5563
88.132,45.5563
79.7362,45.4155
79.7362,45.4155
79.7362,45.4155
90.4677,46.218
90.4677,46.218
90.4677,46.218
85.1554,45.4112
85.1554,45.4112
85.1554,45.4112
86.9279,46.1177
86.9279,46.1177
86.9279,46.1177
91.9272,44.2873
91.9272,44.2873
91.9272,44.2873
78.0869,45.3197
78.0869,45.3197
78.0869,45.3197
96.5389,46.7548
96.5389,46.7548
96.5389,46.7548
86.8729,44.8991
86.8729,44.8991
86.8729,44.8991
85.1955,45.7096
85.1955,45.7096
85.1955,45.7096
89.9382,45.8766
89.9382,45.8766
89.9382,45.8766
89.9579,44.7597
89.9579,44.7597
89.9579,44.7597
85.5404,45.6275
85.5404,45.6275
85.5404,45.6275
87.118,44.9737
87.118,44.9737
87.118,44.9737
79.8469,46.1357
79.8469,46.1357
79.8469,46.1357
85.8229,45.6357
85.8229,45.6357
85.8229,45.6357
87.0779,43.631
87.0779,43.631
87.0779,43.631
85.3034,45.529
85.3034,45.529
85.3034,45.529
91.0811,46.2971
91.0811,46.2971
91.0811,46.2971
93.1448,45.6265
93.1448,45.6265
93.1448,45.6265
87.6031,45.7839
87.6031,45.7839
87.6031,45.7839
88.163,45.9279
88.163,45.9279
88.163,45.9279
89.3543,46.1482
89.3543,46.1482
89.3543,46.1482
86.5908,45.3907
86.5908,45.3907
86.5908,45.3907
91.7865,45.2736
91.7865,45.2736
91.7865,45.2736
88.0991,45.3856
88.0991,45.3856
88.0991,45.3856
93.3747,44.9478
93.3747,44.9478
93.3747,44.9478
91.4711,44.5191
91.4711,44.5191
91.4711,44.5191
90.6305,45.0835
90.6305,45.0835
90.6305,45.0835
92.469,44.9677
92.469,44.9677
92.469,44.9677
91.8739,45.7851
91.8739,45.7851
91.8739,45.7851
83.3626,45.6263
83.3626,45.6263
83.3626,45.6263
89.933,46.0773
89.933,46.0773
89.933,46.0773
89.5456,46.21
89.5456,46.21
89.5456,46.21
84.4155,45.2138
84.4155,45.2138
84.4155,45.2138
85.6116,45.6661
85.6116,45.6661
85.6116,45.6661
79.6082,45.483
79.6082,45.483
79.6082,45.483
101.2071,45.7351
101.2071,45.7351
101.2071,45.7351
89.0093,47.3368
89.0093,47.3368
89.0093,47.3368
85.5191,44.7852
85.5191,44.7852
85.5191,44.7852
81.643,46.2098
81.643,46.2098
81.643,46.2098
85.4627,45.1837
85.4627,45.1837
85.4627,45.1837
92.379,44.8265
92.379,44.8265
92.379,44.8265
87.8003,45.1118
87.8003,45.1118
87.8003,45.1118
84.3848,45.5228
84.3848,45.5228
84.3848,45.5228
90.6458,45.4068
90.6458,45.4068
90.6458,45.4068
83.9836,45.1227
83.9836,45.1227
83.9836,45.1227
88.8359,45.5297
88.8359,45.5297
88.8359,45.5297
84.7025,46.1082
84.7025,46.1082
84.7025,46.1082
87.3682,45.4654
87.3682,45.4654
87.3682,45.4654
90.7544,46.0334
90.7544,46.0334
90.7544,46.0334
99.0773,46.3522
99.0773,46.3522
99.0773,46.3522
81.5497,45.5965
81.5497,45.5965
81.5497,45.5965
86.3729,46.1365
86.3729,46.1365
86.3729,46.1365
99.4687,44.8391
99.4687,44.8391
99.4687,44.8391
83.7604,45.7344
83.7604,45.7344
83.7604,45.7344
87.0462,45.8586
87.0462,45.8586
87.0462,45.8586
86.5399,45.5683
86.5399,45.5683
86.5399,45.5683
91.5396,45.5024
91.5396,45.5024
91.5396,45.5024
77.4155,44.9022
77.4155,44.9022
77.4155,44.9022
83.0768,45.0878
83.0768,45.0878
83.0768,45.0878
95.4162,45.5783
95.4162,45.5783
95.4162,45.5783
91.008,45.2668
91.008,45.2668
91.008,45.2668
76.9155,46.6628
76.9155,46.6628
76.9155,46.6628
82.8112,45.6247
82.8112,45.6247
82.8112,45.6247
94.6464,45.9572
94.6464,45.9572
94.6464,45.9572
90.4254,45.1145
90.4254,45.1145
90.4254,45.1145
87.8152,45.3433
87.8152,45.3433
87.8152,45.3433
81.2216,44.2173
81.2216,44.2173
81.2216,44.2173
88.3611,45.9566
88.3611,45.9566
88.3611,45.9566
87.3623,44.8701
87.3623,44.8701
87.3623,44.8701
90.7267,45.2566
90.7267,45.2566
90.7267,45.2566
81.8872,46.1378
81.8872,46.1378
81.8872,46.1378
90.8964,44.4331
90.8964,44.4331
90.8964,44.4331
86.246,46.0032
86.246,46.0032
86.246,46.0032
95.4354,46.7944
95.4354,46.7944
95.4354,46.7944
89.757,45.9431
89.757,45.9431
89.757,45.9431
83.7601,45.1328
83.7601,45.1328
83.7601,45.1328
92.5039,45.2298
92.5039,45.2298
92.5039,45.2298
90.9423,45.5383
90.9423,45.5383
90.9423,45.5383
86.5274,45.4326
86.5274,45.4326
86.5274,45.4326
85.3701,46.0023
85.3701,46.0023
85.3701,46.0023
88.9426,45.5732
88.9426,45.5732
88.9426,45.5732
87.2392,44.9571
87.2392,44.9571
87.2392,44.9571
84.4313,45.5589
84.4313,45.5589
84.4313,45.5589
88.3543,45.5162
88.3543,45.5162
88.3543,45.5162
86.8195,45.3721
86.8195,45.3721
86.8195,45.3721
84.3234,45.6046
84.3234,45.6046
84.3234,45.6046
80.5021,46.0014
80.5021,46.0014
80.5021,46.0014
89.6191,45.7114
89.6191,45.7114
89.6191,45.7114
87.7918,45.5694
87.7918,45.5694
87.7918,45.5694
81.7104,44.4411
81.7104,44.4411
81.7104,44.4411
89.2377,45.5037
89.2377,45.5037
89.2377,45.5037
98.9077,46.1341
98.9077,46.1341
98.9077,46.1341
84.8273,45.8501
84.8273,45.8501
84.8273,45.8501
83.9483,46.3107
83.9483,46.3107
83.9483,46.3107
88.1802,45.6415
88.1802,45.6415
88.1802,45.6415
96.826,46.0853
96.826,46.0853
96.826,46.0853
92.1765,47.1825
92.1765,47.1825
92.1765,47.1825
80.0754,45.855
80.0754,45.855
80.0754,45.855
84.1528,43.6173
84.1528,43.6173
84.1528,43.6173
83.3956,45.289
83.3956,45.289
83.3956,45.289
86.3982,44.9141
86.3982,44.9141
86.3982,44.9141
84.4333,45.4837
84.4333,45.4837
84.4333,45.4837
85.4125,45.9333
85.4125,45.9333
85.4125,45.9333
87.0052,45.9502
87.0052,45.9502
87.0052,45.9502
85.0865,45.2819
85.0865,45.2819
85.0865,45.2819
86.5222,45.7777
86.5222,45.7777
86.5222,45.7777
91.0383,45.7278
91.0383,45.7278
91.0383,45.7278
89.912,45.9957
89.912,45.9957
89.912,45.9957
89.3036,46.0401
89.3036,46.0401
89.3036,46.0401
93.9821,46.1607
93.9821,46.1607
93.9821,46.1607
86.7811,44.711
86.7811,44.711
86.7811,44.711
88.6082,45.3593
88.6082,45.3593
88.6082,45.3593
98.7191,45.7851
98.7191,45.7851
98.7191,45.7851
85.9918,45.729
85.9918,45.729
85.9918,45.729
81.5844,45.7981
81.5844,45.7981
81.5844,45.7981
82.5346,46.4839
82.5346,46.4839
82.5346,46.4839
82.5195,43.9624
82.5195,43.9624
82.5195,43.9624
82.6137,45.4503
82.6137,45.4503
82.6137,45.4503
85.0505,44.3795
85.0505,44.3795
85.0505,44.3795
84.7532,45.8409
84.7532,45.8409
84.7532,45.8409
84.2223,45.9011
84.2223,45.9011
84.2223,45.9011
84.8637,44.9801
84.8637,44.9801
84.8637,44.9801
86.3093,45.3563
86.3093,45.3563
86.3093,45.3563
82.2803,46.1502
82.2803,46.1502
82.2803,46.1502
91.08,45.6315
91.08,45.6315
91.08,45.6315
83.0036,44.1946
83.0036,44.1946
83.0036,44.1946
97.112,44.9017
97.112,44.9017
97.112,44.9017
87.378,45.6914
87.378,45.6914
87.378,45.6914
85.8596,44.6281
85.8596,44.6281
85.8596,44.6281
85.5249,45.9666
85.5249,45.9666
85.5249,45.9666
85.5575,47.2312
85.5575,47.2312
85.5575,47.2312
88.0858,44.3378
88.0858,44.3378
88.0858,44.3378
83.5037,45.9275
83.5037,45.9275
83.5037,45.9275
85.0018,45.1811
85.0018,45.1811
85.0018,45.1811
89.0507,47.0297
89.0507,47.0297
89.0507,47.0297
87.3682,45.4886
87.3682,45.4886
87.3682,45.4886
93.5581,46.5465
93.5581,46.5465
93.5581,46.5465
86.7526,45.6669
86.7526,45.6669
86.7526,45.6669
86.8588,45.8757
86.8588,45.8757
86.8588,45.8757
89.2141,46.3641
89.2141,46.3641
89.2141,46.3641
84.8208,46.2545
84.8208,46.2545
84.8208,46.2545
83.767,46.7846
83.767,46.7846
83.767,46.7846
87.3265,44.465
87.3265,44.465
87.3265,44.465
90.482,44.7047
90.482,44.7047
90.482,44.7047
83.998,45.4398
83.998,45.4398
83.998,45.4398
82.773,45.7001
82.773,45.7001
82.773,45.7001
94.3705,46.2069
94.3705,46.2069
94.3705,46.2069
90.9783,45.8501
90.9783,45.8501
90.9783,45.8501
85.9643,44.5203
85.9643,44.5203
85.9643,44.5203
78.2682,44.8569
78.2682,44.8569
78.2682,44.8569
86.9763,46.3006
86.9763,46.3006
86.9763,46.3006
78.7419,44.2446
78.7419,44.2446
78.7419,44.2446
79.607,45.444
79.607,45.444
79.607,45.444
91.9954,46.5789
91.9954,46.5789
91.9954,46.5789
94.8775,45.1597
94.8775,45.1597
94.8775,45.1597
82.9068,45.7236
82.9068,45.7236
82.9068,45.7236
91.9869,46.5432
91.9869,46.5432
91.9869,46.5432
85.6944,45.6696
85.6944,45.6696
85.6944,45.6696
87.2403,46.143
87.2403,46.143
87.2403,46.143
89.2245,44.5043
89.2245,44.5043
89.2245,44.5043
86.8025,46.6595
86.8025,46.6595
86.8025,46.6595
95.1826,45.4794
95.1826,45.4794
95.1826,45.4794
81.4754,45.0926
81.4754,45.0926
81.4754,45.0926
81.1397,46.7224
81.1397,46.7224
81.1397,46.7224
95.4339,44.8144
95.4339,44.8144
95.4339,44.8144
76.9447,45.3117
76.9447,45.3117
76.9447,45.3117
80.7683,46.7441
80.7683,46.7441
80.7683,46.7441
91.2041,45.6162
91.2041,45.6162
91.2041,45.6162
96.6109,45.1145
96.6109,45.1145
96.6109,45.1145
80.3788,45.883
80.3788,45.883
80.3788,45.883
91.8441,44.4684
91.8441,44.4684
91.8441,44.4684
91.9664,45.4067
91.9664,45.4067
91.9664,45.4067
83.2972,45.2728
83.2972,45.2728
83.2972,45.2728
84.3185,46.8698
84.3185,46.8698
84.3185,46.8698
87.5954,45.7412
87.5954,45.7412
87.5954,45.7412
91.2138,46.937
91.2138,46.937
91.2138,46.937
85.3257,46.6833
85.3257,46.6833
85.3257,46.6833
90.1444,45.4544
90.1444,45.4544
90.1444,45.4544
87.6614,46.247
87.6614,46.247
87.6614,46.247
78.9606,44.6729
78.9606,44.6729
78.9606,44.6729
87.2405,45.4745
87.2405,45.4745
87.2405,45.4745
89.3677,46.6149
89.3677,46.6149
89.3677,46.6149
85.1295,46.6483
85.1295,46.6483
85.1295,46.6483
93.402,46.2027
93.402,46.2027
93.402,46.2027
88.1301,46.6675
88.1301,46.6675
88.1301,46.6675
98.6092,45.002
98.6092,45.002
98.6092,45.002
92.979,46.774
92.979,46.774
92.979,46.774
87.5687,46.064
87.5687,46.064
87.5687,46.064
87.3917,46.2644
87.3917,46.2644
87.3917,46.2644
88.2193,45.8244
88.2193,45.8244
88.2193,45.8244
89.8985,45.6923
89.8985,45.6923
89.8985,45.6923
83.9121,45.8199
83.9121,45.8199
83.9121,45.8199
86.7616,45.9304
86.7616,45.9304
86.7616,45.9304
95.3484,46.0781
95.3484,46.0781
95.3484,46.0781
93.6273,45.08
93.6273,45.08
93.6273,45.08
90.558,46.2183
90.558,46.2183
90.558,46.2183
85.1098,44.1197
85.1098,44.1197
85.1098,44.1197
93.4918,46.056
93.4918,46.056
93.4918,46.056
85.0914,45.4425
85.0914,45.4425
85.0914,45.4425
92.317,45.2072
92.317,45.2072
92.317,45.2072
87.4875,47.4097
87.4875,47.4097
87.4875,47.4097
85.1212,45.5464
85.1212,45.5464
85.1212,45.5464
86.6373,46.4111
86.6373,46.4111
86.6373,46.4111
89.2591,45.7291
89.2591,45.7291
89.2591,45.7291
84.4239,46.6161
84.4239,46.6161
84.4239,46.6161
88.0051,45.9235
88.0051,45.9235
88.0051,45.9235
86.7786,45.3282
86.7786,45.3282
86.7786,45.3282
93.1709,45.1226
93.1709,45.1226
93.1709,45.1226
76.5934,44.9011
76.5934,44.9011
76.5934,44.9011
74.4755,45.5079
74.4755,45.5079
74.4755,45.5079
84.3254,45.263
84.3254,45.263
84.3254,45.263
96.0292,45.8709
96.0292,45.8709
96.0292,45.8709
90.4539,45.747
90.4539,45.747
90.4539,45.747
86.2652,44.4829
86.2652,44.4829
86.2652,44.4829
81.9143,45.8019
81.9143,45.8019
81.9143,45.8019
75.9927,45.8787
75.9927,45.8787
75.9927,45.8787
86.8402,45.8277
86.8402,45.8277
86.8402,45.8277
85.033,45.7355
85.033,45.7355
85.033,45.7355
93.1627,45.2839
93.1627,45.2839
93.1627,45.2839
88.8107,45.6009
88.8107,45.6009
88.8107,45.6009
83.6522,45.4535
83.6522,45.4535
83.6522,45.4535
83.6796,46.6544
83.6796,46.6544
83.6796,46.6544
100.8967,45.8504
100.8967,45.8504
100.8967,45.8504
90.4518,45.4166
90.4518,45.4166
90.4518,45.4166
80.7285,45.0039
80.7285,45.0039
80.7285,45.0039
82.8208,45.4359
82.8208,45.4359
82.8208,45.4359
83.3652,45.4651
83.3652,45.4651
83.3652,45.4651
84.8464,46.2853
84.8464,46.2853
84.8464,46.2853
86.0919,46.2519
86.0919,46.2519
86.0919,46.2519
83.0918,45.2097
83.0918,45.2097
83.0918,45.2097
84.5484,44.835
84.5484,44.835
84.5484,44.835
91.6046,44.7484
91.6046,44.7484
91.6046,44.7484
85.216,45.4065
85.216,45.4065
85.216,45.4065
90.6577,46.2589
90.6577,46.2589
90.6577,46.2589
89.7757,46.968
89.7757,46.968
89.7757,46.968
80.9838,45.3369
80.9838,45.3369
80.9838,45.3369
85.6197,45.2629
85.6197,45.2629
85.6197,45.2629
84.3234,45.8155
84.3234,45.8155
84.3234,45.8155
89.6581,45.4286
89.6581,45.4286
89.6581,45.4286
93.2448,45.6978
93.2448,45.6978
93.2448,45.6978
89.2502,45.3116
89.2502,45.3116
89.2502,45.3116
79.1928,44.219
79.1928,44.219
79.1928,44.219
84.9974,45.2582
84.9974,45.2582
84.9974,45.2582
91.1981,45.769
91.1981,45.769
91.1981,45.769
84.9165,45.3548
84.9165,45.3548
84.9165,45.3548
87.5618,46.3538
87.5618,46.3538
87.5618,46.3538
85.0838,46.7787
85.0838,46.7787
85.0838,46.7787
90.8368,45.416
90.8368,45.416
90.8368,45.416
87.2324,46.8821
87.2324,46.8821
87.2324,46.8821
90.8311,45.5384
90.8311,45.5384
90.8311,45.5384
92.4161,46.0406
92.4161,46.0406
92.4161,46.0406
84.4617,45.662
84.4617,45.662
84.4617,45.662
81.1408,46.5181
81.1408,46.5181
81.1408,46.5181
90.7737,44.4402
90.7737,44.4402
90.7737,44.4402
81.5088,44.5536
81.5088,44.5536
81.5088,44.5536
88.1001,44.8623
88.1001,44.8623
88.1001,44.8623
83.2564,44.6191
83.2564,44.6191
83.2564,44.6191
92.9081,44.9528
92.9081,44.9528
92.9081,44.9528
89.2728,44.7763
89.2728,44.7763
89.2728,44.7763
85.9155,45.3534
85.9155,45.3534
85.9155,45.3534
91.3512,45.9333
91.3512,45.9333
91.3512,45.9333
82.4398,46.3327
82.4398,46.3327
82.4398,46.3327
84.3844,45.5028
84.3844,45.5028
84.3844,45.5028
79.7718,46.0956
79.7718,46.0956
79.7718,46.0956
77.0247,44.6037
77.0247,44.6037
77.0247,44.6037
86.3069,45.6398
86.3069,45.6398
86.3069,45.6398
86.5256,45.9652
86.5256,45.9652
86.5256,45.9652
86.6534,45.968
86.6534,45.968
86.6534,45.968
92.3954,45.772
92.3954,45.772
92.3954,45.772
88.546,46.1224
88.546,46.1224
88.546,46.1224
95.6281,45.3118
95.6281,45.3118
95.6281,45.3118
92.6667,45.2545
92.6667,45.2545
92.6667,45.2545
95.3192,46.8697
95.3192,46.8697
95.3192,46.8697
82.7736,45.849
82.7736,45.849
82.7736,45.849
87.0858,46.2497
87.0858,46.2497
87.0858,46.2497
88.7845,45.464
88.7845,45.464
88.7845,45.464
82.4283,45.2749
82.4283,45.2749
82.4283,45.2749
87.781,45.1237
87.781,45.1237
87.781,45.1237
90.3824,46.032
90.3824,46.032
90.3824,46.032
86.7572,45.1842
86.7572,45.1842
86.7572,45.1842
87.9219,45.7473
87.9219,45.7473
87.9219,45.7473
91.0536,45.3545
91.0536,45.3545
91.0536,45.3545
89.5838,44.256
89.5838,44.256
89.5838,44.256
90.6843,44.4062
90.6843,44.4062
90.6843,44.4062
95.053,45.952
95.053,45.952
95.053,45.952
87.4956,45.4417
87.4956,45.4417
87.4956,45.4417
85.3312,46.0063
85.3312,46.0063
85.3312,46.0063
90.9849,45.1673
90.9849,45.1673
90.9849,45.1673
84.5355,45.254
84.5355,45.254
84.5355,45.254
81.5365,46.0926
81.5365,46.0926
81.5365,46.0926
90.2747,44.6642
90.2747,44.6642
90.2747,44.6642
85.6813,44.9747
85.6813,44.9747
85.6813,44.9747
88.0647,45.0306
88.0647,45.0306
88.0647,45.0306
86.2333,46.4358
86.2333,46.4358
86.2333,46.4358
86.3384,45.4419
86.3384,45.4419
86.3384,45.4419
92.2611,45.4963
92.2611,45.4963
92.2611,45.4963
88.9832,45.5929
88.9832,45.5929
88.9832,45.5929
89.5804,46.7807
89.5804,46.7807
89.5804,46.7807
85.0541,46.0062
85.0541,46.0062
85.0541,46.0062
86.5279,45.9146
86.5279,45.9146
86.5279,45.9146
87.0017,46.9633
87.0017,46.9633
87.0017,46.9633
82.0805,44.7677
82.0805,44.7677
82.0805,44.7677
79.5749,45.4783
79.5749,45.4783
79.5749,45.4783
91.2407,44.6253
91.2407,44.6253
91.2407,44.6253
92.7669,44.8482
92.7669,44.8482
92.7669,44.8482
88.3896,46.0452
88.3896,46.0452
88.3896,46.0452
77.5599,45.2152
77.5599,45.2152
77.5599,45.2152
91.2764,45.9658
91.2764,45.9658
91.2764,45.9658
83.941,46.3513
83.941,46.3513
83.941,46.3513
91.6357,45.51
91.6357,45.51
91.6357,45.51
83.6313,45.5755
83.6313,45.5755
83.6313,45.5755
90.3298,45.6541
90.3298,45.6541
90.3298,45.6541
102.8016,45.2362
102.8016,45.2362
102.8016,45.2362
80.8443,46.4991
80.8443,46.4991
80.8443,46.4991
79.7702,46.5729
79.7702,46.5729
79.7702,46.5729
87.7582,44.6056
87.7582,44.6056
87.7582,44.6056
88.7373,46.1312
88.7373,46.1312
88.7373,46.1312
85.9441,45.693
85.9441,45.693
85.9441,45.693
88.6084,46.4854
88.6084,46.4854
88.6084,46.4854
89.5891,45.0802
89.5891,45.0802
89.5891,45.0802
83.5183,45.4962
83.5183,45.4962
83.5183,45.4962
85.7747,46.3076
85.7747,46.3076
85.7747,46.3076
86.7436,46.6134
86.7436,46.6134
86.7436,46.6134
91.6508,45.8222
91.6508,45.8222
91.6508,45.8222
81.5541,46.2297
81.5541,46.2297
81.5541,46.2297
90.7122,46.1109
90.7122,46.1109
90.7122,46.1109
89.2495,45.2053
89.2495,45.2053
89.2495,45.2053
81.8826,45.8837
81.8826,45.8837
81.8826,45.8837
89.5912,45.0927
89.5912,45.0927
89.5912,45.0927
83.2386,45.4882
83.2386,45.4882
83.2386,45.4882
81.1483,46.5756
81.1483,46.5756
81.1483,46.5756
87.2501,45.2972
87.2501,45.2972
87.2501,45.2972
87.8089,45.2444
87.8089,45.2444
87.8089,45.2444
90.2578,44.686
90.2578,44.686
90.2578,44.686
81.4377,45.6502
81.4377,45.6502
81.4377,45.6502
86.8553,45.587
86.8553,45.587
86.8553,45.587
80.5859,45.3816
80.5859,45.3816
80.5859,45.3816
87.1261,45.0612
87.1261,45.0612
87.1261,45.0612
86.0151,45.2379
86.0151,45.2379
86.0151,45.2379
90.9144,44.7403
90.9144,44.7403
90.9144,44.7403
90.8749,44.7866
90.8749,44.7866
90.8749,44.7866
87.9872,45.8499
87.9872,45.8499
87.9872,45.8499
90.0534,45.82
90.0534,45.82
90.0534,45.82
93.8158,44.637
93.8158,44.637
93.8158,44.637
89.8266,46.2029
89.8266,46.2029
89.8266,46.2029
90.2107,45.3487
90.2107,45.3487
90.2107,45.3487
91.5484,45.5325
91.5484,45.5325
91.5484,45.5325
76.8831,45.5421
76.8831,45.5421
76.8831,45.5421
97.9175,44.667
97.9175,44.667
97.9175,44.667
81.3436,45.2554
81.3436,45.2554
81.3436,45.2554
78.7782,46.2599
78.7782,46.2599
78.7782,46.2599
85.2486,44.9626
85.2486,44.9626
85.2486,44.9626
83.0244,46.2821
83.0244,46.2821
83.0244,46.2821
84.9847,44.8546
84.9847,44.8546
84.9847,44.8546
84.7586,45.5256
84.7586,45.5256
84.7586,45.5256
90.6969,44.3922
90.6969,44.3922
90.6969,44.3922
80.9776,45.972
80.9776,45.972
80.9776,45.972
91.9799,44.9435
91.9799,44.9435
91.9799,44.9435
85.8578,45.6612
85.8578,45.6612
85.8578,45.6612
91.5873,45.5013
91.5873,45.5013
91.5873,45.5013
82.787,46.2011
82.787,46.2011
82.787,46.2011
81.2004,45.2299
81.2004,45.2299
81.2004,45.2299
82.938,45.9678
82.938,45.9678
82.938,45.9678
85.7214,46.0588
85.7214,46.0588
85.7214,46.0588
88.9905,46.748
88.9905,46.748
88.9905,46.748
75.9713,45.1781
75.9713,45.1781
75.9713,45.1781
93.7043,45.3602
93.7043,45.3602
93.7043,45.3602
96.4627,46.282
96.4627,46.282
96.4627,46.282
84.3226,45.5294
84.3226,45.5294
84.3226,45.5294
92.71,46.0565
92.71,46.0565
92.71,46.0565
92.8936,46.3848
92.8936,46.3848
92.8936,46.3848
95.4486,46.4845
95.4486,46.4845
95.4486,46.4845
81.7118,45.9274
81.7118,45.9274
81.7118,45.9274
90.7612,45.1586
90.7612,45.1586
90.7612,45.1586
92.7729,45.7991
92.7729,45.7991
92.7729,45.7991
83.8878,46.763
83.8878,46.763
83.8878,46.763
83.6618,45.9973
83.6618,45.9973
83.6618,45.9973
75.6592,45.8742
75.6592,45.8742
75.6592,45.8742
82.4002,46.4215
82.4002,46.4215
82.4002,46.4215
76.0111,46.4248
76.0111,46.4248
76.0111,46.4248
91.3133,45.6893
91.3133,45.6893
91.3133,45.6893
89.098,45.6988
89.098,45.6988
89.098,45.6988
90.1401,45.9697
90.1401,45.9697
90.1401,45.9697
84.974,46.6648
84.974,46.6648
84.974,46.6648
89.3238,45.6533
89.3238,45.6533
89.3238,45.6533
89.1707,45.039
89.1707,45.039
89.1707,45.039
89.9821,45.7715
89.9821,45.7715
89.9821,45.7715
92.2194,46.6556
92.2194,46.6556
92.2194,46.6556
86.6713,46.6482
86.6713,46.6482
86.6713,46.6482
85.3484,44.5602
85.3484,44.5602
85.3484,44.5602
87.9912,45.9907
87.9912,45.9907
87.9912,45.9907
84.2108,44.6494
84.2108,44.6494
84.2108,44.6494
91.5722,45.6777
91.5722,45.6777
91.5722,45.6777
82.9883,44.2466
82.9883,44.2466
82.9883,44.2466
84.6224,45.7734
84.6224,45.7734
84.6224,45.7734
93.8678,45.2616
93.8678,45.2616
93.8678,45.2616
86.7799,45.8454
86.7799,45.8454
86.7799,45.8454
86.8202,45.482
86.8202,45.482
86.8202,45.482
94.8662,44.6589
94.8662,44.6589
94.8662,44.6589
84.3756,45.0664
84.3756,45.0664
84.3756,45.0664
86.1249,45.7619
86.1249,45.7619
86.1249,45.7619
89.7629,45.6587
89.7629,45.6587
89.7629,45.6587
84.7378,45.6751
84.7378,45.6751
84.7378,45.6751
90.3747,46.0462
90.3747,46.0462
90.3747,46.0462
80.0347,46.2761
80.0347,46.2761
80.0347,46.2761
82.0001,46.9702
82.0001,46.9702
82.0001,46.9702
92.3746,45.7922
92.3746,45.7922
92.3746,45.7922
84.2408,45.2533
84.2408,45.2533
84.2408,45.2533
86.5345,45.0754
86.5345,45.0754
86.5345,45.0754
88.613,45.3906
88.613,45.3906
88.613,45.3906
90.3209,45.5285
90.3209,45.5285
90.3209,45.5285
90.4632,46.793
90.4632,46.793
90.4632,46.793
89.2683,44.1679
89.2683,44.1679
89.2683,44.1679
86.5378,45.5714
86.5378,45.5714
86.5378,45.5714
86.5975,45.416
86.5975,45.416
86.5975,45.416
84.4433,45.8537
84.4433,45.8537
84.4433,45.8537
81.8526,45.5813
81.8526,45.5813
81.8526,45.5813
90.29,46.2554
90.29,46.2554
90.29,46.2554
82.8505,45.8227
82.8505,45.8227
82.8505,45.8227
85.0462,45.9493
85.0462,45.9493
85.0462,45.9493
89.6185,46.229
89.6185,46.229
89.6185,46.229
87.5807,45.5085
87.5807,45.5085
87.5807,45.5085
84.6172,45.8471
84.6172,45.8471
84.6172,45.8471
100.4989,44.7382
100.4989,44.7382
100.4989,44.7382
84.3719,45.3125
84.3719,45.3125
84.3719,45.3125
85.8167,46.0576
85.8167,46.0576
85.8167,46.0576
85.9793,47.1188
85.9793,47.1188
85.9793,47.1188
90.9754,47.1552
90.9754,47.1552
90.9754,47.1552
93.692,46.1781
93.692,46.1781
93.692,46.1781
81.8,46.3536
81.8,46.3536
81.8,46.3536
83.695,45.5365
83.695,45.5365
83.695,45.5365
88.4014,45.1639
88.4014,45.1639
88.4014,45.1639
81.2889,46.0502
81.2889,46.0502
81.2889,46.0502
77.7884,45.1695
77.7884,45.1695
77.7884,45.1695
93.635,45.6162
93.635,45.6162
93.635,45.6162
86.3266,46.0709
86.3266,46.0709
86.3266,46.0709
79.4678,44.195
79.4678,44.195
79.4678,44.195
80.9375,46.6793
80.9375,46.6793
80.9375,46.6793
87.2555,45.2962
87.2555,45.2962
87.2555,45.2962
87.1746,44.4988
87.1746,44.4988
87.1746,44.4988
98.7198,46.4263
98.7198,46.4263
98.7198,46.4263
84.6007,45.445
84.6007,45.445
84.6007,45.445
91.4392,46.4047
91.4392,46.4047
91.4392,46.4047
85.8134,45.6006
85.8134,45.6006
85.8134,45.6006
85.0965,45.2547
85.0965,45.2547
85.0965,45.2547
85.0392,46.001
85.0392,46.001
85.0392,46.001
84.8178,45.3648
84.8178,45.3648
84.8178,45.3648
87.4328,45.3244
87.4328,45.3244
87.4328,45.3244
93.2531,45.3739
93.2531,45.3739
93.2531,45.3739
85.1893,44.7681
85.1893,44.7681
85.1893,44.7681
77.9623,45.5168
77.9623,45.5168
77.9623,45.5168
86.0879,45.7818
86.0879,45.7818
86.0879,45.7818
81.3661,45.5246
81.3661,45.5246
81.3661,45.5246
92.4508,45.9949
92.4508,45.9949
92.4508,45.9949
84.6496,45.135
84.6496,45.135
84.6496,45.135
79.0415,46.4075
79.0415,46.4075
79.0415,46.4075
84.2257,45.6587
84.2257,45.6587
84.2257,45.6587
91.1132,45.0583
91.1132,45.0583
91.1132,45.0583
95.3869,46.0657
95.3869,46.0657
95.3869,46.0657
96.8204,46.2114
96.8204,46.2114
96.8204,46.2114
87.1897,46.2341
87.1897,46.2341
87.1897,46.2341
88.8763,45.2897
88.8763,45.2897
88.8763,45.2897
84.0422,45.5542
84.0422,45.5542
84.0422,45.5542
92.0502,46.5086
92.0502,46.5086
92.0502,46.5086
96.7577,45.6678
96.7577,45.6678
96.7577,45.6678
88.6007,46.1536
88.6007,46.1536
88.6007,46.1536
87.9422,46.1284
87.9422,46.1284
87.9422,46.1284
87.362,45.9821
87.362,45.9821
87.362,45.9821
79.4275,46.2487
79.4275,46.2487
79.4275,46.2487
90.575,45.5041
90.575,45.5041
90.575,45.5041
88.2462,45.1586
88.2462,45.1586
88.2462,45.1586
80.7514,44.6921
80.7514,44.6921
80.7514,44.6921
92.5121,45.7321
92.5121,45.7321
92.5121,45.7321
85.5042,45.0204
85.5042,45.0204
85.5042,45.0204
92.1984,46.4882
92.1984,46.4882
92.1984,46.4882
87.59,46.3316
87.59,46.3316
87.59,46.3316
89.0448,46.2701
89.0448,46.2701
89.0448,46.2701
79.18,46.1637
79.18,46.1637
79.18,46.1637
86.6217,45.4333
86.6217,45.4333
86.6217,45.4333
90.4265,45.3249
90.4265,45.3249
90.4265,45.3249
83.3299,45.6196
83.3299,45.6196
83.3299,45.6196
90.5386,46.7004
90.5386,46.7004
90.5386,46.7004
84.7731,45.0112
84.7731,45.0112
84.7731,45.0112
90.7241,45.1125
90.7241,45.1125
90.7241,45.1125
89.3298,45.468
89.3298,45.468
89.3298,45.468
90.5867,45.0505
90.5867,45.0505
90.5867,45.0505
83.6669,44.5624
83.6669,44.5624
83.6669,44.5624
87.4381,44.7167
87.4381,44.7167
87.4381,44.7167
88.5087,45.3446
88.5087,45.3446
88.5087,45.3446
84.5829,45.5931
84.5829,45.5931
84.5829,45.5931
85.4587,45.908
85.4587,45.908
85.4587,45.908
78.279,45.5476
78.279,45.5476
78.279,45.5476
99.1022,46.4742
99.1022,46.4742
99.1022,46.4742
82.8662,45.3995
82.8662,45.3995
82.8662,45.3995
93.4376,44.9675
93.4376,44.9675
93.4376,44.9675
82.6882,44.8414
82.6882,44.8414
82.6882,44.8414
88.9594,45.6442
88.9594,45.6442
88.9594,45.6442
83.4251,44.6515
83.4251,44.6515
83.4251,44.6515
93.4005,44.6331
93.4005,44.6331
93.4005,44.6331
87.6763,45.7135
87.6763,45.7135
87.6763,45.7135
84.2801,45.1222
84.2801,45.1222
84.2801,45.1222
78.3387,45.6546
78.3387,45.6546
78.3387,45.6546
80.3491,45.2846
80.3491,45.2846
80.3491,45.2846
94.078,46.2164
94.078,46.2164
94.078,46.2164
81.6211,46.2021
81.6211,46.2021
81.6211,46.2021
93.2397,46.3859
93.2397,46.3859
93.2397,46.3859
84.7266,45.518
84.7266,45.518
84.7266,45.518
82.582,44.9011
82.582,44.9011
82.582,44.9011
92.9834,46.1083
92.9834,46.1083
92.9834,46.1083
88.6277,45.4187
88.6277,45.4187
88.6277,45.4187
90.434,44.3531
90.434,44.3531
90.434,44.3531
92.3065,46.6439
92.3065,46.6439
92.3065,46.6439
85.5524,47.2892
85.5524,47.2892
85.5524,47.2892
92.3967,46.1618
92.3967,46.1618
92.3967,46.1618
85.0163,45.8556
85.0163,45.8556
85.0163,45.8556
87.3675,45.1629
87.3675,45.1629
87.3675,45.1629
87.1913,45.3092
87.1913,45.3092
87.1913,45.3092
75.8185,46.381
75.8185,46.381
75.8185,46.381
82.881,45.5242
82.881,45.5242
82.881,45.5242
86.3159,46.0184
86.3159,46.0184
86.3159,46.0184
87.1684,45.048
87.1684,45.048
87.1684,45.048
94.7267,45.0317
94.7267,45.0317
94.7267,45.0317
82.5898,46.0102
82.5898,46.0102
82.5898,46.0102
88.7997,44.93
88.7997,44.93
88.7997,44.93
88.4495,46.1169
88.4495,46.1169
88.4495,46.1169
95.0037,46.0535
95.0037,46.0535
95.0037,46.0535
93.112,45.5672
93.112,45.5672
93.112,45.5672
91.774,45.9236
91.774,45.9236
91.774,45.9236
82.0509,45.5341
82.0509,45.5341
82.0509,45.5341
84.6068,45.3831
84.6068,45.3831
84.6068,45.3831
96.9008,46.2255
96.9008,46.2255
96.9008,46.2255
86.802,44.6924
86.802,44.6924
86.802,44.6924
86.0142,45.2347
86.0142,45.2347
86.0142,45.2347
91.3713,46.1664
91.3713,46.1664
91.3713,46.1664
81.0838,45.8557
81.0838,45.8557
81.0838,45.8557
89.1737,46.0066
89.1737,46.0066
89.1737,46.0066
98.7856,45.3987
98.7856,45.3987
98.7856,45.3987
88.1807,46.024
88.1807,46.024
88.1807,46.024
95.524,45.6391
95.524,45.6391
95.524,45.6391
89.8968,47.1969
89.8968,47.1969
89.8968,47.1969
81.0019,44.8203
81.0019,44.8203
81.0019,44.8203
96.0664,45.9309
96.0664,45.9309
96.0664,45.9309
93.177,45.362
93.177,45.362
93.177,45.362
79.8764,45.9926
79.8764,45.9926
79.8764,45.9926
88.8637,46.2793
88.8637,46.2793
88.8637,46.2793
85.6912,45.8085
85.6912,45.8085
85.6912,45.8085
87.5132,45.9354
87.5132,45.9354
87.5132,45.9354
85.7676,46.0073
85.7676,46.0073
85.7676,46.0073
87.5031,44.4963
87.5031,44.4963
87.5031,44.4963
81.7415,45.4448
81.7415,45.4448
81.7415,45.4448
87.074,44.2748
87.074,44.2748
87.074,44.2748
90.3751,46.1712
90.3751,46.1712
90.3751,46.1712
90.0797,46.2594
90.0797,46.2594
90.0797,46.2594
103.8183,45.9032
103.8183,45.9032
103.8183,45.9032
85.8186,45.8687
85.8186,45.8687
85.8186,45.8687
85.5472,45.6482
85.5472,45.6482
85.5472,45.6482
88.2752,46.1525
88.2752,46.1525
88.2752,46.1525
84.7622,46.3251
84.7622,46.3251
84.7622,46.3251
83.3238,46.0168
83.3238,46.0168
83.3238,46.0168
85.9261,44.7727
85.9261,44.7727
85.9261,44.7727
87.057,45.3899
87.057,45.3899
87.057,45.3899
82.9747,44.7494
82.9747,44.7494
82.9747,44.7494
83.4651,44.817
83.4651,44.817
83.4651,44.817
90.4118,45.7853
90.4118,45.7853
90.4118,45.7853
92.2467,44.9932
92.2467,44.9932
92.2467,44.9932
85.7252,45.6398
85.7252,45.6398
85.7252,45.6398
85.8935,46.0911
85.8935,46.0911
85.8935,46.0911
88.04,45.9983
88.04,45.9983
88.04,45.9983
85.0372,44.6105
85.0372,44.6105
85.0372,44.6105
92.7564,46.2796
92.7564,46.2796
92.7564,46.2796
84.8518,44.7855
84.8518,44.7855
84.8518,44.7855
85.5337,45.8643
85.5337,45.8643
85.5337,45.8643
81.2991,46.0104
81.2991,46.0104
81.2991,46.0104
82.6715,45.0313
82.6715,45.0313
82.6715,45.0313
79.4664,45.2457
79.4664,45.2457
79.4664,45.2457
85.9141,46.3519
85.9141,46.3519
85.9141,46.3519
89.0077,45.8554
89.0077,45.8554
89.0077,45.8554
91.2114,45.0743
91.2114,45.0743
91.2114,45.0743
89.7625,44.729
89.7625,44.729
89.7625,44.729
96.2784,45.15
96.2784,45.15
96.2784,45.15
80.0464,46.2757
80.0464,46.2757
80.0464,46.2757
91.1579,46.2567
91.1579,46.2567
91.1579,46.2567
84.3565,46.1189
84.3565,46.1189
84.3565,46.1189
78.5667,45.9109
78.5667,45.9109
78.5667,45.9109
90.6364,44.5703
90.6364,44.5703
90.6364,44.5703
85.9203,45.9581
85.9203,45.9581
85.9203,45.9581
76.7439,45.1309
76.7439,45.1309
76.7439,45.1309
90.0593,45.0873
90.0593,45.0873
90.0593,45.0873
81.7329,45.1547
81.7329,45.1547
81.7329,45.1547
86.2257,45.797
86.2257,45.797
86.2257,45.797
84.8759,46.7549
84.8759,46.7549
84.8759,46.7549
91.4695,46.2822
91.4695,46.2822
91.4695,46.2822
83.805,45.5657
83.805,45.5657
83.805,45.5657
88.137,45.8288
88.137,45.8288
88.137,45.8288
95.0226,45.8593
95.0226,45.8593
95.0226,45.8593
88.7071,44.4514
88.7071,44.4514
88.7071,44.4514
81.8742,46.7845
81.8742,46.7845
81.8742,46.7845
91.6509,44.4452
91.6509,44.4452
91.6509,44.4452
84.6545,45.1734
84.6545,45.1734
84.6545,45.1734
83.4523,45.6749
83.4523,45.6749
83.4523,45.6749
83.9921,45.0567
83.9921,45.0567
83.9921,45.0567
80.9995,45.8385
80.9995,45.8385
80.9995,45.8385
84.6133,45.1317
84.6133,45.1317
84.6133,45.1317
75.2578,46.0632
75.2578,46.0632
75.2578,46.0632
88.4973,45.6836
88.4973,45.6836
88.4973,45.6836
95.6084,46.0166
95.6084,46.0166
95.6084,46.0166
87.4432,46.0496
87.4432,46.0496
87.4432,46.0496
87.6604,47.5111
87.6604,47.5111
87.6604,47.5111
93.1808,45.739
93.1808,45.739
93.1808,45.739
92.1666,45.847
92.1666,45.847
92.1666,45.847
89.9994,45.8475
89.9994,45.8475
89.9994,45.8475
95.7726,45.3952
95.7726,45.3952
95.7726,45.3952
90.985,44.8826
90.985,44.8826
90.985,44.8826
86.2505,45.8516
86.2505,45.8516
86.2505,45.8516
86.3809,46.2063
86.3809,46.2063
86.3809,46.2063
86.1225,46.3009
86.1225,46.3009
86.1225,46.3009
76.7232,45.2105
76.7232,45.2105
76.7232,45.2105
86.7353,45.929
86.7353,45.929
86.7353,45.929
88.2216,44.3483
88.2216,44.3483
88.2216,44.3483
89.277,45.28
89.277,45.28
89.277,45.28
85.6055,46.1212
85.6055,46.1212
85.6055,46.1212
91.5625,44.9443
91.5625,44.9443
91.5625,44.9443
102.8953,46.2277
102.8953,46.2277
102.8953,46.2277
91.9846,46.1313
91.9846,46.1313
91.9846,46.1313
84.6354,45.6192
84.6354,45.6192
84.6354,45.6192
92.4345,46.3374
92.4345,46.3374
92.4345,46.3374
90.5303,46.4487
90.5303,46.4487
90.5303,46.4487
84.0461,46.2215
84.0461,46.2215
84.0461,46.2215
87.0615,45.7302
87.0615,45.7302
87.0615,45.7302
87.5824,45.588
87.5824,45.588
87.5824,45.588
88.1198,46.2551
88.1198,46.2551
88.1198,46.2551
85.6375,45.7628
85.6375,45.7628
85.6375,45.7628
80.1907,45.7658
80.1907,45.7658
80.1907,45.7658
83.239,45.5601
83.239,45.5601
83.239,45.5601
90.5945,44.9625
90.5945,44.9625
90.5945,44.9625
78.6146,46.8077
78.6146,46.8077
78.6146,46.8077
83.2927,46.4299
83.2927,46.4299
83.2927,46.4299
93.8183,46.1129
93.8183,46.1129
93.8183,46.1129
84.4317,46.0857
84.4317,46.0857
84.4317,46.0857
83.5695,45.0079
83.5695,45.0079
83.5695,45.0079
83.6205,44.5324
83.6205,44.5324
83.6205,44.5324
93.6644,45.6747
93.6644,45.6747
93.6644,45.6747
93.2668,45.6048
93.2668,45.6048
93.2668,45.6048
84.7096,46.0018
84.7096,46.0018
84.7096,46.0018
82.2901,45.3155
82.2901,45.3155
82.2901,45.3155
83.9983,45.1375
83.9983,45.1375
83.9983,45.1375
87.6699,44.7335
87.6699,44.7335
87.6699,44.7335
85.1946,46.497
85.1946,46.497
85.1946,46.497
77.9659,44.0854
77.9659,44.0854
77.9659,44.0854
80.8557,46.7164
80.8557,46.7164
80.8557,46.7164
77.7181,46.6582
77.7181,46.6582
77.7181,46.6582
96.7206,44.9549
96.7206,44.9549
96.7206,44.9549
77.6385,45.9482
77.6385,45.9482
77.6385,45.9482
92.8301,45.4485
92.8301,45.4485
92.8301,45.4485
85.7934,45.516
85.7934,45.516
85.7934,45.516
86.55,46.1761
86.55,46.1761
86.55,46.1761
82.3401,45.5417
82.3401,45.5417
82.3401,45.5417
88.7006,45.9598
88.7006,45.9598
88.7006,45.9598
91.5207,45.2244
91.5207,45.2244
91.5207,45.2244
90.0268,46.4062
90.0268,46.4062
90.0268,46.4062
88.8142,46.3086
88.8142,46.3086
88.8142,46.3086
82.1839,46.4406
82.1839,46.4406
82.1839,46.4406
88.6286,46.4539
88.6286,46.4539
88.6286,46.4539
83.474,44.8772
83.474,44.8772
83.474,44.8772
85.2425,45.1987
85.2425,45.1987
85.2425,45.1987
91.2428,46.9971
91.2428,46.9971
91.2428,46.9971
93.0622,45.0593
93.0622,45.0593
93.0622,45.0593
93.6319,45.548
93.6319,45.548
93.6319,45.548
80.0778,45.8733
80.0778,45.8733
80.0778,45.8733
93.1864,45.1322
93.1864,45.1322
93.1864,45.1322
97.1765,45.5606
97.1765,45.5606
97.1765,45.5606
85.2244,45.7701
85.2244,45.7701
85.2244,45.7701
91.3831,45.0445
91.3831,45.0445
91.3831,45.0445
89.7129,46.6965
89.7129,46.6965
89.7129,46.6965
81.1212,45.7997
81.1212,45.7997
81.1212,45.7997
86.5196,44.7094
86.5196,44.7094
86.5196,44.7094
88.0192,45.5335
88.0192,45.5335
88.0192,45.5335
90.4917,45.5894
90.4917,45.5894
90.4917,45.5894
85.208,45.1635
85.208,45.1635
85.208,45.1635
77.9896,46.5208
77.9896,46.5208
77.9896,46.5208
86.1287,45.4091
86.1287,45.4091
86.1287,45.4091
83.8909,46.21
83.8909,46.21
83.8909,46.21
82.5804,44.9973
82.5804,44.9973
82.5804,44.9973
78.722,44.6397
78.722,44.6397
78.722,44.6397
82.8569,46.0616
82.8569,46.0616
82.8569,46.0616
86.1677,46.1487
86.1677,46.1487
86.1677,46.1487
83.0341,45.6812
83.0341,45.6812
83.0341,45.6812
85.7425,46.2105
85.7425,46.2105
85.7425,46.2105
85.9843,45.7661
85.9843,45.7661
85.9843,45.7661
89.3138,45.4409
89.3138,45.4409
89.3138,45.4409
92.3022,45.4468
92.3022,45.4468
92.3022,45.4468
86.9746,45.0566
86.9746,45.0566
86.9746,45.0566
82.3877,46.0899
82.3877,46.0899
82.3877,46.0899
74.7437,45.0646
74.7437,45.0646
74.7437,45.0646
92.5163,44.9149
92.5163,44.9149
92.5163,44.9149
79.4517,44.3461
79.4517,44.3461
79.4517,44.3461
84.475,44.6527
84.475,44.6527
84.475,44.6527
84.6234,44.5939
84.6234,44.5939
84.6234,44.5939
79.2813,46.2164
79.2813,46.2164
79.2813,46.2164
85.239,45.8897
85.239,45.8897
85.239,45.8897
81.4436,45.6793
81.4436,45.6793
81.4436,45.6793
80.4183,46.4674
80.4183,46.4674
80.4183,46.4674
77.8339,45.2256
77.8339,45.2256
77.8339,45.2256
84.4514,45.5994
84.4514,45.5994
84.4514,45.5994
92.7249,44.8992
92.7249,44.8992
92.7249,44.8992
89.149,46.1152
89.149,46.1152
89.149,46.1152
85.9978,44.5094
85.9978,44.5094
85.9978,44.5094
89.8128,44.454
89.8128,44.454
89.8128,44.454
83.6833,46.42
83.6833,46.42
83.6833,46.42
96.3435,45.6225
96.3435,45.6225
96.3435,45.6225
81.8277,45.4733
81.8277,45.4733
81.8277,45.4733
91.3521,46.1195
91.3521,46.1195
91.3521,46.1195
90.9223,45.9326
90.9223,45.9326
90.9223,45.9326
78.7494,45.2558
78.7494,45.2558
78.7494,45.2558
82.9226,45.475
82.9226,45.475
82.9226,45.475
91.7223,47.0528
91.7223,47.0528
91.7223,47.0528
94.1696,45.9396
94.1696,45.9396
94.1696,45.9396
84.7394,46.4303
84.7394,46.4303
84.7394,46.4303
87.7326,45.9988
87.7326,45.9988
87.7326,45.9988
83.3983,45.8947
83.3983,45.8947
83.3983,45.8947
83.1303,45.3719
83.1303,45.3719
83.1303,45.3719
91.8042,45.5962
91.8042,45.5962
91.8042,45.5962
88.2048,45.0788
88.2048,45.0788
88.2048,45.0788
92.0702,46.4694
92.0702,46.4694
92.0702,46.4694
89.2361,44.3587
89.2361,44.3587
89.2361,44.3587
78.9478,44.8437
78.9478,44.8437
78.9478,44.8437
91.6617,44.7019
91.6617,44.7019
91.6617,44.7019
83.3751,46.4768
83.3751,46.4768
83.3751,46.4768
93.2438,44.5137
93.2438,44.5137
93.2438,44.5137
84.9303,45.8292
84.9303,45.8292
84.9303,45.8292
93.7176,44.999
93.7176,44.999
93.7176,44.999
86.0875,45.8725
86.0875,45.8725
86.0875,45.8725
89.9816,45.0913
89.9816,45.0913
89.9816,45.0913
91.0398,46.6589
91.0398,46.6589
91.0398,46.6589
80.5509,44.7331
80.5509,44.7331
80.5509,44.7331
75.8886,46.1256
75.8886,46.1256
75.8886,46.1256
85.0895,45.135
85.0895,45.135
85.0895,45.135
79.9917,45.6389
79.9917,45.6389
79.9917,45.6389
87.5235,46.1085
87.5235,46.1085
87.5235,46.1085
87.4704,45.6992
87.4704,45.6992
87.4704,45.6992
81.2041,45.6865
81.2041,45.6865
81.2041,45.6865
88.4401,45.0187
88.4401,45.0187
88.4401,45.0187
85.5772,45.5274
85.5772,45.5274
85.5772,45.5274
83.2212,46.9367
83.2212,46.9367
83.2212,46.9367
82.6241,46.1805
82.6241,46.1805
82.6241,46.1805
90.4128,45.7256
90.4128,45.7256
90.4128,45.7256
87.5867,45.9467
87.5867,45.9467
87.5867,45.9467
83.6888,46.7505
83.6888,46.7505
83.6888,46.7505
82.015,45.7144
82.015,45.7144
82.015,45.7144
82.5958,45.8428
82.5958,45.8428
82.5958,45.8428
86.7108,46.5358
86.7108,46.5358
86.7108,46.5358
83.1881,46.0289
83.1881,46.0289
83.1881,46.0289
91.4102,45.9253
91.4102,45.9253
91.4102,45.9253
79.9581,45.3665
79.9581,45.3665
79.9581,45.3665
83.417,45.762
83.417,45.762
83.417,45.762
83.4537,45.3811
83.4537,45.3811
83.4537,45.3811
88.6678,45.8033
88.6678,45.8033
88.6678,45.8033
88.9186,45.4005
88.9186,45.4005
88.9186,45.4005
88.4646,45.931
88.4646,45.931
88.4646,45.931
90.1493,44.8201
90.1493,44.8201
90.1493,44.8201
